d,sales,date,wm_yr_wk,wday,month,year,snap_CA,quarter,is_weekend,lag_1,lag_7,lag_28,rolling_mean_7,rolling_mean_28,rolling_std_7,weekday_Monday,weekday_Saturday,weekday_Sunday,weekday_Thursday,weekday_Tuesday,weekday_Wednesday,event_name_1_Christmas,event_name_1_Cinco De Mayo,event_name_1_ColumbusDay,event_name_1_Easter,event_name_1_Eid al-Fitr,event_name_1_EidAlAdha,event_name_1_Father's day,event_name_1_Halloween,event_name_1_IndependenceDay,event_name_1_LaborDay,event_name_1_LentStart,event_name_1_LentWeek2,event_name_1_MartinLutherKingDay,event_name_1_MemorialDay,event_name_1_Mother's day,event_name_1_NBAFinalsEnd,event_name_1_NBAFinalsStart,event_name_1_NewYear,event_name_1_None,event_name_1_OrthodoxChristmas,event_name_1_OrthodoxEaster,event_name_1_Pesach End,event_name_1_PresidentsDay,event_name_1_Purim End,event_name_1_Ramadan starts,event_name_1_StPatricksDay,event_name_1_SuperBowl,event_name_1_Thanksgiving,event_name_1_ValentinesDay,event_name_1_VeteransDay,event_type_1_National,event_type_1_None,event_type_1_Religious,event_type_1_Sporting,event_name_2_Easter,event_name_2_Father's day,event_name_2_None,event_name_2_OrthodoxEaster,event_type_2_None,event_type_2_Religious
d_29,0,2011-02-26,11105,1,2,2011,0,1,1,0.0,0.0,108.0,0.0,51.82142857142857,0.0,False,True,False,False,False,False,False,False,False,False,False,False,False,False,False,False,False,False,False,False,False,False,False,False,True,False,False,False,False,False,False,False,False,False,False,False,False,True,False,False,False,False,True,False,True,False
d_30,0,2011-02-27,11105,2,2,2011,0,1,1,0.0,0.0,132.0,0.0,47.964285714285715,0.0,False,False,True,False,False,False,False,False,False,False,False,False,False,False,False,False,False,False,False,False,False,False,False,False,True,False,False,False,False,False,False,False,False,False,False,False,False,True,False,False,False,False,True,False,True,False
d_31,0,2011-02-28,11105,3,2,2011,0,1,0,0.0,0.0,102.0,0.0,43.25,0.0,True,False,False,False,False,False,False,False,False,False,False,False,False,False,False,False,False,False,False,False,False,False,False,False,True,False,False,False,False,False,False,False,False,False,False,False,False,True,False,False,False,False,True,False,True,False
d_32,0,2011-03-01,11105,4,3,2011,1,1,0,0.0,0.0,120.0,0.0,39.607142857142854,0.0,False,False,False,False,True,False,False,False,False,False,False,False,False,False,False,False,False,False,False,False,False,False,False,False,True,False,False,False,False,False,False,False,False,False,False,False,False,True,False,False,False,False,True,False,True,False
d_33,0,2011-03-02,11105,5,3,2011,1,1,0,0.0,0.0,106.0,0.0,35.32142857142857,0.0,False,False,False,False,False,True,False,False,False,False,False,False,False,False,False,False,False,False,False,False,False,False,False,False,True,False,False,False,False,False,False,False,False,False,False,False,False,True,False,False,False,False,True,False,True,False
d_34,0,2011-03-03,11105,6,3,2011,1,1,0,0.0,0.0,123.0,0.0,31.535714285714285,0.0,False,False,False,True,False,False,False,False,False,False,False,False,False,False,False,False,False,False,False,False,False,False,False,False,True,False,False,False,False,False,False,False,False,False,False,False,False,True,False,False,False,False,True,False,True,False
d_35,0,2011-03-04,11105,7,3,2011,1,1,0,0.0,0.0,279.0,0.0,27.142857142857142,0.0,False,False,False,False,False,False,False,False,False,False,False,False,False,False,False,False,False,False,False,False,False,False,False,False,True,False,False,False,False,False,False,False,False,False,False,False,False,True,False,False,False,False,True,False,True,False
d_36,0,2011-03-05,11106,1,3,2011,1,1,1,0.0,0.0,175.0,0.0,17.178571428571427,0.0,False,True,False,False,False,False,False,False,False,False,False,False,False,False,False,False,False,False,False,False,False,False,False,False,True,False,False,False,False,False,False,False,False,False,False,False,False,True,False,False,False,False,True,False,True,False
d_37,0,2011-03-06,11106,2,3,2011,1,1,1,0.0,0.0,186.0,0.0,10.928571428571429,0.0,False,False,True,False,False,False,False,False,False,False,False,False,False,False,False,False,False,False,False,False,False,False,False,False,True,False,False,False,False,False,False,False,False,False,False,False,False,True,False,False,False,False,True,False,True,False
d_38,0,2011-03-07,11106,3,3,2011,1,1,0,0.0,0.0,120.0,0.0,4.285714285714286,0.0,True,False,False,False,False,False,False,False,False,False,False,False,False,False,False,False,False,False,False,False,False,False,False,False,True,False,False,False,False,False,False,False,False,False,False,False,False,True,False,False,False,False,True,False,True,False
d_39,0,2011-03-08,11106,4,3,2011,1,1,0,0.0,0.0,0.0,0.0,0.0,0.0,False,False,False,False,True,False,False,False,False,False,False,False,False,False,False,False,False,False,False,False,False,False,False,False,True,False,False,False,False,False,False,False,False,False,False,False,False,True,False,False,False,False,True,False,True,False
d_40,0,2011-03-09,11106,5,3,2011,1,1,0,0.0,0.0,0.0,0.0,0.0,0.0,False,False,False,False,False,True,False,False,False,False,False,False,False,False,False,False,True,False,False,False,False,False,False,False,False,False,False,False,False,False,False,False,False,False,False,False,False,False,True,False,False,False,True,False,True,False
d_41,0,2011-03-10,11106,6,3,2011,1,1,0,0.0,0.0,0.0,0.0,0.0,0.0,False,False,False,True,False,False,False,False,False,False,False,False,False,False,False,False,False,False,False,False,False,False,False,False,True,False,False,False,False,False,False,False,False,False,False,False,False,True,False,False,False,False,True,False,True,False
d_42,0,2011-03-11,11106,7,3,2011,0,1,0,0.0,0.0,0.0,0.0,0.0,0.0,False,False,False,False,False,False,False,False,False,False,False,False,False,False,False,False,False,False,False,False,False,False,False,False,True,False,False,False,False,False,False,False,False,False,False,False,False,True,False,False,False,False,True,False,True,False
d_43,0,2011-03-12,11107,1,3,2011,0,1,1,0.0,0.0,0.0,0.0,0.0,0.0,False,True,False,False,False,False,False,False,False,False,False,False,False,False,False,False,False,False,False,False,False,False,False,False,True,False,False,False,False,False,False,False,False,False,False,False,False,True,False,False,False,False,True,False,True,False
d_44,0,2011-03-13,11107,2,3,2011,0,1,1,0.0,0.0,0.0,0.0,0.0,0.0,False,False,True,False,False,False,False,False,False,False,False,False,False,False,False,False,False,False,False,False,False,False,False,False,True,False,False,False,False,False,False,False,False,False,False,False,False,True,False,False,False,False,True,False,True,False
d_45,0,2011-03-14,11107,3,3,2011,0,1,0,0.0,0.0,0.0,0.0,0.0,0.0,True,False,False,False,False,False,False,False,False,False,False,False,False,False,False,False,False,False,False,False,False,False,False,False,True,False,False,False,False,False,False,False,False,False,False,False,False,True,False,False,False,False,True,False,True,False
d_46,0,2011-03-15,11107,4,3,2011,0,1,0,0.0,0.0,0.0,0.0,0.0,0.0,False,False,False,False,True,False,False,False,False,False,False,False,False,False,False,False,False,False,False,False,False,False,False,False,True,False,False,False,False,False,False,False,False,False,False,False,False,True,False,False,False,False,True,False,True,False
d_47,0,2011-03-16,11107,5,3,2011,0,1,0,0.0,0.0,0.0,0.0,0.0,0.0,False,False,False,False,False,True,False,False,False,False,False,False,False,False,False,False,False,True,False,False,False,False,False,False,False,False,False,False,False,False,False,False,False,False,False,False,False,False,True,False,False,False,True,False,True,False
d_48,0,2011-03-17,11107,6,3,2011,0,1,0,0.0,0.0,0.0,0.0,0.0,0.0,False,False,False,True,False,False,False,False,False,False,False,False,False,False,False,False,False,False,False,False,False,False,False,False,False,False,False,False,False,False,False,True,False,False,False,False,False,False,False,False,False,False,True,False,True,False
d_49,0,2011-03-18,11107,7,3,2011,0,1,0,0.0,0.0,0.0,0.0,0.0,0.0,False,False,False,False,False,False,False,False,False,False,False,False,False,False,False,False,False,False,False,False,False,False,False,False,True,False,False,False,False,False,False,False,False,False,False,False,False,True,False,False,False,False,True,False,True,False
d_50,0,2011-03-19,11108,1,3,2011,0,1,1,0.0,0.0,0.0,0.0,0.0,0.0,False,True,False,False,False,False,False,False,False,False,False,False,False,False,False,False,False,False,False,False,False,False,False,False,True,False,False,False,False,False,False,False,False,False,False,False,False,True,False,False,False,False,True,False,True,False
d_51,0,2011-03-20,11108,2,3,2011,0,1,1,0.0,0.0,0.0,0.0,0.0,0.0,False,False,True,False,False,False,False,False,False,False,False,False,False,False,False,False,False,False,False,False,False,False,False,False,False,False,False,False,False,True,False,False,False,False,False,False,False,False,True,False,False,False,True,False,True,False
d_52,0,2011-03-21,11108,3,3,2011,0,1,0,0.0,0.0,0.0,0.0,0.0,0.0,True,False,False,False,False,False,False,False,False,False,False,False,False,False,False,False,False,False,False,False,False,False,False,False,True,False,False,False,False,False,False,False,False,False,False,False,False,True,False,False,False,False,True,False,True,False
d_53,0,2011-03-22,11108,4,3,2011,0,1,0,0.0,0.0,0.0,0.0,0.0,0.0,False,False,False,False,True,False,False,False,False,False,False,False,False,False,False,False,False,False,False,False,False,False,False,False,True,False,False,False,False,False,False,False,False,False,False,False,False,True,False,False,False,False,True,False,True,False
d_54,0,2011-03-23,11108,5,3,2011,0,1,0,0.0,0.0,0.0,0.0,0.0,0.0,False,False,False,False,False,True,False,False,False,False,False,False,False,False,False,False,False,False,False,False,False,False,False,False,True,False,False,False,False,False,False,False,False,False,False,False,False,True,False,False,False,False,True,False,True,False
d_55,0,2011-03-24,11108,6,3,2011,0,1,0,0.0,0.0,0.0,0.0,0.0,0.0,False,False,False,True,False,False,False,False,False,False,False,False,False,False,False,False,False,False,False,False,False,False,False,False,True,False,False,False,False,False,False,False,False,False,False,False,False,True,False,False,False,False,True,False,True,False
d_56,0,2011-03-25,11108,7,3,2011,0,1,0,0.0,0.0,0.0,0.0,0.0,0.0,False,False,False,False,False,False,False,False,False,False,False,False,False,False,False,False,False,False,False,False,False,False,False,False,True,False,False,False,False,False,False,False,False,False,False,False,False,True,False,False,False,False,True,False,True,False
d_57,0,2011-03-26,11109,1,3,2011,0,1,1,0.0,0.0,0.0,0.0,0.0,0.0,False,True,False,False,False,False,False,False,False,False,False,False,False,False,False,False,False,False,False,False,False,False,False,False,True,False,False,False,False,False,False,False,False,False,False,False,False,True,False,False,False,False,True,False,True,False
d_58,0,2011-03-27,11109,2,3,2011,0,1,1,0.0,0.0,0.0,0.0,0.0,0.0,False,False,True,False,False,False,False,False,False,False,False,False,False,False,False,False,False,False,False,False,False,False,False,False,True,False,False,False,False,False,False,False,False,False,False,False,False,True,False,False,False,False,True,False,True,False
d_59,0,2011-03-28,11109,3,3,2011,0,1,0,0.0,0.0,0.0,0.0,0.0,0.0,True,False,False,False,False,False,False,False,False,False,False,False,False,False,False,False,False,False,False,False,False,False,False,False,True,False,False,False,False,False,False,False,False,False,False,False,False,True,False,False,False,False,True,False,True,False
d_60,0,2011-03-29,11109,4,3,2011,0,1,0,0.0,0.0,0.0,0.0,0.0,0.0,False,False,False,False,True,False,False,False,False,False,False,False,False,False,False,False,False,False,False,False,False,False,False,False,True,False,False,False,False,False,False,False,False,False,False,False,False,True,False,False,False,False,True,False,True,False
d_61,0,2011-03-30,11109,5,3,2011,0,1,0,0.0,0.0,0.0,0.0,0.0,0.0,False,False,False,False,False,True,False,False,False,False,False,False,False,False,False,False,False,False,False,False,False,False,False,False,True,False,False,False,False,False,False,False,False,False,False,False,False,True,False,False,False,False,True,False,True,False
d_62,0,2011-03-31,11109,6,3,2011,0,1,0,0.0,0.0,0.0,0.0,0.0,0.0,False,False,False,True,False,False,False,False,False,False,False,False,False,False,False,False,False,False,False,False,False,False,False,False,True,False,False,False,False,False,False,False,False,False,False,False,False,True,False,False,False,False,True,False,True,False
d_63,0,2011-04-01,11109,7,4,2011,1,2,0,0.0,0.0,0.0,0.0,0.0,0.0,False,False,False,False,False,False,False,False,False,False,False,False,False,False,False,False,False,False,False,False,False,False,False,False,True,False,False,False,False,False,False,False,False,False,False,False,False,True,False,False,False,False,True,False,True,False
d_64,0,2011-04-02,11110,1,4,2011,1,2,1,0.0,0.0,0.0,0.0,0.0,0.0,False,True,False,False,False,False,False,False,False,False,False,False,False,False,False,False,False,False,False,False,False,False,False,False,True,False,False,False,False,False,False,False,False,False,False,False,False,True,False,False,False,False,True,False,True,False
d_65,0,2011-04-03,11110,2,4,2011,1,2,1,0.0,0.0,0.0,0.0,0.0,0.0,False,False,True,False,False,False,False,False,False,False,False,False,False,False,False,False,False,False,False,False,False,False,False,False,True,False,False,False,False,False,False,False,False,False,False,False,False,True,False,False,False,False,True,False,True,False
d_66,0,2011-04-04,11110,3,4,2011,1,2,0,0.0,0.0,0.0,0.0,0.0,0.0,True,False,False,False,False,False,False,False,False,False,False,False,False,False,False,False,False,False,False,False,False,False,False,False,True,False,False,False,False,False,False,False,False,False,False,False,False,True,False,False,False,False,True,False,True,False
d_67,0,2011-04-05,11110,4,4,2011,1,2,0,0.0,0.0,0.0,0.0,0.0,0.0,False,False,False,False,True,False,False,False,False,False,False,False,False,False,False,False,False,False,False,False,False,False,False,False,True,False,False,False,False,False,False,False,False,False,False,False,False,True,False,False,False,False,True,False,True,False
d_68,0,2011-04-06,11110,5,4,2011,1,2,0,0.0,0.0,0.0,0.0,0.0,0.0,False,False,False,False,False,True,False,False,False,False,False,False,False,False,False,False,False,False,False,False,False,False,False,False,True,False,False,False,False,False,False,False,False,False,False,False,False,True,False,False,False,False,True,False,True,False
d_69,0,2011-04-07,11110,6,4,2011,1,2,0,0.0,0.0,0.0,0.0,0.0,0.0,False,False,False,True,False,False,False,False,False,False,False,False,False,False,False,False,False,False,False,False,False,False,False,False,True,False,False,False,False,False,False,False,False,False,False,False,False,True,False,False,False,False,True,False,True,False
d_70,0,2011-04-08,11110,7,4,2011,1,2,0,0.0,0.0,0.0,0.0,0.0,0.0,False,False,False,False,False,False,False,False,False,False,False,False,False,False,False,False,False,False,False,False,False,False,False,False,True,False,False,False,False,False,False,False,False,False,False,False,False,True,False,False,False,False,True,False,True,False
d_71,0,2011-04-09,11111,1,4,2011,1,2,1,0.0,0.0,0.0,0.0,0.0,0.0,False,True,False,False,False,False,False,False,False,False,False,False,False,False,False,False,False,False,False,False,False,False,False,False,True,False,False,False,False,False,False,False,False,False,False,False,False,True,False,False,False,False,True,False,True,False
d_72,0,2011-04-10,11111,2,4,2011,1,2,1,0.0,0.0,0.0,0.0,0.0,0.0,False,False,True,False,False,False,False,False,False,False,False,False,False,False,False,False,False,False,False,False,False,False,False,False,True,False,False,False,False,False,False,False,False,False,False,False,False,True,False,False,False,False,True,False,True,False
d_73,0,2011-04-11,11111,3,4,2011,0,2,0,0.0,0.0,0.0,0.0,0.0,0.0,True,False,False,False,False,False,False,False,False,False,False,False,False,False,False,False,False,False,False,False,False,False,False,False,True,False,False,False,False,False,False,False,False,False,False,False,False,True,False,False,False,False,True,False,True,False
d_74,0,2011-04-12,11111,4,4,2011,0,2,0,0.0,0.0,0.0,0.0,0.0,0.0,False,False,False,False,True,False,False,False,False,False,False,False,False,False,False,False,False,False,False,False,False,False,False,False,True,False,False,False,False,False,False,False,False,False,False,False,False,True,False,False,False,False,True,False,True,False
d_75,0,2011-04-13,11111,5,4,2011,0,2,0,0.0,0.0,0.0,0.0,0.0,0.0,False,False,False,False,False,True,False,False,False,False,False,False,False,False,False,False,False,False,False,False,False,False,False,False,True,False,False,False,False,False,False,False,False,False,False,False,False,True,False,False,False,False,True,False,True,False
d_76,0,2011-04-14,11111,6,4,2011,0,2,0,0.0,0.0,0.0,0.0,0.0,0.0,False,False,False,True,False,False,False,False,False,False,False,False,False,False,False,False,False,False,False,False,False,False,False,False,True,False,False,False,False,False,False,False,False,False,False,False,False,True,False,False,False,False,True,False,True,False
d_77,0,2011-04-15,11111,7,4,2011,0,2,0,0.0,0.0,0.0,0.0,0.0,0.0,False,False,False,False,False,False,False,False,False,False,False,False,False,False,False,False,False,False,False,False,False,False,False,False,True,False,False,False,False,False,False,False,False,False,False,False,False,True,False,False,False,False,True,False,True,False
d_78,0,2011-04-16,11112,1,4,2011,0,2,1,0.0,0.0,0.0,0.0,0.0,0.0,False,True,False,False,False,False,False,False,False,False,False,False,False,False,False,False,False,False,False,False,False,False,False,False,True,False,False,False,False,False,False,False,False,False,False,False,False,True,False,False,False,False,True,False,True,False
d_79,0,2011-04-17,11112,2,4,2011,0,2,1,0.0,0.0,0.0,0.0,0.0,0.0,False,False,True,False,False,False,False,False,False,False,False,False,False,False,False,False,False,False,False,False,False,False,False,False,True,False,False,False,False,False,False,False,False,False,False,False,False,True,False,False,False,False,True,False,True,False
d_80,0,2011-04-18,11112,3,4,2011,0,2,0,0.0,0.0,0.0,0.0,0.0,0.0,True,False,False,False,False,False,False,False,False,False,False,False,False,False,False,False,False,False,False,False,False,False,False,False,True,False,False,False,False,False,False,False,False,False,False,False,False,True,False,False,False,False,True,False,True,False
d_81,0,2011-04-19,11112,4,4,2011,0,2,0,0.0,0.0,0.0,0.0,0.0,0.0,False,False,False,False,True,False,False,False,False,False,False,False,False,False,False,False,False,False,False,False,False,False,False,False,True,False,False,False,False,False,False,False,False,False,False,False,False,True,False,False,False,False,True,False,True,False
d_82,0,2011-04-20,11112,5,4,2011,0,2,0,0.0,0.0,0.0,0.0,0.0,0.0,False,False,False,False,False,True,False,False,False,False,False,False,False,False,False,False,False,False,False,False,False,False,False,False,True,False,False,False,False,False,False,False,False,False,False,False,False,True,False,False,False,False,True,False,True,False
d_83,0,2011-04-21,11112,6,4,2011,0,2,0,0.0,0.0,0.0,0.0,0.0,0.0,False,False,False,True,False,False,False,False,False,False,False,False,False,False,False,False,False,False,False,False,False,False,False,False,True,False,False,False,False,False,False,False,False,False,False,False,False,True,False,False,False,False,True,False,True,False
d_84,0,2011-04-22,11112,7,4,2011,0,2,0,0.0,0.0,0.0,0.0,0.0,0.0,False,False,False,False,False,False,False,False,False,False,False,False,False,False,False,False,False,False,False,False,False,False,False,False,True,False,False,False,False,False,False,False,False,False,False,False,False,True,False,False,False,False,True,False,True,False
d_85,0,2011-04-23,11113,1,4,2011,0,2,1,0.0,0.0,0.0,0.0,0.0,0.0,False,True,False,False,False,False,False,False,False,False,False,False,False,False,False,False,False,False,False,False,False,False,False,False,True,False,False,False,False,False,False,False,False,False,False,False,False,True,False,False,False,False,True,False,True,False
d_86,0,2011-04-24,11113,2,4,2011,0,2,1,0.0,0.0,0.0,0.0,0.0,0.0,False,False,True,False,False,False,False,False,False,False,False,False,False,False,False,False,False,False,False,False,False,False,False,False,False,False,True,False,False,False,False,False,False,False,False,False,False,False,True,False,True,False,False,False,False,False
d_87,0,2011-04-25,11113,3,4,2011,0,2,0,0.0,0.0,0.0,0.0,0.0,0.0,True,False,False,False,False,False,False,False,False,False,False,False,False,False,False,False,False,False,False,False,False,False,False,False,True,False,False,False,False,False,False,False,False,False,False,False,False,True,False,False,False,False,True,False,True,False
d_88,0,2011-04-26,11113,4,4,2011,0,2,0,0.0,0.0,0.0,0.0,0.0,0.0,False,False,False,False,True,False,False,False,False,False,False,False,False,False,False,False,False,False,False,False,False,False,False,False,False,False,False,True,False,False,False,False,False,False,False,False,False,False,True,False,False,False,True,False,True,False
d_89,0,2011-04-27,11113,5,4,2011,0,2,0,0.0,0.0,0.0,0.0,0.0,0.0,False,False,False,False,False,True,False,False,False,False,False,False,False,False,False,False,False,False,False,False,False,False,False,False,True,False,False,False,False,False,False,False,False,False,False,False,False,True,False,False,False,False,True,False,True,False
d_90,0,2011-04-28,11113,6,4,2011,0,2,0,0.0,0.0,0.0,0.0,0.0,0.0,False,False,False,True,False,False,False,False,False,False,False,False,False,False,False,False,False,False,False,False,False,False,False,False,True,False,False,False,False,False,False,False,False,False,False,False,False,True,False,False,False,False,True,False,True,False
d_91,0,2011-04-29,11113,7,4,2011,0,2,0,0.0,0.0,0.0,0.0,0.0,0.0,False,False,False,False,False,False,False,False,False,False,False,False,False,False,False,False,False,False,False,False,False,False,False,False,True,False,False,False,False,False,False,False,False,False,False,False,False,True,False,False,False,False,True,False,True,False
d_92,0,2011-04-30,11114,1,4,2011,0,2,1,0.0,0.0,0.0,0.0,0.0,0.0,False,True,False,False,False,False,False,False,False,False,False,False,False,False,False,False,False,False,False,False,False,False,False,False,True,False,False,False,False,False,False,False,False,False,False,False,False,True,False,False,False,False,True,False,True,False
d_93,0,2011-05-01,11114,2,5,2011,1,2,1,0.0,0.0,0.0,0.0,0.0,0.0,False,False,True,False,False,False,False,False,False,False,False,False,False,False,False,False,False,False,False,False,False,False,False,False,True,False,False,False,False,False,False,False,False,False,False,False,False,True,False,False,False,False,True,False,True,False
d_94,0,2011-05-02,11114,3,5,2011,1,2,0,0.0,0.0,0.0,0.0,0.0,0.0,True,False,False,False,False,False,False,False,False,False,False,False,False,False,False,False,False,False,False,False,False,False,False,False,True,False,False,False,False,False,False,False,False,False,False,False,False,True,False,False,False,False,True,False,True,False
d_95,0,2011-05-03,11114,4,5,2011,1,2,0,0.0,0.0,0.0,0.0,0.0,0.0,False,False,False,False,True,False,False,False,False,False,False,False,False,False,False,False,False,False,False,False,False,False,False,False,True,False,False,False,False,False,False,False,False,False,False,False,False,True,False,False,False,False,True,False,True,False
d_96,0,2011-05-04,11114,5,5,2011,1,2,0,0.0,0.0,0.0,0.0,0.0,0.0,False,False,False,False,False,True,False,False,False,False,False,False,False,False,False,False,False,False,False,False,False,False,False,False,True,False,False,False,False,False,False,False,False,False,False,False,False,True,False,False,False,False,True,False,True,False
d_97,0,2011-05-05,11114,6,5,2011,1,2,0,0.0,0.0,0.0,0.0,0.0,0.0,False,False,False,True,False,False,False,True,False,False,False,False,False,False,False,False,False,False,False,False,False,False,False,False,False,False,False,False,False,False,False,False,False,False,False,False,False,False,False,False,False,False,True,False,True,False
d_98,0,2011-05-06,11114,7,5,2011,1,2,0,0.0,0.0,0.0,0.0,0.0,0.0,False,False,False,False,False,False,False,False,False,False,False,False,False,False,False,False,False,False,False,False,False,False,False,False,True,False,False,False,False,False,False,False,False,False,False,False,False,True,False,False,False,False,True,False,True,False
d_99,0,2011-05-07,11115,1,5,2011,1,2,1,0.0,0.0,0.0,0.0,0.0,0.0,False,True,False,False,False,False,False,False,False,False,False,False,False,False,False,False,False,False,False,False,False,False,False,False,True,False,False,False,False,False,False,False,False,False,False,False,False,True,False,False,False,False,True,False,True,False
d_100,0,2011-05-08,11115,2,5,2011,1,2,1,0.0,0.0,0.0,0.0,0.0,0.0,False,False,True,False,False,False,False,False,False,False,False,False,False,False,False,False,False,False,False,False,True,False,False,False,False,False,False,False,False,False,False,False,False,False,False,False,False,False,False,False,False,False,True,False,True,False
d_101,0,2011-05-09,11115,3,5,2011,1,2,0,0.0,0.0,0.0,0.0,0.0,0.0,True,False,False,False,False,False,False,False,False,False,False,False,False,False,False,False,False,False,False,False,False,False,False,False,True,False,False,False,False,False,False,False,False,False,False,False,False,True,False,False,False,False,True,False,True,False
d_102,0,2011-05-10,11115,4,5,2011,1,2,0,0.0,0.0,0.0,0.0,0.0,0.0,False,False,False,False,True,False,False,False,False,False,False,False,False,False,False,False,False,False,False,False,False,False,False,False,True,False,False,False,False,False,False,False,False,False,False,False,False,True,False,False,False,False,True,False,True,False
d_103,0,2011-05-11,11115,5,5,2011,0,2,0,0.0,0.0,0.0,0.0,0.0,0.0,False,False,False,False,False,True,False,False,False,False,False,False,False,False,False,False,False,False,False,False,False,False,False,False,True,False,False,False,False,False,False,False,False,False,False,False,False,True,False,False,False,False,True,False,True,False
d_104,0,2011-05-12,11115,6,5,2011,0,2,0,0.0,0.0,0.0,0.0,0.0,0.0,False,False,False,True,False,False,False,False,False,False,False,False,False,False,False,False,False,False,False,False,False,False,False,False,True,False,False,False,False,False,False,False,False,False,False,False,False,True,False,False,False,False,True,False,True,False
d_105,0,2011-05-13,11115,7,5,2011,0,2,0,0.0,0.0,0.0,0.0,0.0,0.0,False,False,False,False,False,False,False,False,False,False,False,False,False,False,False,False,False,False,False,False,False,False,False,False,True,False,False,False,False,False,False,False,False,False,False,False,False,True,False,False,False,False,True,False,True,False
d_106,0,2011-05-14,11116,1,5,2011,0,2,1,0.0,0.0,0.0,0.0,0.0,0.0,False,True,False,False,False,False,False,False,False,False,False,False,False,False,False,False,False,False,False,False,False,False,False,False,True,False,False,False,False,False,False,False,False,False,False,False,False,True,False,False,False,False,True,False,True,False
d_107,0,2011-05-15,11116,2,5,2011,0,2,1,0.0,0.0,0.0,0.0,0.0,0.0,False,False,True,False,False,False,False,False,False,False,False,False,False,False,False,False,False,False,False,False,False,False,False,False,True,False,False,False,False,False,False,False,False,False,False,False,False,True,False,False,False,False,True,False,True,False
d_108,0,2011-05-16,11116,3,5,2011,0,2,0,0.0,0.0,0.0,0.0,0.0,0.0,True,False,False,False,False,False,False,False,False,False,False,False,False,False,False,False,False,False,False,False,False,False,False,False,True,False,False,False,False,False,False,False,False,False,False,False,False,True,False,False,False,False,True,False,True,False
d_109,0,2011-05-17,11116,4,5,2011,0,2,0,0.0,0.0,0.0,0.0,0.0,0.0,False,False,False,False,True,False,False,False,False,False,False,False,False,False,False,False,False,False,False,False,False,False,False,False,True,False,False,False,False,False,False,False,False,False,False,False,False,True,False,False,False,False,True,False,True,False
d_110,0,2011-05-18,11116,5,5,2011,0,2,0,0.0,0.0,0.0,0.0,0.0,0.0,False,False,False,False,False,True,False,False,False,False,False,False,False,False,False,False,False,False,False,False,False,False,False,False,True,False,False,False,False,False,False,False,False,False,False,False,False,True,False,False,False,False,True,False,True,False
d_111,0,2011-05-19,11116,6,5,2011,0,2,0,0.0,0.0,0.0,0.0,0.0,0.0,False,False,False,True,False,False,False,False,False,False,False,False,False,False,False,False,False,False,False,False,False,False,False,False,True,False,False,False,False,False,False,False,False,False,False,False,False,True,False,False,False,False,True,False,True,False
d_112,0,2011-05-20,11116,7,5,2011,0,2,0,0.0,0.0,0.0,0.0,0.0,0.0,False,False,False,False,False,False,False,False,False,False,False,False,False,False,False,False,False,False,False,False,False,False,False,False,True,False,False,False,False,False,False,False,False,False,False,False,False,True,False,False,False,False,True,False,True,False
d_113,0,2011-05-21,11117,1,5,2011,0,2,1,0.0,0.0,0.0,0.0,0.0,0.0,False,True,False,False,False,False,False,False,False,False,False,False,False,False,False,False,False,False,False,False,False,False,False,False,True,False,False,False,False,False,False,False,False,False,False,False,False,True,False,False,False,False,True,False,True,False
d_114,0,2011-05-22,11117,2,5,2011,0,2,1,0.0,0.0,0.0,0.0,0.0,0.0,False,False,True,False,False,False,False,False,False,False,False,False,False,False,False,False,False,False,False,False,False,False,False,False,True,False,False,False,False,False,False,False,False,False,False,False,False,True,False,False,False,False,True,False,True,False
d_115,0,2011-05-23,11117,3,5,2011,0,2,0,0.0,0.0,0.0,0.0,0.0,0.0,True,False,False,False,False,False,False,False,False,False,False,False,False,False,False,False,False,False,False,False,False,False,False,False,True,False,False,False,False,False,False,False,False,False,False,False,False,True,False,False,False,False,True,False,True,False
d_116,0,2011-05-24,11117,4,5,2011,0,2,0,0.0,0.0,0.0,0.0,0.0,0.0,False,False,False,False,True,False,False,False,False,False,False,False,False,False,False,False,False,False,False,False,False,False,False,False,True,False,False,False,False,False,False,False,False,False,False,False,False,True,False,False,False,False,True,False,True,False
d_117,0,2011-05-25,11117,5,5,2011,0,2,0,0.0,0.0,0.0,0.0,0.0,0.0,False,False,False,False,False,True,False,False,False,False,False,False,False,False,False,False,False,False,False,False,False,False,False,False,True,False,False,False,False,False,False,False,False,False,False,False,False,True,False,False,False,False,True,False,True,False
d_118,0,2011-05-26,11117,6,5,2011,0,2,0,0.0,0.0,0.0,0.0,0.0,0.0,False,False,False,True,False,False,False,False,False,False,False,False,False,False,False,False,False,False,False,False,False,False,False,False,True,False,False,False,False,False,False,False,False,False,False,False,False,True,False,False,False,False,True,False,True,False
d_119,0,2011-05-27,11117,7,5,2011,0,2,0,0.0,0.0,0.0,0.0,0.0,0.0,False,False,False,False,False,False,False,False,False,False,False,False,False,False,False,False,False,False,False,False,False,False,False,False,True,False,False,False,False,False,False,False,False,False,False,False,False,True,False,False,False,False,True,False,True,False
d_120,0,2011-05-28,11118,1,5,2011,0,2,1,0.0,0.0,0.0,0.0,0.0,0.0,False,True,False,False,False,False,False,False,False,False,False,False,False,False,False,False,False,False,False,False,False,False,False,False,True,False,False,False,False,False,False,False,False,False,False,False,False,True,False,False,False,False,True,False,True,False
d_121,0,2011-05-29,11118,2,5,2011,0,2,1,0.0,0.0,0.0,0.0,0.0,0.0,False,False,True,False,False,False,False,False,False,False,False,False,False,False,False,False,False,False,False,False,False,False,False,False,True,False,False,False,False,False,False,False,False,False,False,False,False,True,False,False,False,False,True,False,True,False
d_122,0,2011-05-30,11118,3,5,2011,0,2,0,0.0,0.0,0.0,0.0,0.0,0.0,True,False,False,False,False,False,False,False,False,False,False,False,False,False,False,False,False,False,False,True,False,False,False,False,False,False,False,False,False,False,False,False,False,False,False,False,True,False,False,False,False,False,True,False,True,False
d_123,0,2011-05-31,11118,4,5,2011,0,2,0,0.0,0.0,0.0,0.0,0.0,0.0,False,False,False,False,True,False,False,False,False,False,False,False,False,False,False,False,False,False,False,False,False,False,True,False,False,False,False,False,False,False,False,False,False,False,False,False,False,False,False,True,False,False,True,False,True,False
d_124,0,2011-06-01,11118,5,6,2011,1,2,0,0.0,0.0,0.0,0.0,0.0,0.0,False,False,False,False,False,True,False,False,False,False,False,False,False,False,False,False,False,False,False,False,False,False,False,False,True,False,False,False,False,False,False,False,False,False,False,False,False,True,False,False,False,False,True,False,True,False
d_125,0,2011-06-02,11118,6,6,2011,1,2,0,0.0,0.0,0.0,0.0,0.0,0.0,False,False,False,True,False,False,False,False,False,False,False,False,False,False,False,False,False,False,False,False,False,False,False,False,True,False,False,False,False,False,False,False,False,False,False,False,False,True,False,False,False,False,True,False,True,False
d_126,0,2011-06-03,11118,7,6,2011,1,2,0,0.0,0.0,0.0,0.0,0.0,0.0,False,False,False,False,False,False,False,False,False,False,False,False,False,False,False,False,False,False,False,False,False,False,False,False,True,False,False,False,False,False,False,False,False,False,False,False,False,True,False,False,False,False,True,False,True,False
d_127,0,2011-06-04,11119,1,6,2011,1,2,1,0.0,0.0,0.0,0.0,0.0,0.0,False,True,False,False,False,False,False,False,False,False,False,False,False,False,False,False,False,False,False,False,False,False,False,False,True,False,False,False,False,False,False,False,False,False,False,False,False,True,False,False,False,False,True,False,True,False
d_128,0,2011-06-05,11119,2,6,2011,1,2,1,0.0,0.0,0.0,0.0,0.0,0.0,False,False,True,False,False,False,False,False,False,False,False,False,False,False,False,False,False,False,False,False,False,False,False,False,True,False,False,False,False,False,False,False,False,False,False,False,False,True,False,False,False,False,True,False,True,False
d_129,0,2011-06-06,11119,3,6,2011,1,2,0,0.0,0.0,0.0,0.0,0.0,0.0,True,False,False,False,False,False,False,False,False,False,False,False,False,False,False,False,False,False,False,False,False,False,False,False,True,False,False,False,False,False,False,False,False,False,False,False,False,True,False,False,False,False,True,False,True,False
d_130,0,2011-06-07,11119,4,6,2011,1,2,0,0.0,0.0,0.0,0.0,0.0,0.0,False,False,False,False,True,False,False,False,False,False,False,False,False,False,False,False,False,False,False,False,False,False,False,False,True,False,False,False,False,False,False,False,False,False,False,False,False,True,False,False,False,False,True,False,True,False
d_131,0,2011-06-08,11119,5,6,2011,1,2,0,0.0,0.0,0.0,0.0,0.0,0.0,False,False,False,False,False,True,False,False,False,False,False,False,False,False,False,False,False,False,False,False,False,False,False,False,True,False,False,False,False,False,False,False,False,False,False,False,False,True,False,False,False,False,True,False,True,False
d_132,0,2011-06-09,11119,6,6,2011,1,2,0,0.0,0.0,0.0,0.0,0.0,0.0,False,False,False,True,False,False,False,False,False,False,False,False,False,False,False,False,False,False,False,False,False,False,False,False,True,False,False,False,False,False,False,False,False,False,False,False,False,True,False,False,False,False,True,False,True,False
d_133,0,2011-06-10,11119,7,6,2011,1,2,0,0.0,0.0,0.0,0.0,0.0,0.0,False,False,False,False,False,False,False,False,False,False,False,False,False,False,False,False,False,False,False,False,False,False,False,False,True,False,False,False,False,False,False,False,False,False,False,False,False,True,False,False,False,False,True,False,True,False
d_134,0,2011-06-11,11120,1,6,2011,0,2,1,0.0,0.0,0.0,0.0,0.0,0.0,False,True,False,False,False,False,False,False,False,False,False,False,False,False,False,False,False,False,False,False,False,False,False,False,True,False,False,False,False,False,False,False,False,False,False,False,False,True,False,False,False,False,True,False,True,False
d_135,0,2011-06-12,11120,2,6,2011,0,2,1,0.0,0.0,0.0,0.0,0.0,0.0,False,False,True,False,False,False,False,False,False,False,False,False,False,False,False,False,False,False,False,False,False,True,False,False,False,False,False,False,False,False,False,False,False,False,False,False,False,False,False,True,False,False,True,False,True,False
d_136,0,2011-06-13,11120,3,6,2011,0,2,0,0.0,0.0,0.0,0.0,0.0,0.0,True,False,False,False,False,False,False,False,False,False,False,False,False,False,False,False,False,False,False,False,False,False,False,False,True,False,False,False,False,False,False,False,False,False,False,False,False,True,False,False,False,False,True,False,True,False
d_137,0,2011-06-14,11120,4,6,2011,0,2,0,0.0,0.0,0.0,0.0,0.0,0.0,False,False,False,False,True,False,False,False,False,False,False,False,False,False,False,False,False,False,False,False,False,False,False,False,True,False,False,False,False,False,False,False,False,False,False,False,False,True,False,False,False,False,True,False,True,False
d_138,0,2011-06-15,11120,5,6,2011,0,2,0,0.0,0.0,0.0,0.0,0.0,0.0,False,False,False,False,False,True,False,False,False,False,False,False,False,False,False,False,False,False,False,False,False,False,False,False,True,False,False,False,False,False,False,False,False,False,False,False,False,True,False,False,False,False,True,False,True,False
d_139,0,2011-06-16,11120,6,6,2011,0,2,0,0.0,0.0,0.0,0.0,0.0,0.0,False,False,False,True,False,False,False,False,False,False,False,False,False,False,False,False,False,False,False,False,False,False,False,False,True,False,False,False,False,False,False,False,False,False,False,False,False,True,False,False,False,False,True,False,True,False
d_140,0,2011-06-17,11120,7,6,2011,0,2,0,0.0,0.0,0.0,0.0,0.0,0.0,False,False,False,False,False,False,False,False,False,False,False,False,False,False,False,False,False,False,False,False,False,False,False,False,True,False,False,False,False,False,False,False,False,False,False,False,False,True,False,False,False,False,True,False,True,False
d_141,0,2011-06-18,11121,1,6,2011,0,2,1,0.0,0.0,0.0,0.0,0.0,0.0,False,True,False,False,False,False,False,False,False,False,False,False,False,False,False,False,False,False,False,False,False,False,False,False,True,False,False,False,False,False,False,False,False,False,False,False,False,True,False,False,False,False,True,False,True,False
d_142,0,2011-06-19,11121,2,6,2011,0,2,1,0.0,0.0,0.0,0.0,0.0,0.0,False,False,True,False,False,False,False,False,False,False,False,False,True,False,False,False,False,False,False,False,False,False,False,False,False,False,False,False,False,False,False,False,False,False,False,False,False,False,False,False,False,False,True,False,True,False
d_143,0,2011-06-20,11121,3,6,2011,0,2,0,0.0,0.0,0.0,0.0,0.0,0.0,True,False,False,False,False,False,False,False,False,False,False,False,False,False,False,False,False,False,False,False,False,False,False,False,True,False,False,False,False,False,False,False,False,False,False,False,False,True,False,False,False,False,True,False,True,False
d_144,0,2011-06-21,11121,4,6,2011,0,2,0,0.0,0.0,0.0,0.0,0.0,0.0,False,False,False,False,True,False,False,False,False,False,False,False,False,False,False,False,False,False,False,False,False,False,False,False,True,False,False,False,False,False,False,False,False,False,False,False,False,True,False,False,False,False,True,False,True,False
d_145,0,2011-06-22,11121,5,6,2011,0,2,0,0.0,0.0,0.0,0.0,0.0,0.0,False,False,False,False,False,True,False,False,False,False,False,False,False,False,False,False,False,False,False,False,False,False,False,False,True,False,False,False,False,False,False,False,False,False,False,False,False,True,False,False,False,False,True,False,True,False
d_146,0,2011-06-23,11121,6,6,2011,0,2,0,0.0,0.0,0.0,0.0,0.0,0.0,False,False,False,True,False,False,False,False,False,False,False,False,False,False,False,False,False,False,False,False,False,False,False,False,True,False,False,False,False,False,False,False,False,False,False,False,False,True,False,False,False,False,True,False,True,False
d_147,0,2011-06-24,11121,7,6,2011,0,2,0,0.0,0.0,0.0,0.0,0.0,0.0,False,False,False,False,False,False,False,False,False,False,False,False,False,False,False,False,False,False,False,False,False,False,False,False,True,False,False,False,False,False,False,False,False,False,False,False,False,True,False,False,False,False,True,False,True,False
d_148,0,2011-06-25,11122,1,6,2011,0,2,1,0.0,0.0,0.0,0.0,0.0,0.0,False,True,False,False,False,False,False,False,False,False,False,False,False,False,False,False,False,False,False,False,False,False,False,False,True,False,False,False,False,False,False,False,False,False,False,False,False,True,False,False,False,False,True,False,True,False
d_149,0,2011-06-26,11122,2,6,2011,0,2,1,0.0,0.0,0.0,0.0,0.0,0.0,False,False,True,False,False,False,False,False,False,False,False,False,False,False,False,False,False,False,False,False,False,False,False,False,True,False,False,False,False,False,False,False,False,False,False,False,False,True,False,False,False,False,True,False,True,False
d_150,0,2011-06-27,11122,3,6,2011,0,2,0,0.0,0.0,0.0,0.0,0.0,0.0,True,False,False,False,False,False,False,False,False,False,False,False,False,False,False,False,False,False,False,False,False,False,False,False,True,False,False,False,False,False,False,False,False,False,False,False,False,True,False,False,False,False,True,False,True,False
d_151,0,2011-06-28,11122,4,6,2011,0,2,0,0.0,0.0,0.0,0.0,0.0,0.0,False,False,False,False,True,False,False,False,False,False,False,False,False,False,False,False,False,False,False,False,False,False,False,False,True,False,False,False,False,False,False,False,False,False,False,False,False,True,False,False,False,False,True,False,True,False
d_152,0,2011-06-29,11122,5,6,2011,0,2,0,0.0,0.0,0.0,0.0,0.0,0.0,False,False,False,False,False,True,False,False,False,False,False,False,False,False,False,False,False,False,False,False,False,False,False,False,True,False,False,False,False,False,False,False,False,False,False,False,False,True,False,False,False,False,True,False,True,False
d_153,0,2011-06-30,11122,6,6,2011,0,2,0,0.0,0.0,0.0,0.0,0.0,0.0,False,False,False,True,False,False,False,False,False,False,False,False,False,False,False,False,False,False,False,False,False,False,False,False,True,False,False,False,False,False,False,False,False,False,False,False,False,True,False,False,False,False,True,False,True,False
d_154,0,2011-07-01,11122,7,7,2011,1,3,0,0.0,0.0,0.0,0.0,0.0,0.0,False,False,False,False,False,False,False,False,False,False,False,False,False,False,False,False,False,False,False,False,False,False,False,False,True,False,False,False,False,False,False,False,False,False,False,False,False,True,False,False,False,False,True,False,True,False
d_155,0,2011-07-02,11123,1,7,2011,1,3,1,0.0,0.0,0.0,0.0,0.0,0.0,False,True,False,False,False,False,False,False,False,False,False,False,False,False,False,False,False,False,False,False,False,False,False,False,True,False,False,False,False,False,False,False,False,False,False,False,False,True,False,False,False,False,True,False,True,False
d_156,0,2011-07-03,11123,2,7,2011,1,3,1,0.0,0.0,0.0,0.0,0.0,0.0,False,False,True,False,False,False,False,False,False,False,False,False,False,False,False,False,False,False,False,False,False,False,False,False,True,False,False,False,False,False,False,False,False,False,False,False,False,True,False,False,False,False,True,False,True,False
d_157,0,2011-07-04,11123,3,7,2011,1,3,0,0.0,0.0,0.0,0.0,0.0,0.0,True,False,False,False,False,False,False,False,False,False,False,False,False,False,True,False,False,False,False,False,False,False,False,False,False,False,False,False,False,False,False,False,False,False,False,False,True,False,False,False,False,False,True,False,True,False
d_158,0,2011-07-05,11123,4,7,2011,1,3,0,0.0,0.0,0.0,0.0,0.0,0.0,False,False,False,False,True,False,False,False,False,False,False,False,False,False,False,False,False,False,False,False,False,False,False,False,True,False,False,False,False,False,False,False,False,False,False,False,False,True,False,False,False,False,True,False,True,False
d_159,0,2011-07-06,11123,5,7,2011,1,3,0,0.0,0.0,0.0,0.0,0.0,0.0,False,False,False,False,False,True,False,False,False,False,False,False,False,False,False,False,False,False,False,False,False,False,False,False,True,False,False,False,False,False,False,False,False,False,False,False,False,True,False,False,False,False,True,False,True,False
d_160,0,2011-07-07,11123,6,7,2011,1,3,0,0.0,0.0,0.0,0.0,0.0,0.0,False,False,False,True,False,False,False,False,False,False,False,False,False,False,False,False,False,False,False,False,False,False,False,False,True,False,False,False,False,False,False,False,False,False,False,False,False,True,False,False,False,False,True,False,True,False
d_161,0,2011-07-08,11123,7,7,2011,1,3,0,0.0,0.0,0.0,0.0,0.0,0.0,False,False,False,False,False,False,False,False,False,False,False,False,False,False,False,False,False,False,False,False,False,False,False,False,True,False,False,False,False,False,False,False,False,False,False,False,False,True,False,False,False,False,True,False,True,False
d_162,0,2011-07-09,11124,1,7,2011,1,3,1,0.0,0.0,0.0,0.0,0.0,0.0,False,True,False,False,False,False,False,False,False,False,False,False,False,False,False,False,False,False,False,False,False,False,False,False,True,False,False,False,False,False,False,False,False,False,False,False,False,True,False,False,False,False,True,False,True,False
d_163,0,2011-07-10,11124,2,7,2011,1,3,1,0.0,0.0,0.0,0.0,0.0,0.0,False,False,True,False,False,False,False,False,False,False,False,False,False,False,False,False,False,False,False,False,False,False,False,False,True,False,False,False,False,False,False,False,False,False,False,False,False,True,False,False,False,False,True,False,True,False
d_164,0,2011-07-11,11124,3,7,2011,0,3,0,0.0,0.0,0.0,0.0,0.0,0.0,True,False,False,False,False,False,False,False,False,False,False,False,False,False,False,False,False,False,False,False,False,False,False,False,True,False,False,False,False,False,False,False,False,False,False,False,False,True,False,False,False,False,True,False,True,False
d_165,0,2011-07-12,11124,4,7,2011,0,3,0,0.0,0.0,0.0,0.0,0.0,0.0,False,False,False,False,True,False,False,False,False,False,False,False,False,False,False,False,False,False,False,False,False,False,False,False,True,False,False,False,False,False,False,False,False,False,False,False,False,True,False,False,False,False,True,False,True,False
d_166,0,2011-07-13,11124,5,7,2011,0,3,0,0.0,0.0,0.0,0.0,0.0,0.0,False,False,False,False,False,True,False,False,False,False,False,False,False,False,False,False,False,False,False,False,False,False,False,False,True,False,False,False,False,False,False,False,False,False,False,False,False,True,False,False,False,False,True,False,True,False
d_167,0,2011-07-14,11124,6,7,2011,0,3,0,0.0,0.0,0.0,0.0,0.0,0.0,False,False,False,True,False,False,False,False,False,False,False,False,False,False,False,False,False,False,False,False,False,False,False,False,True,False,False,False,False,False,False,False,False,False,False,False,False,True,False,False,False,False,True,False,True,False
d_168,0,2011-07-15,11124,7,7,2011,0,3,0,0.0,0.0,0.0,0.0,0.0,0.0,False,False,False,False,False,False,False,False,False,False,False,False,False,False,False,False,False,False,False,False,False,False,False,False,True,False,False,False,False,False,False,False,False,False,False,False,False,True,False,False,False,False,True,False,True,False
d_169,0,2011-07-16,11125,1,7,2011,0,3,1,0.0,0.0,0.0,0.0,0.0,0.0,False,True,False,False,False,False,False,False,False,False,False,False,False,False,False,False,False,False,False,False,False,False,False,False,True,False,False,False,False,False,False,False,False,False,False,False,False,True,False,False,False,False,True,False,True,False
d_170,0,2011-07-17,11125,2,7,2011,0,3,1,0.0,0.0,0.0,0.0,0.0,0.0,False,False,True,False,False,False,False,False,False,False,False,False,False,False,False,False,False,False,False,False,False,False,False,False,True,False,False,False,False,False,False,False,False,False,False,False,False,True,False,False,False,False,True,False,True,False
d_171,0,2011-07-18,11125,3,7,2011,0,3,0,0.0,0.0,0.0,0.0,0.0,0.0,True,False,False,False,False,False,False,False,False,False,False,False,False,False,False,False,False,False,False,False,False,False,False,False,True,False,False,False,False,False,False,False,False,False,False,False,False,True,False,False,False,False,True,False,True,False
d_172,0,2011-07-19,11125,4,7,2011,0,3,0,0.0,0.0,0.0,0.0,0.0,0.0,False,False,False,False,True,False,False,False,False,False,False,False,False,False,False,False,False,False,False,False,False,False,False,False,True,False,False,False,False,False,False,False,False,False,False,False,False,True,False,False,False,False,True,False,True,False
d_173,0,2011-07-20,11125,5,7,2011,0,3,0,0.0,0.0,0.0,0.0,0.0,0.0,False,False,False,False,False,True,False,False,False,False,False,False,False,False,False,False,False,False,False,False,False,False,False,False,True,False,False,False,False,False,False,False,False,False,False,False,False,True,False,False,False,False,True,False,True,False
d_174,0,2011-07-21,11125,6,7,2011,0,3,0,0.0,0.0,0.0,0.0,0.0,0.0,False,False,False,True,False,False,False,False,False,False,False,False,False,False,False,False,False,False,False,False,False,False,False,False,True,False,False,False,False,False,False,False,False,False,False,False,False,True,False,False,False,False,True,False,True,False
d_175,0,2011-07-22,11125,7,7,2011,0,3,0,0.0,0.0,0.0,0.0,0.0,0.0,False,False,False,False,False,False,False,False,False,False,False,False,False,False,False,False,False,False,False,False,False,False,False,False,True,False,False,False,False,False,False,False,False,False,False,False,False,True,False,False,False,False,True,False,True,False
d_176,0,2011-07-23,11126,1,7,2011,0,3,1,0.0,0.0,0.0,0.0,0.0,0.0,False,True,False,False,False,False,False,False,False,False,False,False,False,False,False,False,False,False,False,False,False,False,False,False,True,False,False,False,False,False,False,False,False,False,False,False,False,True,False,False,False,False,True,False,True,False
d_177,0,2011-07-24,11126,2,7,2011,0,3,1,0.0,0.0,0.0,0.0,0.0,0.0,False,False,True,False,False,False,False,False,False,False,False,False,False,False,False,False,False,False,False,False,False,False,False,False,True,False,False,False,False,False,False,False,False,False,False,False,False,True,False,False,False,False,True,False,True,False
d_178,0,2011-07-25,11126,3,7,2011,0,3,0,0.0,0.0,0.0,0.0,0.0,0.0,True,False,False,False,False,False,False,False,False,False,False,False,False,False,False,False,False,False,False,False,False,False,False,False,True,False,False,False,False,False,False,False,False,False,False,False,False,True,False,False,False,False,True,False,True,False
d_179,0,2011-07-26,11126,4,7,2011,0,3,0,0.0,0.0,0.0,0.0,0.0,0.0,False,False,False,False,True,False,False,False,False,False,False,False,False,False,False,False,False,False,False,False,False,False,False,False,True,False,False,False,False,False,False,False,False,False,False,False,False,True,False,False,False,False,True,False,True,False
d_180,0,2011-07-27,11126,5,7,2011,0,3,0,0.0,0.0,0.0,0.0,0.0,0.0,False,False,False,False,False,True,False,False,False,False,False,False,False,False,False,False,False,False,False,False,False,False,False,False,True,False,False,False,False,False,False,False,False,False,False,False,False,True,False,False,False,False,True,False,True,False
d_181,0,2011-07-28,11126,6,7,2011,0,3,0,0.0,0.0,0.0,0.0,0.0,0.0,False,False,False,True,False,False,False,False,False,False,False,False,False,False,False,False,False,False,False,False,False,False,False,False,True,False,False,False,False,False,False,False,False,False,False,False,False,True,False,False,False,False,True,False,True,False
d_182,0,2011-07-29,11126,7,7,2011,0,3,0,0.0,0.0,0.0,0.0,0.0,0.0,False,False,False,False,False,False,False,False,False,False,False,False,False,False,False,False,False,False,False,False,False,False,False,False,True,False,False,False,False,False,False,False,False,False,False,False,False,True,False,False,False,False,True,False,True,False
d_183,0,2011-07-30,11127,1,7,2011,0,3,1,0.0,0.0,0.0,0.0,0.0,0.0,False,True,False,False,False,False,False,False,False,False,False,False,False,False,False,False,False,False,False,False,False,False,False,False,True,False,False,False,False,False,False,False,False,False,False,False,False,True,False,False,False,False,True,False,True,False
d_184,0,2011-07-31,11127,2,7,2011,0,3,1,0.0,0.0,0.0,0.0,0.0,0.0,False,False,True,False,False,False,False,False,False,False,False,False,False,False,False,False,False,False,False,False,False,False,False,False,True,False,False,False,False,False,False,False,False,False,False,False,False,True,False,False,False,False,True,False,True,False
d_185,0,2011-08-01,11127,3,8,2011,1,3,0,0.0,0.0,0.0,0.0,0.0,0.0,True,False,False,False,False,False,False,False,False,False,False,False,False,False,False,False,False,False,False,False,False,False,False,False,False,False,False,False,False,False,True,False,False,False,False,False,False,False,True,False,False,False,True,False,True,False
d_186,0,2011-08-02,11127,4,8,2011,1,3,0,0.0,0.0,0.0,0.0,0.0,0.0,False,False,False,False,True,False,False,False,False,False,False,False,False,False,False,False,False,False,False,False,False,False,False,False,True,False,False,False,False,False,False,False,False,False,False,False,False,True,False,False,False,False,True,False,True,False
d_187,0,2011-08-03,11127,5,8,2011,1,3,0,0.0,0.0,0.0,0.0,0.0,0.0,False,False,False,False,False,True,False,False,False,False,False,False,False,False,False,False,False,False,False,False,False,False,False,False,True,False,False,False,False,False,False,False,False,False,False,False,False,True,False,False,False,False,True,False,True,False
d_188,0,2011-08-04,11127,6,8,2011,1,3,0,0.0,0.0,0.0,0.0,0.0,0.0,False,False,False,True,False,False,False,False,False,False,False,False,False,False,False,False,False,False,False,False,False,False,False,False,True,False,False,False,False,False,False,False,False,False,False,False,False,True,False,False,False,False,True,False,True,False
d_189,0,2011-08-05,11127,7,8,2011,1,3,0,0.0,0.0,0.0,0.0,0.0,0.0,False,False,False,False,False,False,False,False,False,False,False,False,False,False,False,False,False,False,False,False,False,False,False,False,True,False,False,False,False,False,False,False,False,False,False,False,False,True,False,False,False,False,True,False,True,False
d_190,0,2011-08-06,11128,1,8,2011,1,3,1,0.0,0.0,0.0,0.0,0.0,0.0,False,True,False,False,False,False,False,False,False,False,False,False,False,False,False,False,False,False,False,False,False,False,False,False,True,False,False,False,False,False,False,False,False,False,False,False,False,True,False,False,False,False,True,False,True,False
d_191,0,2011-08-07,11128,2,8,2011,1,3,1,0.0,0.0,0.0,0.0,0.0,0.0,False,False,True,False,False,False,False,False,False,False,False,False,False,False,False,False,False,False,False,False,False,False,False,False,True,False,False,False,False,False,False,False,False,False,False,False,False,True,False,False,False,False,True,False,True,False
d_192,0,2011-08-08,11128,3,8,2011,1,3,0,0.0,0.0,0.0,0.0,0.0,0.0,True,False,False,False,False,False,False,False,False,False,False,False,False,False,False,False,False,False,False,False,False,False,False,False,True,False,False,False,False,False,False,False,False,False,False,False,False,True,False,False,False,False,True,False,True,False
d_193,0,2011-08-09,11128,4,8,2011,1,3,0,0.0,0.0,0.0,0.0,0.0,0.0,False,False,False,False,True,False,False,False,False,False,False,False,False,False,False,False,False,False,False,False,False,False,False,False,True,False,False,False,False,False,False,False,False,False,False,False,False,True,False,False,False,False,True,False,True,False
d_194,0,2011-08-10,11128,5,8,2011,1,3,0,0.0,0.0,0.0,0.0,0.0,0.0,False,False,False,False,False,True,False,False,False,False,False,False,False,False,False,False,False,False,False,False,False,False,False,False,True,False,False,False,False,False,False,False,False,False,False,False,False,True,False,False,False,False,True,False,True,False
d_195,0,2011-08-11,11128,6,8,2011,0,3,0,0.0,0.0,0.0,0.0,0.0,0.0,False,False,False,True,False,False,False,False,False,False,False,False,False,False,False,False,False,False,False,False,False,False,False,False,True,False,False,False,False,False,False,False,False,False,False,False,False,True,False,False,False,False,True,False,True,False
d_196,0,2011-08-12,11128,7,8,2011,0,3,0,0.0,0.0,0.0,0.0,0.0,0.0,False,False,False,False,False,False,False,False,False,False,False,False,False,False,False,False,False,False,False,False,False,False,False,False,True,False,False,False,False,False,False,False,False,False,False,False,False,True,False,False,False,False,True,False,True,False
d_197,0,2011-08-13,11129,1,8,2011,0,3,1,0.0,0.0,0.0,0.0,0.0,0.0,False,True,False,False,False,False,False,False,False,False,False,False,False,False,False,False,False,False,False,False,False,False,False,False,True,False,False,False,False,False,False,False,False,False,False,False,False,True,False,False,False,False,True,False,True,False
d_198,0,2011-08-14,11129,2,8,2011,0,3,1,0.0,0.0,0.0,0.0,0.0,0.0,False,False,True,False,False,False,False,False,False,False,False,False,False,False,False,False,False,False,False,False,False,False,False,False,True,False,False,False,False,False,False,False,False,False,False,False,False,True,False,False,False,False,True,False,True,False
d_199,0,2011-08-15,11129,3,8,2011,0,3,0,0.0,0.0,0.0,0.0,0.0,0.0,True,False,False,False,False,False,False,False,False,False,False,False,False,False,False,False,False,False,False,False,False,False,False,False,True,False,False,False,False,False,False,False,False,False,False,False,False,True,False,False,False,False,True,False,True,False
d_200,0,2011-08-16,11129,4,8,2011,0,3,0,0.0,0.0,0.0,0.0,0.0,0.0,False,False,False,False,True,False,False,False,False,False,False,False,False,False,False,False,False,False,False,False,False,False,False,False,True,False,False,False,False,False,False,False,False,False,False,False,False,True,False,False,False,False,True,False,True,False
d_201,0,2011-08-17,11129,5,8,2011,0,3,0,0.0,0.0,0.0,0.0,0.0,0.0,False,False,False,False,False,True,False,False,False,False,False,False,False,False,False,False,False,False,False,False,False,False,False,False,True,False,False,False,False,False,False,False,False,False,False,False,False,True,False,False,False,False,True,False,True,False
d_202,0,2011-08-18,11129,6,8,2011,0,3,0,0.0,0.0,0.0,0.0,0.0,0.0,False,False,False,True,False,False,False,False,False,False,False,False,False,False,False,False,False,False,False,False,False,False,False,False,True,False,False,False,False,False,False,False,False,False,False,False,False,True,False,False,False,False,True,False,True,False
d_203,0,2011-08-19,11129,7,8,2011,0,3,0,0.0,0.0,0.0,0.0,0.0,0.0,False,False,False,False,False,False,False,False,False,False,False,False,False,False,False,False,False,False,False,False,False,False,False,False,True,False,False,False,False,False,False,False,False,False,False,False,False,True,False,False,False,False,True,False,True,False
d_204,0,2011-08-20,11130,1,8,2011,0,3,1,0.0,0.0,0.0,0.0,0.0,0.0,False,True,False,False,False,False,False,False,False,False,False,False,False,False,False,False,False,False,False,False,False,False,False,False,True,False,False,False,False,False,False,False,False,False,False,False,False,True,False,False,False,False,True,False,True,False
d_205,0,2011-08-21,11130,2,8,2011,0,3,1,0.0,0.0,0.0,0.0,0.0,0.0,False,False,True,False,False,False,False,False,False,False,False,False,False,False,False,False,False,False,False,False,False,False,False,False,True,False,False,False,False,False,False,False,False,False,False,False,False,True,False,False,False,False,True,False,True,False
d_206,0,2011-08-22,11130,3,8,2011,0,3,0,0.0,0.0,0.0,0.0,0.0,0.0,True,False,False,False,False,False,False,False,False,False,False,False,False,False,False,False,False,False,False,False,False,False,False,False,True,False,False,False,False,False,False,False,False,False,False,False,False,True,False,False,False,False,True,False,True,False
d_207,0,2011-08-23,11130,4,8,2011,0,3,0,0.0,0.0,0.0,0.0,0.0,0.0,False,False,False,False,True,False,False,False,False,False,False,False,False,False,False,False,False,False,False,False,False,False,False,False,True,False,False,False,False,False,False,False,False,False,False,False,False,True,False,False,False,False,True,False,True,False
d_208,0,2011-08-24,11130,5,8,2011,0,3,0,0.0,0.0,0.0,0.0,0.0,0.0,False,False,False,False,False,True,False,False,False,False,False,False,False,False,False,False,False,False,False,False,False,False,False,False,True,False,False,False,False,False,False,False,False,False,False,False,False,True,False,False,False,False,True,False,True,False
d_209,0,2011-08-25,11130,6,8,2011,0,3,0,0.0,0.0,0.0,0.0,0.0,0.0,False,False,False,True,False,False,False,False,False,False,False,False,False,False,False,False,False,False,False,False,False,False,False,False,True,False,False,False,False,False,False,False,False,False,False,False,False,True,False,False,False,False,True,False,True,False
d_210,0,2011-08-26,11130,7,8,2011,0,3,0,0.0,0.0,0.0,0.0,0.0,0.0,False,False,False,False,False,False,False,False,False,False,False,False,False,False,False,False,False,False,False,False,False,False,False,False,True,False,False,False,False,False,False,False,False,False,False,False,False,True,False,False,False,False,True,False,True,False
d_211,0,2011-08-27,11131,1,8,2011,0,3,1,0.0,0.0,0.0,0.0,0.0,0.0,False,True,False,False,False,False,False,False,False,False,False,False,False,False,False,False,False,False,False,False,False,False,False,False,True,False,False,False,False,False,False,False,False,False,False,False,False,True,False,False,False,False,True,False,True,False
d_212,0,2011-08-28,11131,2,8,2011,0,3,1,0.0,0.0,0.0,0.0,0.0,0.0,False,False,True,False,False,False,False,False,False,False,False,False,False,False,False,False,False,False,False,False,False,False,False,False,True,False,False,False,False,False,False,False,False,False,False,False,False,True,False,False,False,False,True,False,True,False
d_213,0,2011-08-29,11131,3,8,2011,0,3,0,0.0,0.0,0.0,0.0,0.0,0.0,True,False,False,False,False,False,False,False,False,False,False,False,False,False,False,False,False,False,False,False,False,False,False,False,True,False,False,False,False,False,False,False,False,False,False,False,False,True,False,False,False,False,True,False,True,False
d_214,0,2011-08-30,11131,4,8,2011,0,3,0,0.0,0.0,0.0,0.0,0.0,0.0,False,False,False,False,True,False,False,False,False,False,False,False,False,False,False,False,False,False,False,False,False,False,False,False,True,False,False,False,False,False,False,False,False,False,False,False,False,True,False,False,False,False,True,False,True,False
d_215,0,2011-08-31,11131,5,8,2011,0,3,0,0.0,0.0,0.0,0.0,0.0,0.0,False,False,False,False,False,True,False,False,False,False,True,False,False,False,False,False,False,False,False,False,False,False,False,False,False,False,False,False,False,False,False,False,False,False,False,False,False,False,True,False,False,False,True,False,True,False
d_216,0,2011-09-01,11131,6,9,2011,1,3,0,0.0,0.0,0.0,0.0,0.0,0.0,False,False,False,True,False,False,False,False,False,False,False,False,False,False,False,False,False,False,False,False,False,False,False,False,True,False,False,False,False,False,False,False,False,False,False,False,False,True,False,False,False,False,True,False,True,False
d_217,0,2011-09-02,11131,7,9,2011,1,3,0,0.0,0.0,0.0,0.0,0.0,0.0,False,False,False,False,False,False,False,False,False,False,False,False,False,False,False,False,False,False,False,False,False,False,False,False,True,False,False,False,False,False,False,False,False,False,False,False,False,True,False,False,False,False,True,False,True,False
d_218,0,2011-09-03,11132,1,9,2011,1,3,1,0.0,0.0,0.0,0.0,0.0,0.0,False,True,False,False,False,False,False,False,False,False,False,False,False,False,False,False,False,False,False,False,False,False,False,False,True,False,False,False,False,False,False,False,False,False,False,False,False,True,False,False,False,False,True,False,True,False
d_219,0,2011-09-04,11132,2,9,2011,1,3,1,0.0,0.0,0.0,0.0,0.0,0.0,False,False,True,False,False,False,False,False,False,False,False,False,False,False,False,False,False,False,False,False,False,False,False,False,True,False,False,False,False,False,False,False,False,False,False,False,False,True,False,False,False,False,True,False,True,False
d_220,0,2011-09-05,11132,3,9,2011,1,3,0,0.0,0.0,0.0,0.0,0.0,0.0,True,False,False,False,False,False,False,False,False,False,False,False,False,False,False,True,False,False,False,False,False,False,False,False,False,False,False,False,False,False,False,False,False,False,False,False,True,False,False,False,False,False,True,False,True,False
d_221,0,2011-09-06,11132,4,9,2011,1,3,0,0.0,0.0,0.0,0.0,0.0,0.0,False,False,False,False,True,False,False,False,False,False,False,False,False,False,False,False,False,False,False,False,False,False,False,False,True,False,False,False,False,False,False,False,False,False,False,False,False,True,False,False,False,False,True,False,True,False
d_222,0,2011-09-07,11132,5,9,2011,1,3,0,0.0,0.0,0.0,0.0,0.0,0.0,False,False,False,False,False,True,False,False,False,False,False,False,False,False,False,False,False,False,False,False,False,False,False,False,True,False,False,False,False,False,False,False,False,False,False,False,False,True,False,False,False,False,True,False,True,False
d_223,0,2011-09-08,11132,6,9,2011,1,3,0,0.0,0.0,0.0,0.0,0.0,0.0,False,False,False,True,False,False,False,False,False,False,False,False,False,False,False,False,False,False,False,False,False,False,False,False,True,False,False,False,False,False,False,False,False,False,False,False,False,True,False,False,False,False,True,False,True,False
d_224,0,2011-09-09,11132,7,9,2011,1,3,0,0.0,0.0,0.0,0.0,0.0,0.0,False,False,False,False,False,False,False,False,False,False,False,False,False,False,False,False,False,False,False,False,False,False,False,False,True,False,False,False,False,False,False,False,False,False,False,False,False,True,False,False,False,False,True,False,True,False
d_225,0,2011-09-10,11133,1,9,2011,1,3,1,0.0,0.0,0.0,0.0,0.0,0.0,False,True,False,False,False,False,False,False,False,False,False,False,False,False,False,False,False,False,False,False,False,False,False,False,True,False,False,False,False,False,False,False,False,False,False,False,False,True,False,False,False,False,True,False,True,False
d_226,0,2011-09-11,11133,2,9,2011,0,3,1,0.0,0.0,0.0,0.0,0.0,0.0,False,False,True,False,False,False,False,False,False,False,False,False,False,False,False,False,False,False,False,False,False,False,False,False,True,False,False,False,False,False,False,False,False,False,False,False,False,True,False,False,False,False,True,False,True,False
d_227,0,2011-09-12,11133,3,9,2011,0,3,0,0.0,0.0,0.0,0.0,0.0,0.0,True,False,False,False,False,False,False,False,False,False,False,False,False,False,False,False,False,False,False,False,False,False,False,False,True,False,False,False,False,False,False,False,False,False,False,False,False,True,False,False,False,False,True,False,True,False
d_228,0,2011-09-13,11133,4,9,2011,0,3,0,0.0,0.0,0.0,0.0,0.0,0.0,False,False,False,False,True,False,False,False,False,False,False,False,False,False,False,False,False,False,False,False,False,False,False,False,True,False,False,False,False,False,False,False,False,False,False,False,False,True,False,False,False,False,True,False,True,False
d_229,0,2011-09-14,11133,5,9,2011,0,3,0,0.0,0.0,0.0,0.0,0.0,0.0,False,False,False,False,False,True,False,False,False,False,False,False,False,False,False,False,False,False,False,False,False,False,False,False,True,False,False,False,False,False,False,False,False,False,False,False,False,True,False,False,False,False,True,False,True,False
d_230,0,2011-09-15,11133,6,9,2011,0,3,0,0.0,0.0,0.0,0.0,0.0,0.0,False,False,False,True,False,False,False,False,False,False,False,False,False,False,False,False,False,False,False,False,False,False,False,False,True,False,False,False,False,False,False,False,False,False,False,False,False,True,False,False,False,False,True,False,True,False
d_231,0,2011-09-16,11133,7,9,2011,0,3,0,0.0,0.0,0.0,0.0,0.0,0.0,False,False,False,False,False,False,False,False,False,False,False,False,False,False,False,False,False,False,False,False,False,False,False,False,True,False,False,False,False,False,False,False,False,False,False,False,False,True,False,False,False,False,True,False,True,False
d_232,0,2011-09-17,11134,1,9,2011,0,3,1,0.0,0.0,0.0,0.0,0.0,0.0,False,True,False,False,False,False,False,False,False,False,False,False,False,False,False,False,False,False,False,False,False,False,False,False,True,False,False,False,False,False,False,False,False,False,False,False,False,True,False,False,False,False,True,False,True,False
d_233,0,2011-09-18,11134,2,9,2011,0,3,1,0.0,0.0,0.0,0.0,0.0,0.0,False,False,True,False,False,False,False,False,False,False,False,False,False,False,False,False,False,False,False,False,False,False,False,False,True,False,False,False,False,False,False,False,False,False,False,False,False,True,False,False,False,False,True,False,True,False
d_234,0,2011-09-19,11134,3,9,2011,0,3,0,0.0,0.0,0.0,0.0,0.0,0.0,True,False,False,False,False,False,False,False,False,False,False,False,False,False,False,False,False,False,False,False,False,False,False,False,True,False,False,False,False,False,False,False,False,False,False,False,False,True,False,False,False,False,True,False,True,False
d_235,0,2011-09-20,11134,4,9,2011,0,3,0,0.0,0.0,0.0,0.0,0.0,0.0,False,False,False,False,True,False,False,False,False,False,False,False,False,False,False,False,False,False,False,False,False,False,False,False,True,False,False,False,False,False,False,False,False,False,False,False,False,True,False,False,False,False,True,False,True,False
d_236,0,2011-09-21,11134,5,9,2011,0,3,0,0.0,0.0,0.0,0.0,0.0,0.0,False,False,False,False,False,True,False,False,False,False,False,False,False,False,False,False,False,False,False,False,False,False,False,False,True,False,False,False,False,False,False,False,False,False,False,False,False,True,False,False,False,False,True,False,True,False
d_237,0,2011-09-22,11134,6,9,2011,0,3,0,0.0,0.0,0.0,0.0,0.0,0.0,False,False,False,True,False,False,False,False,False,False,False,False,False,False,False,False,False,False,False,False,False,False,False,False,True,False,False,False,False,False,False,False,False,False,False,False,False,True,False,False,False,False,True,False,True,False
d_238,0,2011-09-23,11134,7,9,2011,0,3,0,0.0,0.0,0.0,0.0,0.0,0.0,False,False,False,False,False,False,False,False,False,False,False,False,False,False,False,False,False,False,False,False,False,False,False,False,True,False,False,False,False,False,False,False,False,False,False,False,False,True,False,False,False,False,True,False,True,False
d_239,0,2011-09-24,11135,1,9,2011,0,3,1,0.0,0.0,0.0,0.0,0.0,0.0,False,True,False,False,False,False,False,False,False,False,False,False,False,False,False,False,False,False,False,False,False,False,False,False,True,False,False,False,False,False,False,False,False,False,False,False,False,True,False,False,False,False,True,False,True,False
d_240,420,2011-09-25,11135,2,9,2011,0,3,1,0.0,0.0,0.0,0.0,0.0,0.0,False,False,True,False,False,False,False,False,False,False,False,False,False,False,False,False,False,False,False,False,False,False,False,False,True,False,False,False,False,False,False,False,False,False,False,False,False,True,False,False,False,False,True,False,True,False
d_241,280,2011-09-26,11135,3,9,2011,0,3,0,420.0,0.0,0.0,60.0,15.0,158.74507866387543,True,False,False,False,False,False,False,False,False,False,False,False,False,False,False,False,False,False,False,False,False,False,False,False,True,False,False,False,False,False,False,False,False,False,False,False,False,True,False,False,False,False,True,False,True,False
d_242,273,2011-09-27,11135,4,9,2011,0,3,0,280.0,0.0,0.0,100.0,25.0,175.49928774784243,False,False,False,False,True,False,False,False,False,False,False,False,False,False,False,False,False,False,False,False,False,False,False,False,True,False,False,False,False,False,False,False,False,False,False,False,False,True,False,False,False,False,True,False,True,False
d_243,254,2011-09-28,11135,5,9,2011,0,3,0,273.0,0.0,0.0,139.0,34.75,179.85271752186566,False,False,False,False,False,True,False,False,False,False,False,False,False,False,False,False,False,False,False,False,False,False,False,False,True,False,False,False,False,False,False,False,False,False,False,False,False,True,False,False,False,False,True,False,True,False
d_244,240,2011-09-29,11135,6,9,2011,0,3,0,254.0,0.0,0.0,175.28571428571428,43.82142857142857,172.61200642453804,False,False,False,True,False,False,False,False,False,False,False,False,False,False,False,False,False,False,False,False,False,False,False,False,True,False,False,False,False,False,False,False,False,False,False,False,False,True,False,False,False,False,True,False,True,False
d_245,336,2011-09-30,11135,7,9,2011,0,3,0,240.0,0.0,0.0,209.57142857142858,52.392857142857146,154.92133180301235,False,False,False,False,False,False,False,False,False,False,False,False,False,False,False,False,False,False,False,False,False,False,False,False,True,False,False,False,False,False,False,False,False,False,False,False,False,True,False,False,False,False,True,False,True,False
d_246,478,2011-10-01,11136,1,10,2011,1,4,1,336.0,0.0,0.0,257.57142857142856,64.39285714285714,129.06052474563649,False,True,False,False,False,False,False,False,False,False,False,False,False,False,False,False,False,False,False,False,False,False,False,False,True,False,False,False,False,False,False,False,False,False,False,False,False,True,False,False,False,False,True,False,True,False
d_247,359,2011-10-02,11136,2,10,2011,1,4,1,478.0,420.0,0.0,325.85714285714283,81.46428571428571,90.87065637749181,False,False,True,False,False,False,False,False,False,False,False,False,False,False,False,False,False,False,False,False,False,False,False,False,True,False,False,False,False,False,False,False,False,False,False,False,False,True,False,False,False,False,True,False,True,False
d_248,234,2011-10-03,11136,3,10,2011,1,4,0,359.0,280.0,0.0,317.14285714285717,94.28571428571429,82.91447113628311,True,False,False,False,False,False,False,False,False,False,False,False,False,False,False,False,False,False,False,False,False,False,False,False,True,False,False,False,False,False,False,False,False,False,False,False,False,True,False,False,False,False,True,False,True,False
d_249,180,2011-10-04,11136,4,10,2011,1,4,0,234.0,273.0,0.0,310.57142857142856,102.64285714285714,88.01487969439627,False,False,False,False,True,False,False,False,False,False,False,False,False,False,False,False,False,False,False,False,False,False,False,False,True,False,False,False,False,False,False,False,False,False,False,False,False,True,False,False,False,False,True,False,True,False
d_250,170,2011-10-05,11136,5,10,2011,1,4,0,180.0,254.0,0.0,297.2857142857143,109.07142857142857,100.73184581801706,False,False,False,False,False,True,False,False,False,False,False,False,False,False,False,False,False,False,False,False,False,False,False,False,True,False,False,False,False,False,False,False,False,False,False,False,False,True,False,False,False,False,True,False,True,False
d_251,249,2011-10-06,11136,6,10,2011,1,4,0,170.0,240.0,0.0,285.2857142857143,115.14285714285714,111.20658596461256,False,False,False,True,False,False,False,False,False,False,False,False,False,False,False,False,False,False,False,False,False,False,False,False,True,False,False,False,False,False,False,False,False,False,False,False,False,True,False,False,False,False,True,False,True,False
d_252,254,2011-10-07,11136,7,10,2011,1,4,0,249.0,336.0,0.0,286.57142857142856,124.03571428571429,110.64636933771955,False,False,False,False,False,False,False,False,False,False,False,False,False,False,False,False,False,False,False,False,False,False,False,False,True,False,False,False,False,False,False,False,False,False,False,False,False,True,False,False,False,False,True,False,True,False
d_253,460,2011-10-08,11137,1,10,2011,1,4,1,254.0,478.0,0.0,274.85714285714283,133.10714285714286,108.86754730930082,False,True,False,False,False,False,False,False,False,False,False,False,False,False,False,False,False,False,False,False,False,False,False,False,True,False,False,False,False,False,False,False,False,False,False,False,False,True,False,False,False,False,True,False,True,False
d_254,170,2011-10-09,11137,2,10,2011,1,4,1,460.0,359.0,0.0,272.2857142857143,149.53571428571428,103.3420119243448,False,False,True,False,False,False,False,False,False,False,False,False,False,False,False,False,False,False,False,False,False,False,False,False,True,False,False,False,False,False,False,False,False,False,False,False,False,True,False,False,False,False,True,False,True,False
d_255,229,2011-10-10,11137,3,10,2011,1,4,0,170.0,234.0,0.0,245.28571428571428,155.60714285714286,101.58529139876217,True,False,False,False,False,False,False,False,True,False,False,False,False,False,False,False,False,False,False,False,False,False,False,False,False,False,False,False,False,False,False,False,False,False,False,False,True,False,False,False,False,False,True,False,True,False
d_256,225,2011-10-11,11137,4,10,2011,0,4,0,229.0,180.0,0.0,244.57142857142858,163.78571428571428,101.69539016569225,False,False,False,False,True,False,False,False,False,False,False,False,False,False,False,False,False,False,False,False,False,False,False,False,True,False,False,False,False,False,False,False,False,False,False,False,False,True,False,False,False,False,True,False,True,False
d_257,152,2011-10-12,11137,5,10,2011,0,4,0,225.0,170.0,0.0,251.0,171.82142857142858,98.29886401513835,False,False,False,False,False,True,False,False,False,False,False,False,False,False,False,False,False,False,False,False,False,False,False,False,True,False,False,False,False,False,False,False,False,False,False,False,False,True,False,False,False,False,True,False,True,False
d_258,248,2011-10-13,11137,6,10,2011,0,4,0,152.0,249.0,0.0,248.42857142857142,177.25,100.97005685326901,False,False,False,True,False,False,False,False,False,False,False,False,False,False,False,False,False,False,False,False,False,False,False,False,True,False,False,False,False,False,False,False,False,False,False,False,False,True,False,False,False,False,True,False,True,False
d_259,245,2011-10-14,11137,7,10,2011,0,4,0,248.0,254.0,0.0,248.28571428571428,186.10714285714286,100.96982104522498,False,False,False,False,False,False,False,False,False,False,False,False,False,False,False,False,False,False,False,False,False,False,False,False,True,False,False,False,False,False,False,False,False,False,False,False,False,True,False,False,False,False,True,False,True,False
d_260,303,2011-10-15,11138,1,10,2011,0,4,1,245.0,460.0,0.0,247.0,194.85714285714286,100.94222770145964,False,True,False,False,False,False,False,False,False,False,False,False,False,False,False,False,False,False,False,False,False,False,False,False,True,False,False,False,False,False,False,False,False,False,False,False,False,True,False,False,False,False,True,False,True,False
d_261,336,2011-10-16,11138,2,10,2011,0,4,1,303.0,170.0,0.0,224.57142857142858,205.67857142857142,50.63219378635534,False,False,True,False,False,False,False,False,False,False,False,False,False,False,False,False,False,False,False,False,False,False,False,False,True,False,False,False,False,False,False,False,False,False,False,False,False,True,False,False,False,False,True,False,True,False
d_262,206,2011-10-17,11138,3,10,2011,0,4,0,336.0,229.0,0.0,248.28571428571428,217.67857142857142,58.996367926944636,True,False,False,False,False,False,False,False,False,False,False,False,False,False,False,False,False,False,False,False,False,False,False,False,True,False,False,False,False,False,False,False,False,False,False,False,False,True,False,False,False,False,True,False,True,False
d_263,266,2011-10-18,11138,4,10,2011,0,4,0,206.0,225.0,0.0,245.0,225.03571428571428,60.8604962188117,False,False,False,False,True,False,False,False,False,False,False,False,False,False,False,False,False,False,False,False,False,False,False,False,True,False,False,False,False,False,False,False,False,False,False,False,False,True,False,False,False,False,True,False,True,False
d_264,219,2011-10-19,11138,5,10,2011,0,4,0,266.0,152.0,0.0,250.85714285714286,234.53571428571428,60.58720594159724,False,False,False,False,False,True,False,False,False,False,False,False,False,False,False,False,False,False,False,False,False,False,False,False,True,False,False,False,False,False,False,False,False,False,False,False,False,True,False,False,False,False,True,False,True,False
d_265,249,2011-10-20,11138,6,10,2011,0,4,0,219.0,248.0,0.0,260.42857142857144,242.35714285714286,45.87249409270992,False,False,False,True,False,False,False,False,False,False,False,False,False,False,False,False,False,False,False,False,False,False,False,False,True,False,False,False,False,False,False,False,False,False,False,False,False,True,False,False,False,False,True,False,True,False
d_266,267,2011-10-21,11138,7,10,2011,0,4,0,249.0,245.0,0.0,260.57142857142856,251.25,45.82887424196351,False,False,False,False,False,False,False,False,False,False,False,False,False,False,False,False,False,False,False,False,False,False,False,False,True,False,False,False,False,False,False,False,False,False,False,False,False,True,False,False,False,False,True,False,True,False
d_267,371,2011-10-22,11139,1,10,2011,0,4,1,267.0,303.0,0.0,263.7142857142857,260.7857142857143,45.334733871923056,False,True,False,False,False,False,False,False,False,False,False,False,False,False,False,False,False,False,False,False,False,False,False,False,True,False,False,False,False,False,False,False,False,False,False,False,False,True,False,False,False,False,True,False,True,False
d_268,263,2011-10-23,11139,2,10,2011,0,4,1,371.0,336.0,420.0,273.42857142857144,274.0357142857143,60.05235810761897,False,False,True,False,False,False,False,False,False,False,False,False,False,False,False,False,False,False,False,False,False,False,False,False,True,False,False,False,False,False,False,False,False,False,False,False,False,True,False,False,False,False,True,False,True,False
d_269,189,2011-10-24,11139,3,10,2011,0,4,0,263.0,206.0,280.0,263.0,268.42857142857144,53.33854141237828,True,False,False,False,False,False,False,False,False,False,False,False,False,False,False,False,False,False,False,False,False,False,False,False,True,False,False,False,False,False,False,False,False,False,False,False,False,True,False,False,False,False,True,False,True,False
d_270,218,2011-10-25,11139,4,10,2011,0,4,0,189.0,266.0,273.0,260.57142857142856,265.17857142857144,56.65055793446085,False,False,False,False,True,False,False,False,False,False,False,False,False,False,False,False,False,False,False,False,False,False,False,False,True,False,False,False,False,False,False,False,False,False,False,False,False,True,False,False,False,False,True,False,True,False
d_271,163,2011-10-26,11139,5,10,2011,0,4,0,218.0,219.0,254.0,253.71428571428572,263.2142857142857,58.750075987792705,False,False,False,False,False,True,False,False,False,False,False,False,False,False,False,False,False,False,False,False,False,False,False,False,True,False,False,False,False,False,False,False,False,False,False,False,False,True,False,False,False,False,True,False,True,False
d_272,212,2011-10-27,11139,6,10,2011,0,4,0,163.0,249.0,240.0,245.71428571428572,259.9642857142857,67.43568364428,False,False,False,True,False,False,False,False,False,False,False,False,False,False,False,False,False,False,False,False,False,False,False,False,True,False,False,False,False,False,False,False,False,False,False,False,False,True,False,False,False,False,True,False,True,False
d_273,250,2011-10-28,11139,7,10,2011,0,4,0,212.0,267.0,336.0,240.42857142857142,258.9642857142857,68.57564471165422,False,False,False,False,False,False,False,False,False,False,False,False,False,False,False,False,False,False,False,False,False,False,False,False,True,False,False,False,False,False,False,False,False,False,False,False,False,True,False,False,False,False,True,False,True,False
d_274,302,2011-10-29,11140,1,10,2011,0,4,1,250.0,371.0,478.0,238.0,255.89285714285714,67.77413469261938,False,True,False,False,False,False,False,False,False,False,False,False,False,False,False,False,False,False,False,False,False,False,False,False,True,False,False,False,False,False,False,False,False,False,False,False,False,True,False,False,False,False,True,False,True,False
d_275,299,2011-10-30,11140,2,10,2011,0,4,1,302.0,263.0,359.0,228.14285714285714,249.60714285714286,47.058221284661485,False,False,True,False,False,False,False,False,False,False,False,False,False,False,False,False,False,False,False,False,False,False,False,False,True,False,False,False,False,False,False,False,False,False,False,False,False,True,False,False,False,False,True,False,True,False
d_276,187,2011-10-31,11140,3,10,2011,0,4,0,299.0,189.0,234.0,233.28571428571428,247.46428571428572,53.083940715669755,True,False,False,False,False,False,False,False,False,False,False,False,False,True,False,False,False,False,False,False,False,False,False,False,False,False,False,False,False,False,False,False,False,False,False,False,False,False,False,False,False,False,True,False,True,False
d_277,187,2011-11-01,11140,4,11,2011,1,4,0,187.0,218.0,180.0,233.0,245.78571428571428,53.36665625650514,False,False,False,False,True,False,False,False,False,False,False,False,False,False,False,False,False,False,False,False,False,False,False,False,True,False,False,False,False,False,False,False,False,False,False,False,False,True,False,False,False,False,True,False,True,False
d_278,168,2011-11-02,11140,5,11,2011,1,4,0,187.0,163.0,170.0,228.57142857142858,246.03571428571428,56.038252241533115,False,False,False,False,False,True,False,False,False,False,False,False,False,False,False,False,False,False,False,False,False,False,False,False,True,False,False,False,False,False,False,False,False,False,False,False,False,True,False,False,False,False,True,False,True,False
d_279,289,2011-11-03,11140,6,11,2011,1,4,0,168.0,212.0,249.0,229.28571428571428,245.96428571428572,55.0869442660546,False,False,False,True,False,False,False,False,False,False,False,False,False,False,False,False,False,False,False,False,False,False,False,False,True,False,False,False,False,False,False,False,False,False,False,False,False,True,False,False,False,False,True,False,True,False
d_280,188,2011-11-04,11140,7,11,2011,1,4,0,289.0,250.0,254.0,240.28571428571428,247.39285714285714,58.6336487173086,False,False,False,False,False,False,False,False,False,False,False,False,False,False,False,False,False,False,False,False,False,False,False,False,True,False,False,False,False,False,False,False,False,False,False,False,False,True,False,False,False,False,True,False,True,False
d_281,329,2011-11-05,11141,1,11,2011,1,4,1,188.0,302.0,460.0,231.42857142857142,245.03571428571428,61.53280193754947,False,True,False,False,False,False,False,False,False,False,False,False,False,False,False,False,False,False,False,False,False,False,False,False,True,False,False,False,False,False,False,False,False,False,False,False,False,True,False,False,False,False,True,False,True,False
d_282,224,2011-11-06,11141,2,11,2011,1,4,1,329.0,299.0,170.0,235.28571428571428,240.35714285714286,67.2723674964053,False,False,True,False,False,False,False,False,False,False,False,False,False,False,False,False,False,False,False,False,False,False,False,False,True,False,False,False,False,False,False,False,False,False,False,False,False,True,False,False,False,False,True,False,True,False
d_283,183,2011-11-07,11141,3,11,2011,1,4,0,224.0,187.0,229.0,224.57142857142858,242.28571428571428,61.12516432931439,True,False,False,False,False,False,False,False,False,False,False,True,False,False,False,False,False,False,False,False,False,False,False,False,False,False,False,False,False,False,False,False,False,False,False,False,False,False,True,False,False,False,True,False,True,False
d_284,175,2011-11-08,11141,4,11,2011,1,4,0,183.0,187.0,225.0,224.0,240.64285714285714,61.5521459143923,False,False,False,False,True,False,False,False,False,False,False,False,False,False,False,False,False,False,False,False,False,False,False,False,True,False,False,False,False,False,False,False,False,False,False,False,False,True,False,False,False,False,True,False,True,False
d_285,161,2011-11-09,11141,5,11,2011,1,4,0,175.0,168.0,152.0,222.28571428571428,238.85714285714286,62.906582288645026,False,False,False,False,False,True,False,False,False,False,False,False,False,False,False,False,False,False,False,False,False,False,False,False,True,False,False,False,False,False,False,False,False,False,False,False,False,True,False,False,False,False,True,False,True,False
d_286,210,2011-11-10,11141,6,11,2011,1,4,0,161.0,289.0,248.0,221.28571428571428,239.17857142857142,63.96018106529041,False,False,False,True,False,False,False,False,False,False,False,False,False,False,False,False,False,False,False,False,False,False,False,False,True,False,False,False,False,False,False,False,False,False,False,False,False,True,False,False,False,False,True,False,True,False
d_287,324,2011-11-11,11141,7,11,2011,0,4,0,210.0,188.0,245.0,210.0,237.82142857142858,56.56264963147767,False,False,False,False,False,False,False,False,False,False,False,False,False,False,False,False,False,False,False,False,False,False,False,False,False,False,False,False,False,False,False,False,False,False,False,True,True,False,False,False,False,False,True,False,True,False
d_288,413,2011-11-12,11142,1,11,2011,0,4,1,324.0,329.0,303.0,229.42857142857142,240.64285714285714,69.60090311400917,False,True,False,False,False,False,False,False,False,False,False,False,False,False,False,False,False,False,False,False,False,False,False,False,True,False,False,False,False,False,False,False,False,False,False,False,False,True,False,False,False,False,True,False,True,False
d_289,347,2011-11-13,11142,2,11,2011,0,4,1,413.0,224.0,336.0,241.42857142857142,244.57142857142858,92.95313719442554,False,False,True,False,False,False,False,False,False,False,False,False,False,False,False,False,False,False,False,False,False,False,False,False,True,False,False,False,False,False,False,False,False,False,False,False,False,True,False,False,False,False,True,False,True,False
d_290,280,2011-11-14,11142,3,11,2011,0,4,0,347.0,183.0,206.0,259.0,244.96428571428572,100.4340579684003,True,False,False,False,False,False,False,False,False,False,False,False,False,False,False,False,False,False,False,False,False,False,False,False,True,False,False,False,False,False,False,False,False,False,False,False,False,True,False,False,False,False,True,False,True,False
d_291,186,2011-11-15,11142,4,11,2011,0,4,0,280.0,175.0,266.0,272.85714285714283,247.60714285714286,94.7301933060918,False,False,False,False,True,False,False,False,False,False,False,False,False,False,False,False,False,False,False,False,False,False,False,False,True,False,False,False,False,False,False,False,False,False,False,False,False,True,False,False,False,False,True,False,True,False
d_292,144,2011-11-16,11142,5,11,2011,0,4,0,186.0,161.0,219.0,274.42857142857144,244.75,92.91009479214684,False,False,False,False,False,True,False,False,False,False,False,False,False,False,False,False,False,False,False,False,False,False,False,False,True,False,False,False,False,False,False,False,False,False,False,False,False,True,False,False,False,False,True,False,True,False
d_293,229,2011-11-17,11142,6,11,2011,0,4,0,144.0,210.0,249.0,272.0,242.07142857142858,96.52115484873423,False,False,False,True,False,False,False,False,False,False,False,False,False,False,False,False,False,False,False,False,False,False,False,False,True,False,False,False,False,False,False,False,False,False,False,False,False,True,False,False,False,False,True,False,True,False
d_294,377,2011-11-18,11142,7,11,2011,0,4,0,229.0,324.0,267.0,274.7142857142857,241.35714285714286,94.73773321775275,False,False,False,False,False,False,False,False,False,False,False,False,False,False,False,False,False,False,False,False,False,False,False,False,True,False,False,False,False,False,False,False,False,False,False,False,False,True,False,False,False,False,True,False,True,False
d_295,495,2011-11-19,11143,1,11,2011,0,4,1,377.0,413.0,371.0,282.2857142857143,245.28571428571428,101.22864266223318,False,True,False,False,False,False,False,False,False,False,False,False,False,False,False,False,False,False,False,False,False,False,False,False,True,False,False,False,False,False,False,False,False,False,False,False,False,True,False,False,False,False,True,False,True,False
d_296,132,2011-11-20,11143,2,11,2011,0,4,1,495.0,347.0,263.0,294.0,249.71428571428572,121.57576512885565,False,False,True,False,False,False,False,False,False,False,False,False,False,False,False,False,False,False,False,False,False,False,False,False,True,False,False,False,False,False,False,False,False,False,False,False,False,True,False,False,False,False,True,False,True,False
d_297,248,2011-11-21,11143,3,11,2011,0,4,0,132.0,280.0,189.0,263.2857142857143,245.03571428571428,132.6118575463927,True,False,False,False,False,False,False,False,False,False,False,False,False,False,False,False,False,False,False,False,False,False,False,False,True,False,False,False,False,False,False,False,False,False,False,False,False,True,False,False,False,False,True,False,True,False
d_298,315,2011-11-22,11143,4,11,2011,0,4,0,248.0,186.0,218.0,258.7142857142857,247.14285714285714,132.49114974935026,False,False,False,False,True,False,False,False,False,False,False,False,False,False,False,False,False,False,False,False,False,False,False,False,True,False,False,False,False,False,False,False,False,False,False,False,False,True,False,False,False,False,True,False,True,False
d_299,561,2011-11-23,11143,5,11,2011,0,4,0,315.0,144.0,163.0,277.14285714285717,250.60714285714286,129.6320800977759,False,False,False,False,False,True,False,False,False,False,False,False,False,False,False,False,False,False,False,False,False,False,False,False,True,False,False,False,False,False,False,False,False,False,False,False,False,True,False,False,False,False,True,False,True,False
d_300,166,2011-11-24,11143,6,11,2011,0,4,0,561.0,229.0,212.0,336.7142857142857,264.82142857142856,152.114774962542,False,False,False,True,False,False,False,False,False,False,False,False,False,False,False,False,False,False,False,False,False,False,False,False,False,False,False,False,False,False,False,False,False,True,False,False,True,False,False,False,False,False,True,False,True,False
d_301,134,2011-11-25,11143,7,11,2011,0,4,0,166.0,377.0,250.0,327.7142857142857,263.17857142857144,161.14560112489818,False,False,False,False,False,False,False,False,False,False,False,False,False,False,False,False,False,False,False,False,False,False,False,False,True,False,False,False,False,False,False,False,False,False,False,False,False,True,False,False,False,False,True,False,True,False
d_302,204,2011-11-26,11144,1,11,2011,0,4,1,134.0,495.0,302.0,293.0,259.0357142857143,174.38845527538038,False,True,False,False,False,False,False,False,False,False,False,False,False,False,False,False,False,False,False,False,False,False,False,False,True,False,False,False,False,False,False,False,False,False,False,False,False,True,False,False,False,False,True,False,True,False
d_303,237,2011-11-27,11144,2,11,2011,0,4,1,204.0,132.0,299.0,251.42857142857142,255.53571428571428,151.37575449066816,False,False,True,False,False,False,False,False,False,False,False,False,False,False,False,False,False,False,False,False,False,False,False,False,True,False,False,False,False,False,False,False,False,False,False,False,False,True,False,False,False,False,True,False,True,False
d_304,124,2011-11-28,11144,3,11,2011,0,4,0,237.0,248.0,187.0,266.42857142857144,253.32142857142858,142.51182072943652,True,False,False,False,False,False,False,False,False,False,False,False,False,False,False,False,False,False,False,False,False,False,False,False,True,False,False,False,False,False,False,False,False,False,False,False,False,True,False,False,False,False,True,False,True,False
d_305,163,2011-11-29,11144,4,11,2011,0,4,0,124.0,315.0,187.0,248.71428571428572,251.07142857142858,152.53820754782967,False,False,False,False,True,False,False,False,False,False,False,False,False,False,False,False,False,False,False,False,False,False,False,False,True,False,False,False,False,False,False,False,False,False,False,False,False,True,False,False,False,False,True,False,True,False
d_306,185,2011-11-30,11144,5,11,2011,0,4,0,163.0,561.0,168.0,227.0,250.21428571428572,152.34828518890518,False,False,False,False,False,True,False,False,False,False,False,False,False,False,False,False,False,False,False,False,False,False,False,False,True,False,False,False,False,False,False,False,False,False,False,False,False,True,False,False,False,False,True,False,True,False
d_307,246,2011-12-01,11144,6,12,2011,1,4,0,185.0,166.0,289.0,173.28571428571428,250.82142857142858,39.30951659888567,False,False,False,True,False,False,False,False,False,False,False,False,False,False,False,False,False,False,False,False,False,False,False,False,True,False,False,False,False,False,False,False,False,False,False,False,False,True,False,False,False,False,True,False,True,False
d_308,214,2011-12-02,11144,7,12,2011,1,4,0,246.0,134.0,188.0,184.71428571428572,249.28571428571428,47.59451749138836,False,False,False,False,False,False,False,False,False,False,False,False,False,False,False,False,False,False,False,False,False,False,False,False,True,False,False,False,False,False,False,False,False,False,False,False,False,True,False,False,False,False,True,False,True,False
d_309,282,2011-12-03,11145,1,12,2011,1,4,1,214.0,204.0,329.0,196.14285714285714,250.21428571428572,42.745091614626794,False,True,False,False,False,False,False,False,False,False,False,False,False,False,False,False,False,False,False,False,False,False,False,False,True,False,False,False,False,False,False,False,False,False,False,False,False,True,False,False,False,False,True,False,True,False
d_310,377,2011-12-04,11145,2,12,2011,1,4,1,282.0,237.0,224.0,207.28571428571428,248.53571428571428,53.856953391102735,False,False,True,False,False,False,False,False,False,False,False,False,False,False,False,False,False,False,False,False,False,False,False,False,True,False,False,False,False,False,False,False,False,False,False,False,False,True,False,False,False,False,True,False,True,False
d_311,343,2011-12-05,11145,3,12,2011,1,4,0,377.0,124.0,183.0,227.28571428571428,254.0,84.18573569933379,True,False,False,False,False,False,False,False,False,False,False,False,False,False,False,False,False,False,False,False,False,False,False,False,True,False,False,False,False,False,False,False,False,False,False,False,False,True,False,False,False,False,True,False,True,False
d_312,261,2011-12-06,11145,4,12,2011,1,4,0,343.0,163.0,175.0,258.57142857142856,259.7142857142857,79.99345211298471,False,False,False,False,True,False,False,False,False,False,False,False,False,False,False,False,False,False,False,False,False,False,False,False,True,False,False,False,False,False,False,False,False,False,False,False,False,True,False,False,False,False,True,False,True,False
d_313,230,2011-12-07,11145,5,12,2011,1,4,0,261.0,185.0,161.0,272.57142857142856,262.7857142857143,68.18322653668118,False,False,False,False,False,True,False,False,False,False,False,False,False,False,False,False,False,False,False,False,False,False,False,False,True,False,False,False,False,False,False,False,False,False,False,False,False,True,False,False,False,False,True,False,True,False
d_314,206,2011-12-08,11145,6,12,2011,1,4,0,230.0,246.0,210.0,279.0,265.25,60.20520464766042,False,False,False,True,False,False,False,False,False,False,False,False,False,False,False,False,False,False,False,False,False,False,False,False,True,False,False,False,False,False,False,False,False,False,False,False,False,True,False,False,False,False,True,False,True,False
d_315,304,2011-12-09,11145,7,12,2011,1,4,0,206.0,214.0,324.0,273.2857142857143,265.10714285714283,65.52280591700953,False,False,False,False,False,False,False,False,False,False,False,False,False,False,False,False,False,False,False,False,False,False,False,False,True,False,False,False,False,False,False,False,False,False,False,False,False,True,False,False,False,False,True,False,True,False
d_316,382,2011-12-10,11146,1,12,2011,1,4,1,304.0,282.0,413.0,286.14285714285717,264.39285714285717,60.59545794702382,False,True,False,False,False,False,False,False,False,False,False,False,False,False,False,False,False,False,False,False,False,False,False,False,True,False,False,False,False,False,False,False,False,False,False,False,False,True,False,False,False,False,True,False,True,False
d_317,286,2011-12-11,11146,2,12,2011,0,4,1,382.0,377.0,347.0,300.42857142857144,263.2857142857143,70.4434930585198,False,False,True,False,False,False,False,False,False,False,False,False,False,False,False,False,False,False,False,False,False,False,False,False,True,False,False,False,False,False,False,False,False,False,False,False,False,True,False,False,False,False,True,False,True,False
d_318,246,2011-12-12,11146,3,12,2011,0,4,0,286.0,343.0,280.0,287.42857142857144,261.10714285714283,61.827332528737294,True,False,False,False,False,False,False,False,False,False,False,False,False,False,False,False,False,False,False,False,False,False,False,False,True,False,False,False,False,False,False,False,False,False,False,False,False,True,False,False,False,False,True,False,True,False
d_319,260,2011-12-13,11146,4,12,2011,0,4,0,246.0,261.0,186.0,273.57142857142856,259.89285714285717,58.05129094992105,False,False,False,False,True,False,False,False,False,False,False,False,False,False,False,False,False,False,False,False,False,False,False,False,True,False,False,False,False,False,False,False,False,False,False,False,False,True,False,False,False,False,True,False,True,False
d_320,199,2011-12-14,11146,5,12,2011,0,4,0,260.0,230.0,144.0,273.42857142857144,262.5357142857143,58.08860227519438,False,False,False,False,False,True,False,False,False,False,False,False,False,False,False,False,False,False,False,False,False,False,False,False,True,False,False,False,False,False,False,False,False,False,False,False,False,True,False,False,False,False,True,False,True,False
d_321,304,2011-12-15,11146,6,12,2011,0,4,0,199.0,206.0,229.0,269.0,264.5,62.93117934166923,False,False,False,True,False,False,False,False,False,False,False,False,False,False,False,False,False,False,False,False,False,False,False,False,True,False,False,False,False,False,False,False,False,False,False,False,False,True,False,False,False,False,True,False,True,False
d_322,377,2011-12-16,11146,7,12,2011,0,4,0,304.0,304.0,377.0,283.0,267.17857142857144,57.22179072113472,False,False,False,False,False,False,False,False,False,False,False,False,False,False,False,False,False,False,False,False,False,False,False,False,True,False,False,False,False,False,False,False,False,False,False,False,False,True,False,False,False,False,True,False,True,False
d_323,341,2011-12-17,11147,1,12,2011,0,4,1,377.0,382.0,495.0,293.42857142857144,267.17857142857144,67.428621872459,False,True,False,False,False,False,False,False,False,False,False,False,False,False,False,False,False,False,False,False,False,False,False,False,True,False,False,False,False,False,False,False,False,False,False,False,False,True,False,False,False,False,True,False,True,False
d_324,289,2011-12-18,11147,2,12,2011,0,4,1,341.0,286.0,132.0,287.57142857142856,261.67857142857144,59.80205443198186,False,False,True,False,False,False,False,False,False,False,False,False,False,False,False,False,False,False,False,False,False,False,False,False,True,False,False,False,False,False,False,False,False,False,False,False,False,True,False,False,False,False,True,False,True,False
d_325,307,2011-12-19,11147,3,12,2011,0,4,0,289.0,246.0,248.0,288.0,267.2857142857143,59.79966555090427,True,False,False,False,False,False,False,False,False,False,False,False,False,False,False,False,False,False,False,False,False,False,False,False,True,False,False,False,False,False,False,False,False,False,False,False,False,True,False,False,False,False,True,False,True,False
d_326,300,2011-12-20,11147,4,12,2011,0,4,0,307.0,260.0,315.0,296.7142857142857,269.39285714285717,57.040086155014144,False,False,False,False,True,False,False,False,False,False,False,False,False,False,False,False,False,False,False,False,False,False,False,False,True,False,False,False,False,False,False,False,False,False,False,False,False,True,False,False,False,False,True,False,True,False
d_327,264,2011-12-21,11147,5,12,2011,0,4,0,300.0,199.0,561.0,302.42857142857144,268.85714285714283,54.704835687707316,False,False,False,False,False,True,False,False,False,False,False,False,False,False,False,False,False,False,False,False,False,False,False,False,True,False,False,False,False,False,False,False,False,False,False,False,False,True,False,False,False,False,True,False,True,False
d_328,289,2011-12-22,11147,6,12,2011,0,4,0,264.0,304.0,166.0,311.7142857142857,258.25,36.81355857884571,False,False,False,True,False,False,False,False,False,False,False,False,False,False,False,False,False,False,False,False,False,False,False,False,True,False,False,False,False,False,False,False,False,False,False,False,False,True,False,False,False,False,True,False,True,False
d_329,633,2011-12-23,11147,7,12,2011,0,4,0,289.0,377.0,134.0,309.57142857142856,262.64285714285717,37.76178466323314,False,False,False,False,False,False,False,False,False,False,False,False,False,False,False,False,False,False,False,False,False,False,False,False,True,False,False,False,False,False,False,False,False,False,False,False,False,True,False,False,False,False,True,False,True,False
d_330,619,2011-12-24,11148,1,12,2011,0,4,1,633.0,341.0,204.0,346.14285714285717,280.4642857142857,128.61626202445348,False,True,False,False,False,False,False,False,False,False,False,False,False,False,False,False,False,False,False,False,False,False,False,False,True,False,False,False,False,False,False,False,False,False,False,False,False,True,False,False,False,False,True,False,True,False
d_331,0,2011-12-25,11148,2,12,2011,0,4,1,619.0,289.0,237.0,385.85714285714283,295.2857142857143,164.63943287421418,False,False,True,False,False,False,True,False,False,False,False,False,False,False,False,False,False,False,False,False,False,False,False,False,False,False,False,False,False,False,False,False,False,False,False,False,True,False,False,False,False,False,True,False,True,False
d_332,233,2011-12-26,11148,3,12,2011,0,4,0,0.0,307.0,124.0,344.57142857142856,286.82142857142856,219.92791026671838,True,False,False,False,False,False,False,False,False,False,False,False,False,False,False,False,False,False,False,False,False,False,False,False,True,False,False,False,False,False,False,False,False,False,False,False,False,True,False,False,False,False,True,False,True,False
d_333,181,2011-12-27,11148,4,12,2011,0,4,0,233.0,300.0,163.0,334.0,290.7142857142857,223.77965352849517,False,False,False,False,True,False,False,False,False,False,False,False,False,False,False,False,False,False,False,False,False,False,False,False,True,False,False,False,False,False,False,False,False,False,False,False,False,True,False,False,False,False,True,False,True,False
d_334,352,2011-12-28,11148,5,12,2011,0,4,0,181.0,264.0,185.0,317.0,291.35714285714283,231.19039772447297,False,False,False,False,False,True,False,False,False,False,False,False,False,False,False,False,False,False,False,False,False,False,False,False,False,False,False,False,False,False,False,False,False,False,False,False,False,False,True,False,False,False,True,False,True,False
d_335,278,2011-12-29,11148,6,12,2011,0,4,0,352.0,289.0,246.0,329.57142857142856,297.32142857142856,230.21863314601416,False,False,False,True,False,False,False,False,False,False,False,False,False,False,False,False,False,False,False,False,False,False,False,False,True,False,False,False,False,False,False,False,False,False,False,False,False,True,False,False,False,False,True,False,True,False
d_336,585,2011-12-30,11148,7,12,2011,0,4,0,278.0,633.0,214.0,328.0,298.4642857142857,230.57898140695016,False,False,False,False,False,False,False,False,False,False,False,False,False,False,False,False,False,False,False,False,False,False,False,False,True,False,False,False,False,False,False,False,False,False,False,False,False,True,False,False,False,False,True,False,True,False
d_337,693,2011-12-31,11149,1,12,2011,0,4,1,585.0,619.0,282.0,321.14285714285717,311.7142857142857,220.48993066307932,False,True,False,False,False,False,False,False,False,False,False,False,False,False,False,False,False,False,False,False,False,False,False,False,True,False,False,False,False,False,False,False,False,False,False,False,False,True,False,False,False,False,True,False,True,False
d_338,246,2012-01-01,11149,2,1,2012,1,1,1,693.0,0.0,377.0,331.7142857142857,326.39285714285717,238.21259012747018,False,False,True,False,False,False,False,False,False,False,False,False,False,False,False,False,False,False,False,False,False,False,False,True,False,False,False,False,False,False,False,False,False,False,False,False,True,False,False,False,False,False,True,False,True,False
d_339,359,2012-01-02,11149,3,1,2012,1,1,0,246.0,233.0,343.0,366.85714285714283,321.7142857142857,195.42213161208107,True,False,False,False,False,False,False,False,False,False,False,False,False,False,False,False,False,False,False,False,False,False,False,False,True,False,False,False,False,False,False,False,False,False,False,False,False,True,False,False,False,False,True,False,True,False
d_340,194,2012-01-03,11149,4,1,2012,1,1,0,359.0,181.0,261.0,384.85714285714283,322.2857142857143,186.64353598185377,False,False,False,False,True,False,False,False,False,False,False,False,False,False,False,False,False,False,False,False,False,False,False,False,True,False,False,False,False,False,False,False,False,False,False,False,False,True,False,False,False,False,True,False,True,False
d_341,169,2012-01-04,11149,5,1,2012,1,1,0,194.0,352.0,230.0,386.7142857142857,319.89285714285717,184.32734856382936,False,False,False,False,False,True,False,False,False,False,False,False,False,False,False,False,False,False,False,False,False,False,False,False,True,False,False,False,False,False,False,False,False,False,False,False,False,True,False,False,False,False,True,False,True,False
d_342,220,2012-01-05,11149,6,1,2012,1,1,0,169.0,278.0,206.0,360.57142857142856,317.7142857142857,202.18379191786303,False,False,False,True,False,False,False,False,False,False,False,False,False,False,False,False,False,False,False,False,False,False,False,False,True,False,False,False,False,False,False,False,False,False,False,False,False,True,False,False,False,False,True,False,True,False
d_343,194,2012-01-06,11149,7,1,2012,1,1,0,220.0,585.0,304.0,352.2857142857143,318.2142857142857,207.25645489402282,False,False,False,False,False,False,False,False,False,False,False,False,False,False,False,False,False,False,False,False,False,False,False,False,True,False,False,False,False,False,False,False,False,False,False,False,False,True,False,False,False,False,True,False,True,False
d_344,301,2012-01-07,11150,1,1,2012,1,1,1,194.0,693.0,382.0,296.42857142857144,314.2857142857143,185.64738721822184,False,True,False,False,False,False,False,False,False,False,False,False,False,False,False,False,False,False,False,False,False,False,False,False,False,True,False,False,False,False,False,False,False,False,False,False,False,False,True,False,False,False,True,False,True,False
d_345,315,2012-01-08,11150,2,1,2012,1,1,1,301.0,246.0,286.0,240.42857142857142,311.39285714285717,67.81066077163483,False,False,True,False,False,False,False,False,False,False,False,False,False,False,False,False,False,False,False,False,False,False,False,False,True,False,False,False,False,False,False,False,False,False,False,False,False,True,False,False,False,False,True,False,True,False
d_346,196,2012-01-09,11150,3,1,2012,1,1,0,315.0,359.0,246.0,250.28571428571428,312.42857142857144,73.52939159663602,True,False,False,False,False,False,False,False,False,False,False,False,False,False,False,False,False,False,False,False,False,False,False,False,True,False,False,False,False,False,False,False,False,False,False,False,False,True,False,False,False,False,True,False,True,False
d_347,177,2012-01-10,11150,4,1,2012,1,1,0,196.0,194.0,260.0,227.0,310.64285714285717,57.40499397555368,False,False,False,False,True,False,False,False,False,False,False,False,False,False,False,False,False,False,False,False,False,False,False,False,True,False,False,False,False,False,False,False,False,False,False,False,False,True,False,False,False,False,True,False,True,False
d_348,151,2012-01-11,11150,5,1,2012,0,1,0,177.0,169.0,199.0,224.57142857142858,307.67857142857144,59.360079578948245,False,False,False,False,False,True,False,False,False,False,False,False,False,False,False,False,False,False,False,False,False,False,False,False,True,False,False,False,False,False,False,False,False,False,False,False,False,True,False,False,False,False,True,False,True,False
d_349,169,2012-01-12,11150,6,1,2012,0,1,0,151.0,220.0,304.0,222.0,305.9642857142857,62.476662309484446,False,False,False,True,False,False,False,False,False,False,False,False,False,False,False,False,False,False,False,False,False,False,False,False,True,False,False,False,False,False,False,False,False,False,False,False,False,True,False,False,False,False,True,False,True,False
d_350,247,2012-01-13,11150,7,1,2012,0,1,0,169.0,194.0,377.0,214.71428571428572,301.14285714285717,65.64224830019751,False,False,False,False,False,False,False,False,False,False,False,False,False,False,False,False,False,False,False,False,False,False,False,False,True,False,False,False,False,False,False,False,False,False,False,False,False,True,False,False,False,False,True,False,True,False
d_351,328,2012-01-14,11151,1,1,2012,0,1,1,247.0,301.0,341.0,222.28571428571428,296.5,65.91083442984252,False,True,False,False,False,False,False,False,False,False,False,False,False,False,False,False,False,False,False,False,False,False,False,False,True,False,False,False,False,False,False,False,False,False,False,False,False,True,False,False,False,False,True,False,True,False
d_352,259,2012-01-15,11151,2,1,2012,0,1,1,328.0,315.0,289.0,226.14285714285714,296.0357142857143,71.81092899976677,False,False,True,False,False,False,False,False,False,False,False,False,False,False,False,False,False,False,False,False,False,False,False,False,True,False,False,False,False,False,False,False,False,False,False,False,False,True,False,False,False,False,True,False,True,False
d_353,217,2012-01-16,11151,3,1,2012,0,1,0,259.0,196.0,307.0,218.14285714285714,294.9642857142857,62.818332174158186,True,False,False,False,False,False,False,False,False,False,False,False,False,False,False,False,False,False,True,False,False,False,False,False,False,False,False,False,False,False,False,False,False,False,False,False,True,False,False,False,False,False,True,False,True,False
d_354,195,2012-01-17,11151,4,1,2012,0,1,0,217.0,177.0,300.0,221.14285714285714,291.75,62.081743348128335,False,False,False,False,True,False,False,False,False,False,False,False,False,False,False,False,False,False,False,False,False,False,False,False,True,False,False,False,False,False,False,False,False,False,False,False,False,True,False,False,False,False,True,False,True,False
d_355,151,2012-01-18,11151,5,1,2012,0,1,0,195.0,151.0,264.0,223.71428571428572,288.0,60.29569991775075,False,False,False,False,False,True,False,False,False,False,False,False,False,False,False,False,False,False,False,False,False,False,False,False,True,False,False,False,False,False,False,False,False,False,False,False,False,True,False,False,False,False,True,False,True,False
d_356,171,2012-01-19,11151,6,1,2012,0,1,0,151.0,169.0,289.0,223.71428571428572,283.9642857142857,60.29569991775075,False,False,False,True,False,False,False,False,False,False,False,False,False,False,False,False,False,False,False,False,False,False,False,False,True,False,False,False,False,False,False,False,False,False,False,False,False,True,False,False,False,False,True,False,True,False
d_357,189,2012-01-20,11151,7,1,2012,0,1,0,171.0,247.0,633.0,224.0,279.75,59.997222157919,False,False,False,False,False,False,False,False,False,False,False,False,False,False,False,False,False,False,False,False,False,False,False,False,True,False,False,False,False,False,False,False,False,False,False,False,False,True,False,False,False,False,True,False,True,False
d_358,449,2012-01-21,11152,1,1,2012,0,1,1,189.0,328.0,619.0,215.71428571428572,263.89285714285717,60.29569991775076,False,True,False,False,False,False,False,False,False,False,False,False,False,False,False,False,False,False,False,False,False,False,False,False,True,False,False,False,False,False,False,False,False,False,False,False,False,True,False,False,False,False,True,False,True,False
d_359,314,2012-01-22,11152,2,1,2012,0,1,1,449.0,259.0,0.0,233.0,257.82142857142856,101.27191120937741,False,False,True,False,False,False,False,False,False,False,False,False,False,False,False,False,False,False,False,False,False,False,False,False,True,False,False,False,False,False,False,False,False,False,False,False,False,True,False,False,False,False,True,False,True,False
d_360,275,2012-01-23,11152,3,1,2012,0,1,0,314.0,217.0,233.0,240.85714285714286,269.0357142857143,105.66366226763837,True,False,False,False,False,False,False,False,False,False,False,False,False,False,False,False,False,False,False,False,False,False,False,False,True,False,False,False,False,False,False,False,False,False,False,False,False,True,False,False,False,False,True,False,True,False
d_361,316,2012-01-24,11152,4,1,2012,0,1,0,275.0,195.0,181.0,249.14285714285714,270.5357142857143,105.75510794823519,False,False,False,False,True,False,False,False,False,False,False,False,False,False,False,False,False,False,False,False,False,False,False,False,True,False,False,False,False,False,False,False,False,False,False,False,False,True,False,False,False,False,True,False,True,False
d_362,210,2012-01-25,11152,5,1,2012,0,1,0,316.0,151.0,352.0,266.42857142857144,275.35714285714283,105.31833829372928,False,False,False,False,False,True,False,False,False,False,False,False,False,False,False,False,False,False,False,False,False,False,False,False,True,False,False,False,False,False,False,False,False,False,False,False,False,True,False,False,False,False,True,False,True,False
d_363,267,2012-01-26,11152,6,1,2012,0,1,0,210.0,171.0,278.0,274.85714285714283,270.2857142857143,96.53570767929801,False,False,False,True,False,False,False,False,False,False,False,False,False,False,False,False,False,False,False,False,False,False,False,False,True,False,False,False,False,False,False,False,False,False,False,False,False,True,False,False,False,False,True,False,True,False
d_364,312,2012-01-27,11152,7,1,2012,0,1,0,267.0,189.0,585.0,288.57142857142856,269.89285714285717,85.51190393322871,False,False,False,False,False,False,False,False,False,False,False,False,False,False,False,False,False,False,False,False,False,False,False,False,True,False,False,False,False,False,False,False,False,False,False,False,False,True,False,False,False,False,True,False,True,False
d_365,337,2012-01-28,11201,1,1,2012,0,1,1,312.0,449.0,693.0,306.14285714285717,260.14285714285717,73.42440232744748,False,True,False,False,False,False,False,False,False,False,False,False,False,False,False,False,False,False,False,False,False,False,False,False,True,False,False,False,False,False,False,False,False,False,False,False,False,True,False,False,False,False,True,False,True,False
d_366,263,2012-01-29,11201,2,1,2012,0,1,1,337.0,314.0,246.0,290.14285714285717,247.42857142857142,43.009412037477865,False,False,True,False,False,False,False,False,False,False,False,False,False,False,False,False,False,False,False,False,False,False,False,False,True,False,False,False,False,False,False,False,False,False,False,False,False,True,False,False,False,False,True,False,True,False
d_367,257,2012-01-30,11201,3,1,2012,0,1,0,263.0,275.0,359.0,282.85714285714283,248.03571428571428,42.61231657407922,True,False,False,False,False,False,False,False,False,False,False,False,False,False,False,False,False,False,False,False,False,False,False,False,True,False,False,False,False,False,False,False,False,False,False,False,False,True,False,False,False,False,True,False,True,False
d_368,261,2012-01-31,11201,4,1,2012,0,1,0,257.0,316.0,194.0,280.2857142857143,244.39285714285714,43.69482915904488,False,False,False,False,True,False,False,False,False,False,False,False,False,False,False,False,False,False,False,False,False,False,False,False,True,False,False,False,False,False,False,False,False,False,False,False,False,True,False,False,False,False,True,False,True,False
d_369,206,2012-02-01,11201,5,2,2012,1,1,0,261.0,210.0,169.0,272.42857142857144,246.78571428571428,41.06846780218458,False,False,False,False,False,True,False,False,False,False,False,False,False,False,False,False,False,False,False,False,False,False,False,False,True,False,False,False,False,False,False,False,False,False,False,False,False,True,False,False,False,False,True,False,True,False
d_370,236,2012-02-02,11201,6,2,2012,1,1,0,206.0,267.0,220.0,271.85714285714283,248.10714285714286,42.0968271624226,False,False,False,True,False,False,False,False,False,False,False,False,False,False,False,False,False,False,False,False,False,False,False,False,True,False,False,False,False,False,False,False,False,False,False,False,False,True,False,False,False,False,True,False,True,False
d_371,322,2012-02-03,11201,7,2,2012,1,1,0,236.0,312.0,194.0,267.42857142857144,248.67857142857142,44.26758461469377,False,False,False,False,False,False,False,False,False,False,False,False,False,False,False,False,False,False,False,False,False,False,False,False,True,False,False,False,False,False,False,False,False,False,False,False,False,True,False,False,False,False,True,False,True,False
d_372,498,2012-02-04,11202,1,2,2012,1,1,1,322.0,337.0,301.0,268.85714285714283,253.25,46.070339595842086,False,True,False,False,False,False,False,False,False,False,False,False,False,False,False,False,False,False,False,False,False,False,False,False,True,False,False,False,False,False,False,False,False,False,False,False,False,True,False,False,False,False,True,False,True,False
d_373,297,2012-02-05,11202,2,2,2012,1,1,1,498.0,263.0,315.0,291.85714285714283,260.2857142857143,97.37800670827174,False,False,True,False,False,False,False,False,False,False,False,False,False,False,False,False,False,False,False,False,False,False,False,False,False,False,False,False,False,False,False,False,True,False,False,False,False,False,False,True,False,False,True,False,True,False
d_374,249,2012-02-06,11202,3,2,2012,1,1,0,297.0,257.0,196.0,296.7142857142857,259.64285714285717,96.5431065823524,True,False,False,False,False,False,False,False,False,False,False,False,False,False,False,False,False,False,False,False,False,False,False,False,True,False,False,False,False,False,False,False,False,False,False,False,False,True,False,False,False,False,True,False,True,False
d_375,235,2012-02-07,11202,4,2,2012,1,1,0,249.0,261.0,177.0,295.57142857142856,261.5357142857143,97.13711467620949,False,False,False,False,True,False,False,False,False,False,False,False,False,False,False,False,False,False,False,False,False,False,False,False,True,False,False,False,False,False,False,False,False,False,False,False,False,True,False,False,False,False,True,False,True,False
d_376,196,2012-02-08,11202,5,2,2012,1,1,0,235.0,206.0,151.0,291.85714285714283,263.60714285714283,99.15548156208789,False,False,False,False,False,True,False,False,False,False,False,False,False,False,False,False,False,False,False,False,False,False,False,False,True,False,False,False,False,False,False,False,False,False,False,False,False,True,False,False,False,False,True,False,True,False
d_377,208,2012-02-09,11202,6,2,2012,1,1,0,196.0,236.0,169.0,290.42857142857144,265.2142857142857,100.65925548247284,False,False,False,True,False,False,False,False,False,False,False,False,False,False,False,False,False,False,False,False,False,False,False,False,True,False,False,False,False,False,False,False,False,False,False,False,False,True,False,False,False,False,True,False,True,False
d_378,357,2012-02-10,11202,7,2,2012,1,1,0,208.0,322.0,247.0,286.42857142857144,266.60714285714283,103.69322887385529,False,False,False,False,False,False,False,False,False,False,False,False,False,False,False,False,False,False,False,False,False,False,False,False,True,False,False,False,False,False,False,False,False,False,False,False,False,True,False,False,False,False,True,False,True,False
d_379,422,2012-02-11,11203,1,2,2012,0,1,1,357.0,498.0,328.0,291.42857142857144,270.5357142857143,106.50016767257101,False,True,False,False,False,False,False,False,False,False,False,False,False,False,False,False,False,False,False,False,False,False,False,False,True,False,False,False,False,False,False,False,False,False,False,False,False,True,False,False,False,False,True,False,True,False
d_380,349,2012-02-12,11203,2,2,2012,0,1,1,422.0,297.0,259.0,280.57142857142856,273.89285714285717,83.27235864490531,False,False,True,False,False,False,False,False,False,False,False,False,False,False,False,False,False,False,False,False,False,False,False,False,True,False,False,False,False,False,False,False,False,False,False,False,False,True,False,False,False,False,True,False,True,False
d_381,243,2012-02-13,11203,3,2,2012,0,1,0,349.0,249.0,217.0,288.0,277.10714285714283,87.2085622707619,True,False,False,False,False,False,False,False,False,False,False,False,False,False,False,False,False,False,False,False,False,False,False,False,True,False,False,False,False,False,False,False,False,False,False,False,False,True,False,False,False,False,True,False,True,False
d_382,179,2012-02-14,11203,4,2,2012,0,1,0,243.0,235.0,195.0,287.14285714285717,278.0357142857143,87.6839562889142,False,False,False,False,True,False,False,False,False,False,False,False,False,False,False,False,False,False,False,False,False,False,False,False,False,False,False,False,False,False,False,False,False,False,True,False,False,False,False,False,False,False,True,False,True,False
d_383,252,2012-02-15,11203,5,2,2012,0,1,0,179.0,196.0,151.0,279.14285714285717,277.4642857142857,95.4453221682946,False,False,False,False,False,True,False,False,False,False,False,False,False,False,False,False,False,False,False,False,False,False,False,False,True,False,False,False,False,False,False,False,False,False,False,False,False,True,False,False,False,False,True,False,True,False
d_384,212,2012-02-16,11203,6,2,2012,0,1,0,252.0,208.0,171.0,287.14285714285717,281.07142857142856,89.47518943153766,False,False,False,True,False,False,False,False,False,False,False,False,False,False,False,False,False,False,False,False,False,False,False,False,True,False,False,False,False,False,False,False,False,False,False,False,False,True,False,False,False,False,True,False,True,False
d_385,151,2012-02-17,11203,7,2,2012,0,1,0,212.0,357.0,189.0,287.7142857142857,282.5357142857143,88.8964084121032,False,False,False,False,False,False,False,False,False,False,False,False,False,False,False,False,False,False,False,False,False,False,False,False,True,False,False,False,False,False,False,False,False,False,False,False,False,True,False,False,False,False,True,False,True,False
d_386,268,2012-02-18,11204,1,2,2012,0,1,1,151.0,422.0,449.0,258.2857142857143,281.17857142857144,95.95435422761241,False,True,False,False,False,False,False,False,False,False,False,False,False,False,False,False,False,False,False,False,False,False,False,False,True,False,False,False,False,False,False,False,False,False,False,False,False,True,False,False,False,False,True,False,True,False
d_387,199,2012-02-19,11204,2,2,2012,0,1,1,268.0,349.0,314.0,236.28571428571428,274.7142857142857,64.73977212840744,False,False,True,False,False,False,False,False,False,False,False,False,False,False,False,False,False,False,False,False,False,False,False,False,True,False,False,False,False,False,False,False,False,False,False,False,False,True,False,False,False,False,True,False,True,False
d_388,198,2012-02-20,11204,3,2,2012,0,1,0,199.0,243.0,275.0,214.85714285714286,270.60714285714283,42.06910414793199,True,False,False,False,False,False,False,False,False,False,False,False,False,False,False,False,False,False,False,False,False,False,False,False,False,False,False,False,True,False,False,False,False,False,False,False,True,False,False,False,False,False,True,False,True,False
d_389,210,2012-02-21,11204,4,2,2012,0,1,0,198.0,179.0,316.0,208.42857142857142,267.85714285714283,40.45926817124113,False,False,False,False,True,False,False,False,False,False,False,False,False,False,False,False,False,False,False,False,False,False,False,False,True,False,False,False,False,False,False,False,False,False,False,False,False,True,False,False,False,False,True,False,True,False
d_390,134,2012-02-22,11204,5,2,2012,0,1,0,210.0,252.0,210.0,212.85714285714286,264.07142857142856,38.34244198199798,False,False,False,False,False,True,False,False,False,False,False,False,False,False,False,False,True,False,False,False,False,False,False,False,False,False,False,False,False,False,False,False,False,False,False,False,False,False,True,False,False,False,True,False,True,False
d_391,144,2012-02-23,11204,6,2,2012,0,1,0,134.0,212.0,267.0,196.0,261.35714285714283,43.81400080643961,False,False,False,True,False,False,False,False,False,False,False,False,False,False,False,False,False,False,False,False,False,False,False,False,True,False,False,False,False,False,False,False,False,False,False,False,False,True,False,False,False,False,True,False,True,False
d_392,237,2012-02-24,11204,7,2,2012,0,1,0,144.0,151.0,312.0,186.28571428571428,256.9642857142857,47.09109712643625,False,False,False,False,False,False,False,False,False,False,False,False,False,False,False,False,False,False,False,False,False,False,False,False,True,False,False,False,False,False,False,False,False,False,False,False,False,True,False,False,False,False,True,False,True,False
d_393,216,2012-02-25,11205,1,2,2012,0,1,1,237.0,268.0,337.0,198.57142857142858,254.28571428571428,47.56699536042897,False,True,False,False,False,False,False,False,False,False,False,False,False,False,False,False,False,False,False,False,False,False,False,False,True,False,False,False,False,False,False,False,False,False,False,False,False,True,False,False,False,False,True,False,True,False
d_394,205,2012-02-26,11205,2,2,2012,0,1,1,216.0,199.0,263.0,191.14285714285714,249.96428571428572,38.01941859729334,False,False,True,False,False,False,False,False,False,False,False,False,False,False,False,False,False,False,False,False,False,False,False,False,True,False,False,False,False,False,False,False,False,False,False,False,False,True,False,False,False,False,True,False,True,False
d_395,179,2012-02-27,11205,3,2,2012,0,1,0,205.0,198.0,257.0,192.0,247.89285714285714,38.29273212155745,True,False,False,False,False,False,False,False,False,False,False,False,False,False,False,False,False,False,False,False,False,False,False,False,True,False,False,False,False,False,False,False,False,False,False,False,False,True,False,False,False,False,True,False,True,False
d_396,83,2012-02-28,11205,4,2,2012,0,1,0,179.0,210.0,261.0,189.28571428571428,245.10714285714286,38.469530305227096,False,False,False,False,True,False,False,False,False,False,False,False,False,False,False,False,False,False,False,False,False,False,False,False,True,False,False,False,False,False,False,False,False,False,False,False,False,True,False,False,False,False,True,False,True,False
d_397,128,2012-02-29,11205,5,2,2012,0,1,0,83.0,134.0,206.0,171.14285714285714,238.75,53.917927047901976,False,False,False,False,False,True,False,False,False,False,False,False,False,False,False,False,False,True,False,False,False,False,False,False,False,False,False,False,False,False,False,False,False,False,False,False,False,False,True,False,False,False,True,False,True,False
d_398,142,2012-03-01,11205,6,3,2012,1,1,0,128.0,144.0,236.0,170.28571428571428,235.96428571428572,54.64953273882084,False,False,False,True,False,False,False,False,False,False,False,False,False,False,False,False,False,False,False,False,False,False,False,False,True,False,False,False,False,False,False,False,False,False,False,False,False,True,False,False,False,False,True,False,True,False
d_399,256,2012-03-02,11205,7,3,2012,1,1,0,142.0,237.0,322.0,170.0,232.60714285714286,54.81483983983433,False,False,False,False,False,False,False,False,False,False,False,False,False,False,False,False,False,False,False,False,False,False,False,False,True,False,False,False,False,False,False,False,False,False,False,False,False,True,False,False,False,False,True,False,True,False
d_400,263,2012-03-03,11206,1,3,2012,1,1,1,256.0,216.0,498.0,172.71428571428572,230.25,58.99636792694488,False,True,False,False,False,False,False,False,False,False,False,False,False,False,False,False,False,False,False,False,False,False,False,False,True,False,False,False,False,False,False,False,False,False,False,False,False,True,False,False,False,False,True,False,True,False
d_401,218,2012-03-04,11206,2,3,2012,1,1,1,263.0,205.0,297.0,179.42857142857142,221.85714285714286,66.89010176614875,False,False,True,False,False,False,False,False,False,False,False,False,False,False,False,False,False,False,False,False,False,False,False,False,True,False,False,False,False,False,False,False,False,False,False,False,False,True,False,False,False,False,True,False,True,False
d_402,140,2012-03-05,11206,3,3,2012,1,1,0,218.0,179.0,249.0,181.28571428571428,219.03571428571428,67.89136981412378,True,False,False,False,False,False,False,False,False,False,False,False,False,False,False,False,False,False,False,False,False,False,False,False,True,False,False,False,False,False,False,False,False,False,False,False,False,True,False,False,False,False,True,False,True,False
d_403,183,2012-03-06,11206,4,3,2012,1,1,0,140.0,83.0,235.0,175.71428571428572,215.14285714285714,69.68671390758871,False,False,False,False,True,False,False,False,False,False,False,False,False,False,False,False,False,False,False,False,False,False,False,False,True,False,False,False,False,False,False,False,False,False,False,False,False,True,False,False,False,False,True,False,True,False
d_404,130,2012-03-07,11206,5,3,2012,1,1,0,183.0,128.0,196.0,190.0,213.28571428571428,56.51843357112223,False,False,False,False,False,True,False,False,False,False,False,False,False,False,False,False,False,False,False,False,False,False,False,False,True,False,False,False,False,False,False,False,False,False,False,False,False,True,False,False,False,False,True,False,True,False
d_405,169,2012-03-08,11206,6,3,2012,1,1,0,130.0,142.0,208.0,190.28571428571428,210.92857142857142,56.15666860286009,False,False,False,True,False,False,False,False,False,False,False,False,False,False,False,False,False,False,False,False,False,False,False,False,False,False,False,False,False,True,False,False,False,False,False,False,False,False,True,False,False,False,True,False,True,False
d_406,228,2012-03-09,11206,7,3,2012,1,1,0,169.0,256.0,357.0,194.14285714285714,209.53571428571428,53.13325566105356,False,False,False,False,False,False,False,False,False,False,False,False,False,False,False,False,False,False,False,False,False,False,False,False,True,False,False,False,False,False,False,False,False,False,False,False,False,True,False,False,False,False,True,False,True,False
d_407,203,2012-03-10,11207,1,3,2012,1,1,1,228.0,263.0,422.0,190.14285714285714,204.92857142857142,48.557280852716076,False,True,False,False,False,False,False,False,False,False,False,False,False,False,False,False,False,False,False,False,False,False,False,False,True,False,False,False,False,False,False,False,False,False,False,False,False,True,False,False,False,False,True,False,True,False
d_408,160,2012-03-11,11207,2,3,2012,0,1,1,203.0,218.0,349.0,181.57142857142858,197.10714285714286,37.615852787786224,False,False,True,False,False,False,False,False,False,False,False,False,False,False,False,False,False,False,False,False,False,False,False,False,True,False,False,False,False,False,False,False,False,False,False,False,False,True,False,False,False,False,True,False,True,False
d_409,200,2012-03-12,11207,3,3,2012,0,1,0,160.0,140.0,243.0,173.28571428571428,190.35714285714286,34.51431725006477,True,False,False,False,False,False,False,False,False,False,False,False,False,False,False,False,False,False,False,False,False,False,False,False,True,False,False,False,False,False,False,False,False,False,False,False,False,True,False,False,False,False,True,False,True,False
d_410,96,2012-03-13,11207,4,3,2012,0,1,0,200.0,183.0,179.0,181.85714285714286,188.82142857142858,32.246077649995634,False,False,False,False,True,False,False,False,False,False,False,False,False,False,False,False,False,False,False,False,False,False,False,False,True,False,False,False,False,False,False,False,False,False,False,False,False,True,False,False,False,False,True,False,True,False
d_411,116,2012-03-14,11207,5,3,2012,0,1,0,96.0,130.0,252.0,169.42857142857142,185.85714285714286,45.6941175749396,False,False,False,False,False,True,False,False,False,False,False,False,False,False,False,False,False,False,False,False,False,False,False,False,True,False,False,False,False,False,False,False,False,False,False,False,False,True,False,False,False,False,True,False,True,False
d_412,125,2012-03-15,11207,6,3,2012,0,1,0,116.0,169.0,212.0,167.42857142857142,181.0,47.95781876766711,False,False,False,True,False,False,False,False,False,False,False,False,False,False,False,False,False,False,False,False,False,False,False,False,True,False,False,False,False,False,False,False,False,False,False,False,False,True,False,False,False,False,True,False,True,False
d_413,146,2012-03-16,11207,7,3,2012,0,1,0,125.0,228.0,151.0,161.14285714285714,177.89285714285714,50.531932384149066,False,False,False,False,False,False,False,False,False,False,False,False,False,False,False,False,False,False,False,False,False,False,False,False,True,False,False,False,False,False,False,False,False,False,False,False,False,True,False,False,False,False,True,False,True,False
d_414,241,2012-03-17,11208,1,3,2012,0,1,1,146.0,203.0,268.0,149.42857142857142,177.71428571428572,41.06846780218456,False,True,False,False,False,False,False,False,False,False,False,False,False,False,False,False,False,False,False,False,False,False,False,False,False,False,False,False,False,False,False,True,False,False,False,False,False,False,False,False,False,False,True,False,True,False
d_415,157,2012-03-18,11208,2,3,2012,0,1,1,241.0,160.0,199.0,154.85714285714286,176.75,50.709724811678996,False,False,True,False,False,False,False,False,False,False,False,False,False,False,False,False,False,False,False,False,False,False,False,False,True,False,False,False,False,False,False,False,False,False,False,False,False,True,False,False,False,False,True,False,True,False
d_416,130,2012-03-19,11208,3,3,2012,0,1,0,157.0,200.0,198.0,154.42857142857142,175.25,50.67167895007101,True,False,False,False,False,False,False,False,False,False,False,False,False,False,False,False,False,False,False,False,False,False,False,False,True,False,False,False,False,False,False,False,False,False,False,False,False,True,False,False,False,False,True,False,True,False
d_417,128,2012-03-20,11208,4,3,2012,0,1,0,130.0,96.0,210.0,144.42857142857142,172.82142857142858,46.94982123805943,False,False,False,False,True,False,False,False,False,False,False,False,False,False,False,False,False,False,False,False,False,False,False,False,True,False,False,False,False,False,False,False,False,False,False,False,False,True,False,False,False,False,True,False,True,False
d_418,101,2012-03-21,11208,5,3,2012,0,1,0,128.0,116.0,134.0,149.0,169.89285714285714,42.82522621072797,False,False,False,False,False,True,False,False,False,False,False,False,False,False,False,False,False,False,False,False,False,False,False,False,True,False,False,False,False,False,False,False,False,False,False,False,False,True,False,False,False,False,True,False,True,False
d_419,120,2012-03-22,11208,6,3,2012,0,1,0,101.0,125.0,144.0,146.85714285714286,168.71428571428572,45.06820228434765,False,False,False,True,False,False,False,False,False,False,False,False,False,False,False,False,False,False,False,False,False,False,False,False,True,False,False,False,False,False,False,False,False,False,False,False,False,True,False,False,False,False,True,False,True,False
d_420,174,2012-03-23,11208,7,3,2012,0,1,0,120.0,146.0,237.0,146.14285714285714,167.85714285714286,45.509810559294564,False,False,False,False,False,False,False,False,False,False,False,False,False,False,False,False,False,False,False,False,False,False,False,False,True,False,False,False,False,False,False,False,False,False,False,False,False,True,False,False,False,False,True,False,True,False
d_421,197,2012-03-24,11209,1,3,2012,0,1,1,174.0,241.0,216.0,150.14285714285714,165.60714285714286,46.70984397115394,False,True,False,False,False,False,False,False,False,False,False,False,False,False,False,False,False,False,False,False,False,False,False,False,True,False,False,False,False,False,False,False,False,False,False,False,False,True,False,False,False,False,True,False,True,False
d_422,188,2012-03-25,11209,2,3,2012,0,1,1,197.0,157.0,205.0,143.85714285714286,164.92857142857142,33.553085160824565,False,False,True,False,False,False,False,False,False,False,False,False,False,False,False,False,False,False,False,False,False,False,False,False,True,False,False,False,False,False,False,False,False,False,False,False,False,True,False,False,False,False,True,False,True,False
d_423,114,2012-03-26,11209,3,3,2012,0,1,0,188.0,130.0,179.0,148.28571428571428,164.32142857142858,37.40193526951224,True,False,False,False,False,False,False,False,False,False,False,False,False,False,False,False,False,False,False,False,False,False,False,False,True,False,False,False,False,False,False,False,False,False,False,False,False,True,False,False,False,False,True,False,True,False
d_424,66,2012-03-27,11209,4,3,2012,0,1,0,114.0,128.0,83.0,146.0,162.0,39.15354390090406,False,False,False,False,True,False,False,False,False,False,False,False,False,False,False,False,False,False,False,False,False,False,False,False,True,False,False,False,False,False,False,False,False,False,False,False,False,True,False,False,False,False,True,False,True,False
d_425,147,2012-03-28,11209,5,3,2012,0,1,0,66.0,101.0,128.0,137.14285714285714,161.39285714285714,49.53930618350321,False,False,False,False,False,True,False,False,False,False,False,False,False,False,False,False,False,False,False,False,False,False,False,False,True,False,False,False,False,False,False,False,False,False,False,False,False,True,False,False,False,False,True,False,True,False
d_426,191,2012-03-29,11209,6,3,2012,0,1,0,147.0,120.0,142.0,143.71428571428572,162.07142857142858,46.92800970889472,False,False,False,True,False,False,False,False,False,False,False,False,False,False,False,False,False,False,False,False,False,False,False,False,True,False,False,False,False,False,False,False,False,False,False,False,False,True,False,False,False,False,True,False,True,False
d_427,149,2012-03-30,11209,7,3,2012,0,1,0,191.0,174.0,256.0,153.85714285714286,163.82142857142858,48.59159245325141,False,False,False,False,False,False,False,False,False,False,False,False,False,False,False,False,False,False,False,False,False,False,False,False,True,False,False,False,False,False,False,False,False,False,False,False,False,True,False,False,False,False,True,False,True,False
d_428,174,2012-03-31,11210,1,3,2012,0,1,1,149.0,197.0,263.0,150.28571428571428,160.0,47.77626428019933,False,True,False,False,False,False,False,False,False,False,False,False,False,False,False,False,False,False,False,False,False,False,False,False,True,False,False,False,False,False,False,False,False,False,False,False,False,True,False,False,False,False,True,False,True,False
d_429,147,2012-04-01,11210,2,4,2012,1,2,1,174.0,188.0,218.0,147.0,156.82142857142858,44.72135954999604,False,False,True,False,False,False,False,False,False,False,False,False,False,False,False,False,False,False,False,False,False,False,False,False,True,False,False,False,False,False,False,False,False,False,False,False,False,True,False,False,False,False,True,False,True,False
d_430,144,2012-04-02,11210,3,4,2012,1,2,0,147.0,114.0,140.0,141.14285714285714,154.28571428571428,40.98547942637179,True,False,False,False,False,False,False,False,False,False,False,False,False,False,False,False,False,False,False,False,False,False,False,False,True,False,False,False,False,False,False,False,False,False,False,False,False,True,False,False,False,False,True,False,True,False
d_431,115,2012-04-03,11210,4,4,2012,1,2,0,144.0,66.0,183.0,145.42857142857142,154.42857142857142,39.203984248446005,False,False,False,False,True,False,False,False,False,False,False,False,False,False,False,False,False,False,False,False,False,False,False,False,True,False,False,False,False,False,False,False,False,False,False,False,False,True,False,False,False,False,True,False,True,False
d_432,112,2012-04-04,11210,5,4,2012,1,2,0,115.0,147.0,130.0,152.42857142857142,152.0,24.13750292841141,False,False,False,False,False,True,False,False,False,False,False,False,False,False,False,False,False,False,False,False,False,False,False,False,True,False,False,False,False,False,False,False,False,False,False,False,False,True,False,False,False,False,True,False,True,False
d_433,156,2012-04-05,11210,6,4,2012,1,2,0,112.0,191.0,169.0,147.42857142857142,151.35714285714286,28.652266593629246,False,False,False,True,False,False,False,False,False,False,False,False,False,False,False,False,False,False,False,False,False,False,False,False,True,False,False,False,False,False,False,False,False,False,False,False,False,True,False,False,False,False,True,False,True,False
d_434,184,2012-04-06,11210,7,4,2012,1,2,0,156.0,149.0,228.0,142.42857142857142,150.89285714285714,22.082097898955823,False,False,False,False,False,False,False,False,False,False,False,False,False,False,False,False,False,False,False,False,False,False,False,False,True,False,False,False,False,False,False,False,False,False,False,False,False,True,False,False,False,False,True,False,True,False
d_435,271,2012-04-07,11211,1,4,2012,1,2,1,184.0,174.0,203.0,147.42857142857142,149.32142857142858,27.18980901524937,False,True,False,False,False,False,False,False,False,False,False,False,False,False,False,False,False,False,False,False,False,False,False,False,True,False,False,False,False,False,False,False,False,False,False,False,False,True,False,False,False,False,True,False,True,False
d_436,242,2012-04-08,11211,2,4,2012,1,2,1,271.0,147.0,160.0,161.28571428571428,151.75,54.2454738072353,False,False,True,False,False,False,False,False,False,True,False,False,False,False,False,False,False,False,False,False,False,False,False,False,False,False,False,False,False,False,False,False,False,False,False,False,False,False,False,False,False,False,True,False,True,False
d_437,111,2012-04-09,11211,3,4,2012,1,2,0,242.0,144.0,200.0,174.85714285714286,154.67857142857142,61.4774445668996,True,False,False,False,False,False,False,False,False,False,False,False,False,False,False,False,False,False,False,False,False,False,False,False,True,False,False,False,False,False,False,False,False,False,False,False,False,True,False,False,False,False,True,False,True,False
d_438,146,2012-04-10,11211,4,4,2012,1,2,0,111.0,115.0,96.0,170.14285714285714,151.5,65.3794783588567,False,False,False,False,True,False,False,False,False,False,False,False,False,False,False,False,False,False,False,False,False,False,False,False,True,False,False,False,False,False,False,False,False,False,False,False,False,True,False,False,False,False,True,False,True,False
d_439,162,2012-04-11,11211,5,4,2012,0,2,0,146.0,112.0,116.0,174.57142857142858,153.28571428571428,61.98348474353795,False,False,False,False,False,True,False,False,False,False,False,False,False,False,False,False,False,False,False,False,False,False,False,False,True,False,False,False,False,False,False,False,False,False,False,False,False,True,False,False,False,False,True,False,True,False
d_440,143,2012-04-12,11211,6,4,2012,0,2,0,162.0,156.0,125.0,181.71428571428572,154.92857142857142,56.18040668452051,False,False,False,True,False,False,False,False,False,False,False,False,False,False,False,False,False,False,False,False,False,False,False,False,True,False,False,False,False,False,False,False,False,False,False,False,False,True,False,False,False,False,True,False,True,False
d_441,146,2012-04-13,11211,7,4,2012,0,2,0,143.0,184.0,146.0,179.85714285714286,155.57142857142858,57.3742932314599,False,False,False,False,False,False,False,False,False,False,False,False,False,False,False,False,False,False,False,False,False,False,False,False,True,False,False,False,False,False,False,False,False,False,False,False,False,True,False,False,False,False,True,False,True,False
d_442,176,2012-04-14,11212,1,4,2012,0,2,1,146.0,271.0,241.0,174.42857142857142,155.57142857142858,58.6993956324856,False,True,False,False,False,False,False,False,False,False,False,False,False,False,False,False,False,False,False,False,False,False,False,False,False,False,False,True,False,False,False,False,False,False,False,False,False,False,True,False,False,False,True,False,True,False
d_443,164,2012-04-15,11212,2,4,2012,0,2,1,176.0,242.0,157.0,160.85714285714286,153.25,40.94886474384295,False,False,True,False,False,False,False,False,False,False,False,False,False,False,False,False,False,False,False,False,False,False,False,False,False,False,True,False,False,False,False,False,False,False,False,False,False,False,True,False,False,False,True,False,True,False
d_444,113,2012-04-16,11212,3,4,2012,0,2,0,164.0,111.0,130.0,149.71428571428572,153.5,20.88631358660771,True,False,False,False,False,False,False,False,False,False,False,False,False,False,False,False,False,False,False,False,False,False,False,False,True,False,False,False,False,False,False,False,False,False,False,False,False,True,False,False,False,False,True,False,True,False
d_445,81,2012-04-17,11212,4,4,2012,0,2,0,113.0,146.0,128.0,150.0,152.89285714285714,20.27313493271375,False,False,False,False,True,False,False,False,False,False,False,False,False,False,False,False,False,False,False,False,False,False,False,False,True,False,False,False,False,False,False,False,False,False,False,False,False,True,False,False,False,False,True,False,True,False
d_446,126,2012-04-18,11212,5,4,2012,0,2,0,81.0,162.0,101.0,140.71428571428572,151.21428571428572,33.18490764245264,False,False,False,False,False,True,False,False,False,False,False,False,False,False,False,False,False,False,False,False,False,False,False,False,True,False,False,False,False,False,False,False,False,False,False,False,False,True,False,False,False,False,True,False,True,False
d_447,163,2012-04-19,11212,6,4,2012,0,2,0,126.0,143.0,120.0,135.57142857142858,152.10714285714286,32.10844718999031,False,False,False,True,False,False,False,False,False,False,False,False,False,False,False,False,False,False,False,False,False,False,False,False,True,False,False,False,False,False,False,False,False,False,False,False,False,True,False,False,False,False,True,False,True,False
d_448,199,2012-04-20,11212,7,4,2012,0,2,0,163.0,146.0,174.0,138.42857142857142,153.64285714285714,33.72860874123129,False,False,False,False,False,False,False,False,False,False,False,False,False,False,False,False,False,False,False,False,False,False,False,False,True,False,False,False,False,False,False,False,False,False,False,False,False,True,False,False,False,False,True,False,True,False
d_449,150,2012-04-21,11213,1,4,2012,0,2,1,199.0,176.0,197.0,146.0,154.53571428571428,40.89824772122498,False,True,False,False,False,False,False,False,False,False,False,False,False,False,False,False,False,False,False,False,False,False,False,False,True,False,False,False,False,False,False,False,False,False,False,False,False,True,False,False,False,False,True,False,True,False
d_450,242,2012-04-22,11213,2,4,2012,0,2,1,150.0,164.0,188.0,142.28571428571428,152.85714285714286,38.848913694440824,False,False,True,False,False,False,False,False,False,False,False,False,False,False,False,False,False,False,False,False,False,False,False,False,True,False,False,False,False,False,False,False,False,False,False,False,False,True,False,False,False,False,True,False,True,False
d_451,82,2012-04-23,11213,3,4,2012,0,2,0,242.0,113.0,114.0,153.42857142857142,154.78571428571428,54.24898506840842,True,False,False,False,False,False,False,False,False,False,False,False,False,False,False,False,False,False,False,False,False,False,False,False,True,False,False,False,False,False,False,False,False,False,False,False,False,True,False,False,False,False,True,False,True,False
d_452,98,2012-04-24,11213,4,4,2012,0,2,0,82.0,81.0,66.0,149.0,153.64285714285714,59.14389233048513,False,False,False,False,True,False,False,False,False,False,False,False,False,False,False,False,False,False,False,False,False,False,False,False,True,False,False,False,False,False,False,False,False,False,False,False,False,True,False,False,False,False,True,False,True,False
d_453,78,2012-04-25,11213,5,4,2012,0,2,0,98.0,126.0,147.0,151.42857142857142,154.78571428571428,56.160060371694755,False,False,False,False,False,True,False,False,False,False,False,False,False,False,False,False,False,False,False,False,False,False,False,False,True,False,False,False,False,False,False,False,False,False,False,False,False,True,False,False,False,False,True,False,True,False
d_454,104,2012-04-26,11213,6,4,2012,0,2,0,78.0,163.0,191.0,144.57142857142858,152.32142857142858,62.369482769639816,False,False,False,True,False,False,False,False,False,False,False,False,False,False,False,False,False,False,False,False,False,False,False,False,True,False,False,False,False,False,False,False,False,False,False,False,False,True,False,False,False,False,True,False,True,False
d_455,157,2012-04-27,11213,7,4,2012,0,2,0,104.0,199.0,149.0,136.14285714285714,149.21428571428572,63.44138652180877,False,False,False,False,False,False,False,False,False,False,False,False,False,False,False,False,False,False,False,False,False,False,False,False,True,False,False,False,False,False,False,False,False,False,False,False,False,True,False,False,False,False,True,False,True,False
d_456,149,2012-04-28,11214,1,4,2012,0,2,1,157.0,150.0,174.0,130.14285714285714,149.5,58.282154419766755,False,True,False,False,False,False,False,False,False,False,False,False,False,False,False,False,False,False,False,False,False,False,False,False,True,False,False,False,False,False,False,False,False,False,False,False,False,True,False,False,False,False,True,False,True,False
d_457,115,2012-04-29,11214,2,4,2012,0,2,1,149.0,242.0,147.0,130.0,148.60714285714286,58.22656896411935,False,False,True,False,False,False,False,False,False,False,False,False,False,False,False,False,False,False,False,False,False,False,False,False,True,False,False,False,False,False,False,False,False,False,False,False,False,True,False,False,False,False,True,False,True,False
d_458,80,2012-04-30,11214,3,4,2012,0,2,0,115.0,82.0,144.0,111.85714285714286,147.46428571428572,30.87301179254896,True,False,False,False,False,False,False,False,False,False,False,False,False,False,False,False,False,False,False,False,False,False,False,False,True,False,False,False,False,False,False,False,False,False,False,False,False,True,False,False,False,False,True,False,True,False
d_459,155,2012-05-01,11214,4,5,2012,1,2,0,80.0,98.0,115.0,111.57142857142857,145.17857142857142,31.20286922093957,False,False,False,False,True,False,False,False,False,False,False,False,False,False,False,False,False,False,False,False,False,False,False,False,True,False,False,False,False,False,False,False,False,False,False,False,False,True,False,False,False,False,True,False,True,False
d_460,78,2012-05-02,11214,5,5,2012,1,2,0,155.0,78.0,112.0,119.71428571428571,146.60714285714286,34.34974180259255,False,False,False,False,False,True,False,False,False,False,False,False,False,False,False,False,False,False,False,False,False,False,False,False,True,False,False,False,False,False,False,False,False,False,False,False,False,True,False,False,False,False,True,False,True,False
d_461,105,2012-05-03,11214,6,5,2012,1,2,0,78.0,104.0,156.0,119.71428571428571,145.39285714285714,34.34974180259255,False,False,False,True,False,False,False,False,False,False,False,False,False,False,False,False,False,False,False,False,False,False,False,False,True,False,False,False,False,False,False,False,False,False,False,False,False,True,False,False,False,False,True,False,True,False
d_462,109,2012-05-04,11214,7,5,2012,1,2,0,105.0,157.0,184.0,119.85714285714286,143.57142857142858,34.27549450860681,False,False,False,False,False,False,False,False,False,False,False,False,False,False,False,False,False,False,False,False,False,False,False,False,True,False,False,False,False,False,False,False,False,False,False,False,False,True,False,False,False,False,True,False,True,False
d_463,252,2012-05-05,11215,1,5,2012,1,2,1,109.0,149.0,271.0,113.0,140.89285714285714,30.16068080575565,False,True,False,False,False,False,False,True,False,False,False,False,False,False,False,False,False,False,False,False,False,False,False,False,False,False,False,False,False,False,False,False,False,False,False,False,False,False,False,False,False,False,True,False,True,False
d_464,122,2012-05-06,11215,2,5,2012,1,2,1,252.0,115.0,242.0,127.71428571428571,140.21428571428572,60.508165525308314,False,False,True,False,False,False,False,False,False,False,False,False,False,False,False,False,False,False,False,False,False,False,False,False,True,False,False,False,False,False,False,False,False,False,False,False,False,True,False,False,False,False,True,False,True,False
d_465,114,2012-05-07,11215,3,5,2012,1,2,0,122.0,80.0,111.0,128.71428571428572,135.92857142857142,60.320572183720564,True,False,False,False,False,False,False,False,False,False,False,False,False,False,False,False,False,False,False,False,False,False,False,False,True,False,False,False,False,False,False,False,False,False,False,False,False,True,False,False,False,False,True,False,True,False
d_466,169,2012-05-08,11215,4,5,2012,1,2,0,114.0,155.0,146.0,133.57142857142858,136.03571428571428,57.02296947388012,False,False,False,False,True,False,False,False,False,False,False,False,False,False,False,False,False,False,False,False,False,False,False,False,True,False,False,False,False,False,False,False,False,False,False,False,False,True,False,False,False,False,True,False,True,False
d_467,68,2012-05-09,11215,5,5,2012,1,2,0,169.0,78.0,162.0,135.57142857142858,136.85714285714286,58.134491032596685,False,False,False,False,False,True,False,False,False,False,False,False,False,False,False,False,False,False,False,False,False,False,False,False,True,False,False,False,False,False,False,False,False,False,False,False,False,True,False,False,False,False,True,False,True,False
d_468,123,2012-05-10,11215,6,5,2012,1,2,0,68.0,105.0,143.0,134.14285714285714,133.5,59.881629268161525,False,False,False,True,False,False,False,False,False,False,False,False,False,False,False,False,False,False,False,False,False,False,False,False,True,False,False,False,False,False,False,False,False,False,False,False,False,True,False,False,False,False,True,False,True,False
d_469,183,2012-05-11,11215,7,5,2012,0,2,0,123.0,109.0,146.0,136.71428571428572,132.78571428571428,58.79828309770713,False,False,False,False,False,False,False,False,False,False,False,False,False,False,False,False,False,False,False,False,False,False,False,False,True,False,False,False,False,False,False,False,False,False,False,False,False,True,False,False,False,False,True,False,True,False
d_470,229,2012-05-12,11216,1,5,2012,0,2,1,183.0,252.0,176.0,147.28571428571428,134.10714285714286,59.63140751235696,False,True,False,False,False,False,False,False,False,False,False,False,False,False,False,False,False,False,False,False,False,False,False,False,True,False,False,False,False,False,False,False,False,False,False,False,False,True,False,False,False,False,True,False,True,False
d_471,153,2012-05-13,11216,2,5,2012,0,2,1,229.0,122.0,164.0,144.0,136.0,53.185210976987634,False,False,True,False,False,False,False,False,False,False,False,False,False,False,False,False,False,False,False,False,True,False,False,False,False,False,False,False,False,False,False,False,False,False,False,False,False,False,False,False,False,False,True,False,True,False
d_472,89,2012-05-14,11216,3,5,2012,0,2,0,153.0,114.0,113.0,148.42857142857142,135.60714285714286,52.33181678118073,True,False,False,False,False,False,False,False,False,False,False,False,False,False,False,False,False,False,False,False,False,False,False,False,True,False,False,False,False,False,False,False,False,False,False,False,False,True,False,False,False,False,True,False,True,False
d_473,119,2012-05-15,11216,4,5,2012,0,2,0,89.0,169.0,81.0,144.85714285714286,134.75,55.81047862014394,False,False,False,False,True,False,False,False,False,False,False,False,False,False,False,False,False,False,False,False,False,False,False,False,True,False,False,False,False,False,False,False,False,False,False,False,False,True,False,False,False,False,True,False,True,False
d_474,106,2012-05-16,11216,5,5,2012,0,2,0,119.0,68.0,126.0,137.71428571428572,136.10714285714286,55.40371312982051,False,False,False,False,False,True,False,False,False,False,False,False,False,False,False,False,False,False,False,False,False,False,False,False,True,False,False,False,False,False,False,False,False,False,False,False,False,True,False,False,False,False,True,False,True,False
d_475,102,2012-05-17,11216,6,5,2012,0,2,0,106.0,123.0,163.0,143.14285714285714,135.39285714285714,48.91635231504433,False,False,False,True,False,False,False,False,False,False,False,False,False,False,False,False,False,False,False,False,False,False,False,False,True,False,False,False,False,False,False,False,False,False,False,False,False,True,False,False,False,False,True,False,True,False
d_476,155,2012-05-18,11216,7,5,2012,0,2,0,102.0,183.0,199.0,140.14285714285714,133.21428571428572,50.95890033948477,False,False,False,False,False,False,False,False,False,False,False,False,False,False,False,False,False,False,False,False,False,False,False,False,True,False,False,False,False,False,False,False,False,False,False,False,False,True,False,False,False,False,True,False,True,False
d_477,204,2012-05-19,11217,1,5,2012,0,2,1,155.0,229.0,150.0,136.14285714285714,131.64285714285714,48.050073088493214,False,True,False,False,False,False,False,False,False,False,False,False,False,False,False,False,False,False,False,False,False,False,False,False,True,False,False,False,False,False,False,False,False,False,False,False,False,True,False,False,False,False,True,False,True,False
d_478,137,2012-05-20,11217,2,5,2012,0,2,1,204.0,153.0,242.0,132.57142857142858,133.57142857142858,40.30242814379462,False,False,True,False,False,False,False,False,False,False,False,False,False,False,False,False,False,False,False,False,False,False,False,False,True,False,False,False,False,False,False,False,False,False,False,False,False,True,False,False,False,False,True,False,True,False
d_479,100,2012-05-21,11217,3,5,2012,0,2,0,137.0,89.0,82.0,130.28571428571428,129.82142857142858,39.39422244320575,True,False,False,False,False,False,False,False,False,False,False,False,False,False,False,False,False,False,False,False,False,False,False,False,True,False,False,False,False,False,False,False,False,False,False,False,False,True,False,False,False,False,True,False,True,False
d_480,112,2012-05-22,11217,4,5,2012,0,2,0,100.0,119.0,98.0,131.85714285714286,130.46428571428572,37.653811544245265,False,False,False,False,True,False,False,False,False,False,False,False,False,False,False,False,False,False,False,False,False,False,False,False,True,False,False,False,False,False,False,False,False,False,False,False,False,True,False,False,False,False,True,False,True,False
d_481,118,2012-05-23,11217,5,5,2012,0,2,0,112.0,106.0,78.0,130.85714285714286,130.96428571428572,38.14196538996828,False,False,False,False,False,True,False,False,False,False,False,False,False,False,False,False,False,False,False,False,False,False,False,False,True,False,False,False,False,False,False,False,False,False,False,False,False,True,False,False,False,False,True,False,True,False
d_482,146,2012-05-24,11217,6,5,2012,0,2,0,118.0,102.0,104.0,132.57142857142858,132.39285714285714,37.09383211468445,False,False,False,True,False,False,False,False,False,False,False,False,False,False,False,False,False,False,False,False,False,False,False,False,True,False,False,False,False,False,False,False,False,False,False,False,False,True,False,False,False,False,True,False,True,False
d_483,169,2012-05-25,11217,7,5,2012,0,2,0,146.0,155.0,157.0,138.85714285714286,133.89285714285714,34.70076162194245,False,False,False,False,False,False,False,False,False,False,False,False,False,False,False,False,False,False,False,False,False,False,False,False,True,False,False,False,False,False,False,False,False,False,False,False,False,True,False,False,False,False,True,False,True,False
d_484,182,2012-05-26,11218,1,5,2012,0,2,1,169.0,204.0,149.0,140.85714285714286,134.32142857142858,36.159040231679384,False,True,False,False,False,False,False,False,False,False,False,False,False,False,False,False,False,False,False,False,False,False,False,False,True,False,False,False,False,False,False,False,False,False,False,False,False,True,False,False,False,False,True,False,True,False
d_485,118,2012-05-27,11218,2,5,2012,0,2,1,182.0,137.0,115.0,137.71428571428572,135.5,30.22534414314327,False,False,True,False,False,False,False,False,False,False,False,False,False,False,False,False,False,False,False,False,False,False,False,False,True,False,False,False,False,False,False,False,False,False,False,False,False,True,False,False,False,False,True,False,True,False
d_486,129,2012-05-28,11218,3,5,2012,0,2,0,118.0,100.0,80.0,135.0,135.60714285714286,31.13947120081974,True,False,False,False,False,False,False,False,False,False,False,False,False,False,False,False,False,False,False,True,False,False,False,False,False,False,False,False,False,False,False,False,False,False,False,False,True,False,False,False,False,False,True,False,True,False
d_487,79,2012-05-29,11218,4,5,2012,0,2,0,129.0,112.0,155.0,139.14285714285714,137.35714285714286,27.413066053913187,False,False,False,False,True,False,False,False,False,False,False,False,False,False,False,False,False,False,False,False,False,False,False,False,True,False,False,False,False,False,False,False,False,False,False,False,False,True,False,False,False,False,True,False,True,False
d_488,81,2012-05-30,11218,5,5,2012,0,2,0,79.0,118.0,78.0,134.42857142857142,134.64285714285714,34.722025396267746,False,False,False,False,False,True,False,False,False,False,False,False,False,False,False,False,False,False,False,False,False,False,False,False,True,False,False,False,False,False,False,False,False,False,False,False,False,True,False,False,False,False,True,False,True,False
d_489,155,2012-05-31,11218,6,5,2012,0,2,0,81.0,146.0,105.0,129.14285714285714,134.75,40.04759073664153,False,False,False,True,False,False,False,False,False,False,False,False,False,False,False,False,False,False,False,False,False,False,False,False,True,False,False,False,False,False,False,False,False,False,False,False,False,True,False,False,False,False,True,False,True,False
d_490,175,2012-06-01,11218,7,6,2012,1,2,0,155.0,169.0,109.0,130.42857142857142,136.53571428571428,40.81607993122802,False,False,False,False,False,False,False,False,False,False,False,False,False,False,False,False,False,False,False,False,False,False,False,False,True,False,False,False,False,False,False,False,False,False,False,False,False,True,False,False,False,False,True,False,True,False
d_491,143,2012-06-02,11219,1,6,2012,1,2,1,175.0,182.0,252.0,131.28571428571428,138.89285714285714,41.81193723373875,False,True,False,False,False,False,False,False,False,False,False,False,False,False,False,False,False,False,False,False,False,False,False,False,True,False,False,False,False,False,False,False,False,False,False,False,False,True,False,False,False,False,True,False,True,False
d_492,147,2012-06-03,11219,2,6,2012,1,2,1,143.0,118.0,122.0,125.71428571428571,135.0,36.141916042707344,False,False,True,False,False,False,False,False,False,False,False,False,False,False,False,False,False,False,False,False,False,False,False,False,True,False,False,False,False,False,False,False,False,False,False,False,False,True,False,False,False,False,True,False,True,False
d_493,91,2012-06-04,11219,3,6,2012,1,2,0,147.0,129.0,114.0,129.85714285714286,135.89285714285714,36.766962395736975,True,False,False,False,False,False,False,False,False,False,False,False,False,False,False,False,False,False,False,False,False,False,False,False,True,False,False,False,False,False,False,False,False,False,False,False,False,True,False,False,False,False,True,False,True,False
d_494,150,2012-06-05,11219,4,6,2012,1,2,0,91.0,79.0,169.0,124.42857142857143,135.07142857142858,39.61000354648295,False,False,False,False,True,False,False,False,False,False,False,False,False,False,False,False,False,False,False,False,False,False,False,False,True,False,False,False,False,False,False,False,False,False,False,False,False,True,False,False,False,False,True,False,True,False
d_495,172,2012-06-06,11219,5,6,2012,1,2,0,150.0,81.0,68.0,134.57142857142858,134.39285714285714,34.84181942655113,False,False,False,False,False,True,False,False,False,False,False,False,False,False,False,False,False,False,False,False,False,False,False,False,True,False,False,False,False,False,False,False,False,False,False,False,False,True,False,False,False,False,True,False,True,False
d_496,155,2012-06-07,11219,6,6,2012,1,2,0,172.0,155.0,123.0,147.57142857142858,138.10714285714286,27.784031042172415,False,False,False,True,False,False,False,False,False,False,False,False,False,False,False,False,False,False,False,False,False,False,False,False,True,False,False,False,False,False,False,False,False,False,False,False,False,True,False,False,False,False,True,False,True,False
d_497,161,2012-06-08,11219,7,6,2012,1,2,0,155.0,175.0,183.0,147.57142857142858,139.25,27.784031042172415,False,False,False,False,False,False,False,False,False,False,False,False,False,False,False,False,False,False,False,False,False,False,False,False,True,False,False,False,False,False,False,False,False,False,False,False,False,True,False,False,False,False,True,False,True,False
d_498,276,2012-06-09,11220,1,6,2012,1,2,1,161.0,143.0,229.0,145.57142857142858,138.46428571428572,25.922044305038902,False,True,False,False,False,False,False,False,False,False,False,False,False,False,False,False,False,False,False,False,False,False,False,False,True,False,False,False,False,False,False,False,False,False,False,False,False,True,False,False,False,False,True,False,True,False
d_499,238,2012-06-10,11220,2,6,2012,1,2,1,276.0,147.0,153.0,164.57142857142858,140.14285714285714,55.54234763630726,False,False,True,False,False,False,False,False,False,False,False,False,False,False,False,False,False,False,False,False,False,False,False,False,True,False,False,False,False,False,False,False,False,False,False,False,False,True,False,False,False,False,True,False,True,False
d_500,172,2012-06-11,11220,3,6,2012,0,2,0,238.0,91.0,89.0,177.57142857142858,143.17857142857142,61.114256773296454,True,False,False,False,False,False,False,False,False,False,False,False,False,False,False,False,False,False,False,False,False,False,False,False,True,False,False,False,False,False,False,False,False,False,False,False,False,True,False,False,False,False,True,False,True,False
d_501,106,2012-06-12,11220,4,6,2012,0,2,0,172.0,150.0,119.0,189.14285714285714,146.14285714285714,48.31986676109071,False,False,False,False,True,False,False,False,False,False,False,False,False,False,False,False,False,False,False,False,False,False,True,False,False,False,False,False,False,False,False,False,False,False,False,False,False,False,False,True,False,False,True,False,True,False
d_502,116,2012-06-13,11220,5,6,2012,0,2,0,106.0,172.0,106.0,182.85714285714286,145.67857142857142,56.44002294893423,False,False,False,False,False,True,False,False,False,False,False,False,False,False,False,False,False,False,False,False,False,False,False,False,True,False,False,False,False,False,False,False,False,False,False,False,False,True,False,False,False,False,True,False,True,False
d_503,185,2012-06-14,11220,6,6,2012,0,2,0,116.0,155.0,102.0,174.85714285714286,146.03571428571428,61.93660353250641,False,False,False,True,False,False,False,False,False,False,False,False,False,False,False,False,False,False,False,False,False,False,False,False,True,False,False,False,False,False,False,False,False,False,False,False,False,True,False,False,False,False,True,False,True,False
d_504,247,2012-06-15,11220,7,6,2012,0,2,0,185.0,161.0,155.0,179.14285714285714,149.0,61.3689079024785,False,False,False,False,False,False,False,False,False,False,False,False,False,False,False,False,False,False,False,False,False,False,False,False,True,False,False,False,False,False,False,False,False,False,False,False,False,True,False,False,False,False,True,False,True,False
d_505,188,2012-06-16,11221,1,6,2012,0,2,1,247.0,276.0,204.0,191.42857142857142,152.28571428571428,65.59435225397903,False,True,False,False,False,False,False,False,False,False,False,False,False,False,False,False,False,False,False,False,False,False,False,False,True,False,False,False,False,False,False,False,False,False,False,False,False,True,False,False,False,False,True,False,True,False
d_506,212,2012-06-17,11221,2,6,2012,0,2,1,188.0,238.0,137.0,178.85714285714286,151.71428571428572,54.11231705575808,False,False,True,False,False,False,False,False,False,False,False,False,True,False,False,False,False,False,False,False,False,False,False,False,False,False,False,False,False,False,False,False,False,False,False,False,False,False,False,False,False,False,True,False,True,False
d_507,167,2012-06-18,11221,3,6,2012,0,2,0,212.0,172.0,100.0,175.14285714285714,154.39285714285714,50.121281479456265,True,False,False,False,False,False,False,False,False,False,False,False,False,False,False,False,False,False,False,False,False,False,False,False,True,False,False,False,False,False,False,False,False,False,False,False,False,True,False,False,False,False,True,False,True,False
d_508,156,2012-06-19,11221,4,6,2012,0,2,0,167.0,106.0,112.0,174.42857142857142,156.78571428571428,50.20908663730509,False,False,False,False,True,False,False,False,False,False,False,False,False,False,False,False,False,False,False,False,False,False,False,False,True,False,False,False,False,False,False,False,False,False,False,False,False,True,False,False,False,False,True,False,True,False
d_509,51,2012-06-20,11221,5,6,2012,0,2,0,156.0,116.0,118.0,181.57142857142858,158.35714285714286,41.68475797721607,False,False,False,False,False,True,False,False,False,False,False,False,False,False,False,False,False,False,False,False,False,False,False,False,True,False,False,False,False,False,False,False,False,False,False,False,False,True,False,False,False,False,True,False,True,False
d_510,0,2012-06-21,11221,6,6,2012,0,2,0,51.0,185.0,146.0,172.28571428571428,155.96428571428572,61.33436852128494,False,False,False,True,False,False,False,False,False,False,False,False,False,False,False,False,False,False,False,False,False,True,False,False,False,False,False,False,False,False,False,False,False,False,False,False,False,False,False,True,False,False,True,False,True,False
d_511,0,2012-06-22,11221,7,6,2012,0,2,0,0.0,247.0,169.0,145.85714285714286,150.75,88.69691571381088,False,False,False,False,False,False,False,False,False,False,False,False,False,False,False,False,False,False,False,False,False,False,False,False,True,False,False,False,False,False,False,False,False,False,False,False,False,True,False,False,False,False,True,False,True,False
d_512,268,2012-06-23,11222,1,6,2012,0,2,1,0.0,188.0,182.0,110.57142857142857,144.71428571428572,90.8586028633817,False,True,False,False,False,False,False,False,False,False,False,False,False,False,False,False,False,False,False,False,False,False,False,False,True,False,False,False,False,False,False,False,False,False,False,False,False,True,False,False,False,False,True,False,True,False
d_513,295,2012-06-24,11222,2,6,2012,0,2,1,268.0,212.0,118.0,122.0,147.78571428571428,105.9921380732238,False,False,True,False,False,False,False,False,False,False,False,False,False,False,False,False,False,False,False,False,False,False,False,False,True,False,False,False,False,False,False,False,False,False,False,False,False,True,False,False,False,False,True,False,True,False
d_514,141,2012-06-25,11222,3,6,2012,0,2,0,295.0,167.0,129.0,133.85714285714286,154.10714285714286,121.27850671275681,True,False,False,False,False,False,False,False,False,False,False,False,False,False,False,False,False,False,False,False,False,False,False,False,True,False,False,False,False,False,False,False,False,False,False,False,False,True,False,False,False,False,True,False,True,False
d_515,170,2012-06-26,11222,4,6,2012,0,2,0,141.0,156.0,79.0,130.14285714285714,154.53571428571428,120.48987311724389,False,False,False,False,True,False,False,False,False,False,False,False,False,False,False,False,False,False,False,False,False,False,False,False,True,False,False,False,False,False,False,False,False,False,False,False,False,True,False,False,False,False,True,False,True,False
d_516,192,2012-06-27,11222,5,6,2012,0,2,0,170.0,51.0,81.0,132.14285714285714,157.78571428571428,121.10522775865705,False,False,False,False,False,True,False,False,False,False,False,False,False,False,False,False,False,False,False,False,False,False,False,False,True,False,False,False,False,False,False,False,False,False,False,False,False,True,False,False,False,False,True,False,True,False
d_517,238,2012-06-28,11222,6,6,2012,0,2,0,192.0,0.0,155.0,152.28571428571428,161.75,117.01668582687162,False,False,False,True,False,False,False,False,False,False,False,False,False,False,False,False,False,False,False,False,False,False,False,False,True,False,False,False,False,False,False,False,False,False,False,False,False,True,False,False,False,False,True,False,True,False
d_518,236,2012-06-29,11222,7,6,2012,0,2,0,238.0,0.0,175.0,186.28571428571428,164.71428571428572,98.50670753086543,False,False,False,False,False,False,False,False,False,False,False,False,False,False,False,False,False,False,False,False,False,False,False,False,True,False,False,False,False,False,False,False,False,False,False,False,False,True,False,False,False,False,True,False,True,False
d_519,247,2012-06-30,11223,1,6,2012,0,2,1,236.0,268.0,143.0,220.0,166.89285714285714,54.82396069846389,False,True,False,False,False,False,False,False,False,False,False,False,False,False,False,False,False,False,False,False,False,False,False,False,True,False,False,False,False,False,False,False,False,False,False,False,False,True,False,False,False,False,True,False,True,False
d_520,220,2012-07-01,11223,2,7,2012,1,3,1,247.0,295.0,147.0,217.0,170.60714285714286,52.27491431524983,False,False,True,False,False,False,False,False,False,False,False,False,False,False,False,False,False,False,False,False,False,False,False,False,True,False,False,False,False,False,False,False,False,False,False,False,False,True,False,False,False,False,True,False,True,False
d_521,240,2012-07-02,11223,3,7,2012,1,3,0,220.0,141.0,91.0,206.28571428571428,173.21428571428572,39.82760468868465,True,False,False,False,False,False,False,False,False,False,False,False,False,False,False,False,False,False,False,False,False,False,False,False,True,False,False,False,False,False,False,False,False,False,False,False,False,True,False,False,False,False,True,False,True,False
d_522,346,2012-07-03,11223,4,7,2012,1,3,0,240.0,170.0,150.0,220.42857142857142,178.53571428571428,28.84358474518083,False,False,False,False,True,False,False,False,False,False,False,False,False,False,False,False,False,False,False,False,False,False,False,False,True,False,False,False,False,False,False,False,False,False,False,False,False,True,False,False,False,False,True,False,True,False
d_523,383,2012-07-04,11223,5,7,2012,1,3,0,346.0,192.0,172.0,245.57142857142858,185.53571428571428,47.94391564754706,False,False,False,False,False,True,False,False,False,False,False,False,False,False,True,False,False,False,False,False,False,False,False,False,False,False,False,False,False,False,False,False,False,False,False,False,True,False,False,False,False,False,True,False,True,False
d_524,150,2012-07-05,11223,6,7,2012,1,3,0,383.0,238.0,155.0,272.85714285714283,193.07142857142858,64.02715197848694,False,False,False,True,False,False,False,False,False,False,False,False,False,False,False,False,False,False,False,False,False,False,False,False,True,False,False,False,False,False,False,False,False,False,False,False,False,True,False,False,False,False,True,False,True,False
d_525,386,2012-07-06,11223,7,7,2012,1,3,0,150.0,236.0,161.0,260.2857142857143,192.89285714285714,78.91918711719073,False,False,False,False,False,False,False,False,False,False,False,False,False,False,False,False,False,False,False,False,False,False,False,False,True,False,False,False,False,False,False,False,False,False,False,False,False,True,False,False,False,False,True,False,True,False
d_526,357,2012-07-07,11224,1,7,2012,1,3,1,386.0,247.0,276.0,281.7142857142857,200.92857142857142,90.70963617630804,False,True,False,False,False,False,False,False,False,False,False,False,False,False,False,False,False,False,False,False,False,False,False,False,True,False,False,False,False,False,False,False,False,False,False,False,False,True,False,False,False,False,True,False,True,False
d_527,215,2012-07-08,11224,2,7,2012,1,3,1,357.0,220.0,238.0,297.42857142857144,203.82142857142858,93.1877265574843,False,False,True,False,False,False,False,False,False,False,False,False,False,False,False,False,False,False,False,False,False,False,False,False,True,False,False,False,False,False,False,False,False,False,False,False,False,True,False,False,False,False,True,False,True,False
d_528,186,2012-07-09,11224,3,7,2012,1,3,0,215.0,240.0,172.0,296.7142857142857,203.0,93.89659966458588,True,False,False,False,False,False,False,False,False,False,False,False,False,False,False,False,False,False,False,False,False,False,False,False,True,False,False,False,False,False,False,False,False,False,False,False,False,True,False,False,False,False,True,False,True,False
d_529,243,2012-07-10,11224,4,7,2012,1,3,0,186.0,346.0,106.0,289.0,203.5,101.26203632161501,False,False,False,False,True,False,False,False,False,False,False,False,False,False,False,False,False,False,False,False,False,False,False,False,True,False,False,False,False,False,False,False,False,False,False,False,False,True,False,False,False,False,True,False,True,False
d_530,205,2012-07-11,11224,5,7,2012,0,3,0,243.0,383.0,116.0,274.2857142857143,208.39285714285714,99.05842431904264,False,False,False,False,False,True,False,False,False,False,False,False,False,False,False,False,False,False,False,False,False,False,False,False,True,False,False,False,False,False,False,False,False,False,False,False,False,True,False,False,False,False,True,False,True,False
d_531,298,2012-07-12,11224,6,7,2012,0,3,0,205.0,150.0,185.0,248.85714285714286,211.57142857142858,88.81709402179432,False,False,False,True,False,False,False,False,False,False,False,False,False,False,False,False,False,False,False,False,False,False,False,False,True,False,False,False,False,False,False,False,False,False,False,False,False,True,False,False,False,False,True,False,True,False
d_532,240,2012-07-13,11224,7,7,2012,0,3,0,298.0,386.0,247.0,270.0,215.60714285714286,78.36240595251486,False,False,False,False,False,False,False,False,False,False,False,False,False,False,False,False,False,False,False,False,False,False,False,False,True,False,False,False,False,False,False,False,False,False,False,False,False,True,False,False,False,False,True,False,True,False
d_533,260,2012-07-14,11225,1,7,2012,0,3,1,240.0,357.0,188.0,249.14285714285714,215.35714285714286,59.50190072994519,False,True,False,False,False,False,False,False,False,False,False,False,False,False,False,False,False,False,False,False,False,False,False,False,True,False,False,False,False,False,False,False,False,False,False,False,False,True,False,False,False,False,True,False,True,False
d_534,303,2012-07-15,11225,2,7,2012,0,3,1,260.0,215.0,212.0,235.28571428571428,217.92857142857142,37.37964814224648,False,False,True,False,False,False,False,False,False,False,False,False,False,False,False,False,False,False,False,False,False,False,False,False,True,False,False,False,False,False,False,False,False,False,False,False,False,True,False,False,False,False,True,False,True,False
d_535,188,2012-07-16,11225,3,7,2012,0,3,0,303.0,186.0,167.0,247.85714285714286,221.17857142857142,43.68610981165811,True,False,False,False,False,False,False,False,False,False,False,False,False,False,False,False,False,False,False,False,False,False,False,False,True,False,False,False,False,False,False,False,False,False,False,False,False,True,False,False,False,False,True,False,True,False
d_536,244,2012-07-17,11225,4,7,2012,0,3,0,188.0,243.0,156.0,248.14285714285714,221.92857142857142,43.218161967043265,False,False,False,False,True,False,False,False,False,False,False,False,False,False,False,False,False,False,False,False,False,False,False,False,True,False,False,False,False,False,False,False,False,False,False,False,False,True,False,False,False,False,True,False,True,False
d_537,194,2012-07-18,11225,5,7,2012,0,3,0,244.0,205.0,51.0,248.28571428571428,225.07142857142858,43.1999779541397,False,False,False,False,False,True,False,False,False,False,False,False,False,False,False,False,False,False,False,False,False,False,False,False,True,False,False,False,False,False,False,False,False,False,False,False,False,True,False,False,False,False,True,False,True,False
d_538,222,2012-07-19,11225,6,7,2012,0,3,0,194.0,298.0,0.0,246.71428571428572,230.17857142857142,45.19112850148971,False,False,False,True,False,False,False,False,False,False,False,False,False,False,False,False,False,False,False,False,False,False,False,False,True,False,False,False,False,False,False,False,False,False,False,False,False,True,False,False,False,False,True,False,True,False
d_539,321,2012-07-20,11225,7,7,2012,0,3,0,222.0,240.0,0.0,235.85714285714286,238.10714285714286,39.59978354919271,False,False,False,False,False,False,False,False,False,False,False,False,False,False,False,False,False,False,False,False,False,False,False,False,False,False,False,False,False,False,True,False,False,False,False,False,False,False,True,False,False,False,True,False,True,False
d_540,328,2012-07-21,11226,1,7,2012,0,3,1,321.0,260.0,268.0,247.42857142857142,249.57142857142858,51.159414717975174,False,True,False,False,False,False,False,False,False,False,False,False,False,False,False,False,False,False,False,False,False,False,False,False,True,False,False,False,False,False,False,False,False,False,False,False,False,True,False,False,False,False,True,False,True,False
d_541,363,2012-07-22,11226,2,7,2012,0,3,1,328.0,303.0,295.0,257.14285714285717,251.71428571428572,59.68927478039576,False,False,True,False,False,False,False,False,False,False,False,False,False,False,False,False,False,False,False,False,False,False,False,False,True,False,False,False,False,False,False,False,False,False,False,False,False,True,False,False,False,False,True,False,True,False
d_542,206,2012-07-23,11226,3,7,2012,0,3,0,363.0,188.0,141.0,265.7142857142857,254.14285714285714,70.669923554778,True,False,False,False,False,False,False,False,False,False,False,False,False,False,False,False,False,False,False,False,False,False,False,False,True,False,False,False,False,False,False,False,False,False,False,False,False,True,False,False,False,False,True,False,True,False
d_543,196,2012-07-24,11226,4,7,2012,0,3,0,206.0,244.0,170.0,268.2857142857143,256.4642857142857,67.63311389576978,False,False,False,False,True,False,False,False,False,False,False,False,False,False,False,False,False,False,False,False,False,False,False,False,True,False,False,False,False,False,False,False,False,False,False,False,False,True,False,False,False,False,True,False,True,False
d_544,207,2012-07-25,11226,5,7,2012,0,3,0,196.0,194.0,192.0,261.42857142857144,257.39285714285717,72.74580662108606,False,False,False,False,False,True,False,False,False,False,False,False,False,False,False,False,False,False,False,False,False,False,False,False,True,False,False,False,False,False,False,False,False,False,False,False,False,True,False,False,False,False,True,False,True,False
d_545,213,2012-07-26,11226,6,7,2012,0,3,0,207.0,222.0,238.0,263.2857142857143,257.92857142857144,70.87950875891303,False,False,False,True,False,False,False,False,False,False,False,False,False,False,False,False,False,False,False,False,False,False,False,False,True,False,False,False,False,False,False,False,False,False,False,False,False,True,False,False,False,False,True,False,True,False
d_546,281,2012-07-27,11226,7,7,2012,0,3,0,213.0,321.0,236.0,262.0,257.0357142857143,71.82849945065956,False,False,False,False,False,False,False,False,False,False,False,False,False,False,False,False,False,False,False,False,False,False,False,False,True,False,False,False,False,False,False,False,False,False,False,False,False,True,False,False,False,False,True,False,True,False
d_547,240,2012-07-28,11227,1,7,2012,0,3,1,281.0,328.0,247.0,256.2857142857143,258.64285714285717,67.83242657636654,False,True,False,False,False,False,False,False,False,False,False,False,False,False,False,False,False,False,False,False,False,False,False,False,True,False,False,False,False,False,False,False,False,False,False,False,False,True,False,False,False,False,True,False,True,False
d_548,333,2012-07-29,11227,2,7,2012,0,3,1,240.0,363.0,220.0,243.71428571428572,258.39285714285717,60.03253086373102,False,False,True,False,False,False,False,False,False,False,False,False,False,False,False,False,False,False,False,False,False,False,False,False,True,False,False,False,False,False,False,False,False,False,False,False,False,True,False,False,False,False,True,False,True,False
d_549,283,2012-07-30,11227,3,7,2012,0,3,0,333.0,206.0,240.0,239.42857142857142,262.42857142857144,50.39463312317196,True,False,False,False,False,False,False,False,False,False,False,False,False,False,False,False,False,False,False,False,False,False,False,False,True,False,False,False,False,False,False,False,False,False,False,False,False,True,False,False,False,False,True,False,True,False
d_550,203,2012-07-31,11227,4,7,2012,0,3,0,283.0,196.0,346.0,250.42857142857142,263.9642857142857,50.28537608111436,False,False,False,False,True,False,False,False,False,False,False,False,False,False,False,False,False,False,False,False,False,False,False,False,True,False,False,False,False,False,False,False,False,False,False,False,False,True,False,False,False,False,True,False,True,False
d_551,135,2012-08-01,11227,5,8,2012,1,3,0,203.0,207.0,383.0,251.42857142857142,258.85714285714283,49.07768380454714,False,False,False,False,False,True,False,False,False,False,False,False,False,False,False,False,False,False,False,False,False,False,False,False,True,False,False,False,False,False,False,False,False,False,False,False,False,True,False,False,False,False,True,False,True,False
d_552,253,2012-08-02,11227,6,8,2012,1,3,0,135.0,213.0,150.0,241.14285714285714,250.0,64.9266985952331,False,False,False,True,False,False,False,False,False,False,False,False,False,False,False,False,False,False,False,False,False,False,False,False,True,False,False,False,False,False,False,False,False,False,False,False,False,True,False,False,False,False,True,False,True,False
d_553,298,2012-08-03,11227,7,8,2012,1,3,0,253.0,281.0,386.0,246.85714285714286,253.67857142857142,63.78722069356512,False,False,False,False,False,False,False,False,False,False,False,False,False,False,False,False,False,False,False,False,False,False,False,False,True,False,False,False,False,False,False,False,False,False,False,False,False,True,False,False,False,False,True,False,True,False
d_554,281,2012-08-04,11228,1,8,2012,1,3,1,298.0,240.0,357.0,249.28571428571428,250.53571428571428,65.60161147846513,False,True,False,False,False,False,False,False,False,False,False,False,False,False,False,False,False,False,False,False,False,False,False,False,True,False,False,False,False,False,False,False,False,False,False,False,False,True,False,False,False,False,True,False,True,False
d_555,261,2012-08-05,11228,2,8,2012,1,3,1,281.0,333.0,215.0,255.14285714285714,247.82142857142858,66.45908157512852,False,False,True,False,False,False,False,False,False,False,False,False,False,False,False,False,False,False,False,False,False,False,False,False,True,False,False,False,False,False,False,False,False,False,False,False,False,True,False,False,False,False,True,False,True,False
d_556,192,2012-08-06,11228,3,8,2012,1,3,0,261.0,283.0,186.0,244.85714285714286,249.46428571428572,57.34814315921293,True,False,False,False,False,False,False,False,False,False,False,False,False,False,False,False,False,False,False,False,False,False,False,False,True,False,False,False,False,False,False,False,False,False,False,False,False,True,False,False,False,False,True,False,True,False
d_557,143,2012-08-07,11228,4,8,2012,1,3,0,192.0,203.0,243.0,231.85714285714286,249.67857142857142,57.574382530858045,False,False,False,False,True,False,False,False,False,False,False,False,False,False,False,False,False,False,False,False,False,False,False,False,True,False,False,False,False,False,False,False,False,False,False,False,False,True,False,False,False,False,True,False,True,False
d_558,147,2012-08-08,11228,5,8,2012,1,3,0,143.0,135.0,205.0,223.28571428571428,246.10714285714286,66.3795005648441,False,False,False,False,False,True,False,False,False,False,False,False,False,False,False,False,False,False,False,False,False,False,False,False,True,False,False,False,False,False,False,False,False,False,False,False,False,True,False,False,False,False,True,False,True,False
d_559,270,2012-08-09,11228,6,8,2012,1,3,0,147.0,253.0,298.0,225.0,244.03571428571428,63.82528234694079,False,False,False,True,False,False,False,False,False,False,False,False,False,False,False,False,False,False,False,False,False,False,False,False,True,False,False,False,False,False,False,False,False,False,False,False,False,True,False,False,False,False,True,False,True,False
d_560,243,2012-08-10,11228,7,8,2012,1,3,0,270.0,298.0,240.0,227.42857142857142,243.03571428571428,65.37292289334395,False,False,False,False,False,False,False,False,False,False,False,False,False,False,False,False,False,False,False,False,False,False,False,False,True,False,False,False,False,False,False,False,False,False,False,False,False,True,False,False,False,False,True,False,True,False
d_561,300,2012-08-11,11229,1,8,2012,0,3,1,243.0,281.0,260.0,219.57142857142858,243.14285714285714,58.41191985333492,False,True,False,False,False,False,False,False,False,False,False,False,False,False,False,False,False,False,False,False,False,False,False,False,True,False,False,False,False,False,False,False,False,False,False,False,False,True,False,False,False,False,True,False,True,False
d_562,239,2012-08-12,11229,2,8,2012,0,3,1,300.0,261.0,303.0,222.28571428571428,244.57142857142858,62.0690859331074,False,False,True,False,False,False,False,False,False,False,False,False,False,False,False,False,False,False,False,False,False,False,False,False,True,False,False,False,False,False,False,False,False,False,False,False,False,True,False,False,False,False,True,False,True,False
d_563,197,2012-08-13,11229,3,8,2012,0,3,0,239.0,192.0,188.0,219.14285714285714,242.28571428571428,60.314256389427236,True,False,False,False,False,False,False,False,False,False,False,False,False,False,False,False,False,False,False,False,False,False,False,False,True,False,False,False,False,False,False,False,False,False,False,False,False,True,False,False,False,False,True,False,True,False
d_564,181,2012-08-14,11229,4,8,2012,0,3,0,197.0,143.0,244.0,219.85714285714286,242.60714285714286,59.967848528548174,False,False,False,False,True,False,False,False,False,False,False,False,False,False,False,False,False,False,False,False,False,False,False,False,True,False,False,False,False,False,False,False,False,False,False,False,False,True,False,False,False,False,True,False,True,False
d_565,201,2012-08-15,11229,5,8,2012,0,3,0,181.0,147.0,194.0,225.28571428571428,240.35714285714286,53.187449289327695,False,False,False,False,False,True,False,False,False,False,False,False,False,False,False,False,False,False,False,False,False,False,False,False,True,False,False,False,False,False,False,False,False,False,False,False,False,True,False,False,False,False,True,False,True,False
d_566,220,2012-08-16,11229,6,8,2012,0,3,0,201.0,270.0,222.0,233.0,240.60714285714286,42.85246006162752,False,False,False,True,False,False,False,False,False,False,False,False,False,False,False,False,False,False,False,False,False,False,False,False,True,False,False,False,False,False,False,False,False,False,False,False,False,True,False,False,False,False,True,False,True,False
d_567,224,2012-08-17,11229,7,8,2012,0,3,0,220.0,243.0,321.0,225.85714285714286,240.53571428571428,39.70906097869311,False,False,False,False,False,False,False,False,False,False,False,False,False,False,False,False,False,False,False,False,False,False,False,False,True,False,False,False,False,False,False,False,False,False,False,False,False,True,False,False,False,False,True,False,True,False
d_568,297,2012-08-18,11230,1,8,2012,0,3,1,224.0,300.0,328.0,223.14285714285714,237.07142857142858,38.9847344971024,False,True,False,False,False,False,False,False,False,False,False,False,False,False,False,False,False,False,False,False,False,False,False,False,True,False,False,False,False,False,False,False,False,False,False,False,False,True,False,False,False,False,True,False,True,False
d_569,246,2012-08-19,11230,2,8,2012,0,3,1,297.0,239.0,363.0,222.71428571428572,235.96428571428572,38.00313270295144,False,False,True,False,False,False,False,False,False,False,True,False,False,False,False,False,False,False,False,False,False,False,False,False,False,False,False,False,False,False,False,False,False,False,False,False,False,False,True,False,False,False,True,False,True,False
d_570,254,2012-08-20,11230,3,8,2012,0,3,0,246.0,197.0,206.0,223.71428571428572,231.78571428571428,38.590647769092165,True,False,False,False,False,False,False,False,False,False,False,False,False,False,False,False,False,False,False,False,False,False,False,False,True,False,False,False,False,False,False,False,False,False,False,False,False,True,False,False,False,False,True,False,True,False
d_571,130,2012-08-21,11230,4,8,2012,0,3,0,254.0,181.0,196.0,231.85714285714286,233.5,38.02380206935612,False,False,False,False,True,False,False,False,False,False,False,False,False,False,False,False,False,False,False,False,False,False,False,False,True,False,False,False,False,False,False,False,False,False,False,False,False,True,False,False,False,False,True,False,True,False
d_572,265,2012-08-22,11230,5,8,2012,0,3,0,130.0,201.0,207.0,224.57142857142858,231.14285714285714,51.78756975329527,False,False,False,False,False,True,False,False,False,False,False,False,False,False,False,False,False,False,False,False,False,False,False,False,True,False,False,False,False,False,False,False,False,False,False,False,False,True,False,False,False,False,True,False,True,False
d_573,246,2012-08-23,11230,6,8,2012,0,3,0,265.0,220.0,213.0,233.71428571428572,233.21428571428572,52.57602205604893,False,False,False,True,False,False,False,False,False,False,False,False,False,False,False,False,False,False,False,False,False,False,False,False,True,False,False,False,False,False,False,False,False,False,False,False,False,True,False,False,False,False,True,False,True,False
d_574,243,2012-08-24,11230,7,8,2012,0,3,0,246.0,224.0,281.0,237.42857142857142,234.39285714285714,52.36365515271476,False,False,False,False,False,False,False,False,False,False,False,False,False,False,False,False,False,False,False,False,False,False,False,False,True,False,False,False,False,False,False,False,False,False,False,False,False,True,False,False,False,False,True,False,True,False
d_575,320,2012-08-25,11231,1,8,2012,0,3,1,243.0,297.0,240.0,240.14285714285714,233.03571428571428,52.04302249558766,False,True,False,False,False,False,False,False,False,False,False,False,False,False,False,False,False,False,False,False,False,False,False,False,True,False,False,False,False,False,False,False,False,False,False,False,False,True,False,False,False,False,True,False,True,False
d_576,236,2012-08-26,11231,2,8,2012,0,3,1,320.0,246.0,333.0,243.42857142857142,235.89285714285714,56.744624247169305,False,False,True,False,False,False,False,False,False,False,False,False,False,False,False,False,False,False,False,False,False,False,False,False,True,False,False,False,False,False,False,False,False,False,False,False,False,True,False,False,False,False,True,False,True,False
d_577,160,2012-08-27,11231,3,8,2012,0,3,0,236.0,254.0,283.0,242.0,232.42857142857142,56.79495282740113,True,False,False,False,False,False,False,False,False,False,False,False,False,False,False,False,False,False,False,False,False,False,False,False,True,False,False,False,False,False,False,False,False,False,False,False,False,True,False,False,False,False,True,False,True,False
d_578,176,2012-08-28,11231,4,8,2012,0,3,0,160.0,130.0,203.0,228.57142857142858,228.03571428571428,64.12450686712863,False,False,False,False,True,False,False,False,False,False,False,False,False,False,False,False,False,False,False,False,False,False,False,False,True,False,False,False,False,False,False,False,False,False,False,False,False,True,False,False,False,False,True,False,True,False
d_579,203,2012-08-29,11231,5,8,2012,0,3,0,176.0,265.0,135.0,235.14285714285714,227.07142857142858,53.877727530117426,False,False,False,False,False,True,False,False,False,False,False,False,False,False,False,False,False,False,False,False,False,False,False,False,True,False,False,False,False,False,False,False,False,False,False,False,False,True,False,False,False,False,True,False,True,False
d_580,138,2012-08-30,11231,6,8,2012,0,3,0,203.0,246.0,253.0,226.28571428571428,229.5,53.24382369725907,False,False,False,True,False,False,False,False,False,False,False,False,False,False,False,False,False,False,False,False,False,False,False,False,True,False,False,False,False,False,False,False,False,False,False,False,False,True,False,False,False,False,True,False,True,False
d_581,182,2012-08-31,11231,7,8,2012,0,3,0,138.0,243.0,298.0,210.85714285714286,225.39285714285714,61.57496399086423,False,False,False,False,False,False,False,False,False,False,False,False,False,False,False,False,False,False,False,False,False,False,False,False,True,False,False,False,False,False,False,False,False,False,False,False,False,True,False,False,False,False,True,False,True,False
d_582,291,2012-09-01,11232,1,9,2012,1,3,1,182.0,320.0,281.0,202.14285714285714,221.25,60.57620151904723,False,True,False,False,False,False,False,False,False,False,False,False,False,False,False,False,False,False,False,False,False,False,False,False,True,False,False,False,False,False,False,False,False,False,False,False,False,True,False,False,False,False,True,False,True,False
d_583,197,2012-09-02,11232,2,9,2012,1,3,1,291.0,236.0,261.0,198.0,221.60714285714286,51.48138822267094,False,False,True,False,False,False,False,False,False,False,False,False,False,False,False,False,False,False,False,False,False,False,False,False,True,False,False,False,False,False,False,False,False,False,False,False,False,True,False,False,False,False,True,False,True,False
d_584,319,2012-09-03,11232,3,9,2012,1,3,0,197.0,160.0,192.0,192.42857142857142,219.32142857142858,48.71980139141653,True,False,False,False,False,False,False,False,False,False,False,False,False,False,False,True,False,False,False,False,False,False,False,False,False,False,False,False,False,False,False,False,False,False,False,False,True,False,False,False,False,False,True,False,True,False
d_585,159,2012-09-04,11232,4,9,2012,1,3,0,319.0,176.0,143.0,215.14285714285714,223.85714285714286,65.31826842833655,False,False,False,False,True,False,False,False,False,False,False,False,False,False,False,False,False,False,False,False,False,False,False,False,True,False,False,False,False,False,False,False,False,False,False,False,False,True,False,False,False,False,True,False,True,False
d_586,142,2012-09-05,11232,5,9,2012,1,3,0,159.0,203.0,147.0,212.71428571428572,224.42857142857142,67.30209081872171,False,False,False,False,False,True,False,False,False,False,False,False,False,False,False,False,False,False,False,False,False,False,False,False,True,False,False,False,False,False,False,False,False,False,False,False,False,True,False,False,False,False,True,False,True,False
d_587,173,2012-09-06,11232,6,9,2012,1,3,0,142.0,138.0,270.0,204.0,224.25,72.51666475139834,False,False,False,True,False,False,False,False,False,False,False,False,False,False,False,False,False,False,False,False,False,False,False,False,True,False,False,False,False,False,False,False,False,False,False,False,False,True,False,False,False,False,True,False,True,False
d_588,273,2012-09-07,11232,7,9,2012,1,3,0,173.0,182.0,243.0,209.0,220.78571428571428,68.2910438246971,False,False,False,False,False,False,False,False,False,False,False,False,False,False,False,False,False,False,False,False,False,False,False,False,True,False,False,False,False,False,False,False,False,False,False,False,False,True,False,False,False,False,True,False,True,False
d_589,272,2012-09-08,11233,1,9,2012,1,3,1,273.0,291.0,300.0,222.0,221.85714285714286,70.90604111545578,False,True,False,False,False,False,False,False,False,False,False,False,False,False,False,False,False,False,False,False,False,False,False,False,True,False,False,False,False,False,False,False,False,False,False,False,False,True,False,False,False,False,True,False,True,False
d_590,282,2012-09-09,11233,2,9,2012,1,3,1,272.0,197.0,239.0,219.28571428571428,220.85714285714286,68.13397166787016,False,False,True,False,False,False,False,False,False,False,False,False,False,False,False,False,False,False,False,False,False,False,False,False,True,False,False,False,False,False,False,False,False,False,False,False,False,True,False,False,False,False,True,False,True,False
d_591,272,2012-09-10,11233,3,9,2012,1,3,0,282.0,319.0,197.0,231.42857142857142,222.39285714285714,71.01374783063082,True,False,False,False,False,False,False,False,False,False,False,False,False,False,False,False,False,False,False,False,False,False,False,False,True,False,False,False,False,False,False,False,False,False,False,False,False,True,False,False,False,False,True,False,True,False
d_592,260,2012-09-11,11233,4,9,2012,0,3,0,272.0,159.0,181.0,224.71428571428572,225.07142857142858,63.139301774500716,False,False,False,False,True,False,False,False,False,False,False,False,False,False,False,False,False,False,False,False,False,False,False,False,True,False,False,False,False,False,False,False,False,False,False,False,False,True,False,False,False,False,True,False,True,False
d_593,295,2012-09-12,11233,5,9,2012,0,3,0,260.0,142.0,201.0,239.14285714285714,227.89285714285714,56.84607453884777,False,False,False,False,False,True,False,False,False,False,False,False,False,False,False,False,False,False,False,False,False,False,False,False,True,False,False,False,False,False,False,False,False,False,False,False,False,True,False,False,False,False,True,False,True,False
d_594,200,2012-09-13,11233,6,9,2012,0,3,0,295.0,173.0,220.0,261.0,231.25,40.26578365477802,False,False,False,True,False,False,False,False,False,False,False,False,False,False,False,False,False,False,False,False,False,False,False,False,True,False,False,False,False,False,False,False,False,False,False,False,False,True,False,False,False,False,True,False,True,False
d_595,238,2012-09-14,11233,7,9,2012,0,3,0,200.0,273.0,224.0,264.85714285714283,230.53571428571428,30.552842592404502,False,False,False,False,False,False,False,False,False,False,False,False,False,False,False,False,False,False,False,False,False,False,False,False,True,False,False,False,False,False,False,False,False,False,False,False,False,True,False,False,False,False,True,False,True,False
d_596,225,2012-09-15,11234,1,9,2012,0,3,1,238.0,272.0,297.0,259.85714285714283,231.03571428571428,31.83514081131485,False,True,False,False,False,False,False,False,False,False,False,False,False,False,False,False,False,False,False,False,False,False,False,False,True,False,False,False,False,False,False,False,False,False,False,False,False,True,False,False,False,False,True,False,True,False
d_597,299,2012-09-16,11234,2,9,2012,0,3,1,225.0,282.0,246.0,253.14285714285714,228.46428571428572,33.746251996474726,False,False,True,False,False,False,False,False,False,False,False,False,False,False,False,False,False,False,False,False,False,False,False,False,True,False,False,False,False,False,False,False,False,False,False,False,False,True,False,False,False,False,True,False,True,False
d_598,283,2012-09-17,11234,3,9,2012,0,3,0,299.0,272.0,254.0,255.57142857142858,230.35714285714286,36.655409527368526,True,False,False,False,False,False,False,False,False,False,False,False,False,False,False,False,False,False,False,False,False,False,False,False,True,False,False,False,False,False,False,False,False,False,False,False,False,True,False,False,False,False,True,False,True,False
d_599,234,2012-09-18,11234,4,9,2012,0,3,0,283.0,260.0,130.0,257.14285714285717,231.39285714285714,37.698048452710516,False,False,False,False,True,False,False,False,False,False,False,False,False,False,False,False,False,False,False,False,False,False,False,False,True,False,False,False,False,False,False,False,False,False,False,False,False,True,False,False,False,False,True,False,True,False
d_600,193,2012-09-19,11234,5,9,2012,0,3,0,234.0,295.0,265.0,253.42857142857142,235.10714285714286,38.63874196907078,False,False,False,False,False,True,False,False,False,False,False,False,False,False,False,False,False,False,False,False,False,False,False,False,True,False,False,False,False,False,False,False,False,False,False,False,False,True,False,False,False,False,True,False,True,False
d_601,210,2012-09-20,11234,6,9,2012,0,3,0,193.0,200.0,246.0,238.85714285714286,232.53571428571428,39.57031114117712,False,False,False,True,False,False,False,False,False,False,False,False,False,False,False,False,False,False,False,False,False,False,False,False,True,False,False,False,False,False,False,False,False,False,False,False,False,True,False,False,False,False,True,False,True,False
d_602,346,2012-09-21,11234,7,9,2012,0,3,0,210.0,238.0,243.0,240.28571428571428,231.25,38.08636801496662,False,False,False,False,False,False,False,False,False,False,False,False,False,False,False,False,False,False,False,False,False,False,False,False,True,False,False,False,False,False,False,False,False,False,False,False,False,True,False,False,False,False,True,False,True,False
d_603,321,2012-09-22,11235,1,9,2012,0,3,1,346.0,225.0,320.0,255.71428571428572,234.92857142857142,55.08694426605529,False,True,False,False,False,False,False,False,False,False,False,False,False,False,False,False,False,False,False,False,False,False,False,False,True,False,False,False,False,False,False,False,False,False,False,False,False,True,False,False,False,False,True,False,True,False
d_604,198,2012-09-23,11235,2,9,2012,0,3,1,321.0,299.0,236.0,269.42857142857144,234.96428571428572,58.03693405311635,False,False,True,False,False,False,False,False,False,False,False,False,False,False,False,False,False,False,False,False,False,False,False,False,True,False,False,False,False,False,False,False,False,False,False,False,False,True,False,False,False,False,True,False,True,False
d_605,258,2012-09-24,11235,3,9,2012,0,3,0,198.0,283.0,160.0,255.0,233.60714285714286,61.88699378706363,True,False,False,False,False,False,False,False,False,False,False,False,False,False,False,False,False,False,False,False,False,False,False,False,True,False,False,False,False,False,False,False,False,False,False,False,False,True,False,False,False,False,True,False,True,False
d_606,193,2012-09-25,11235,4,9,2012,0,3,0,258.0,234.0,176.0,251.42857142857142,237.10714285714286,60.71204477657157,False,False,False,False,True,False,False,False,False,False,False,False,False,False,False,False,False,False,False,False,False,False,False,False,True,False,False,False,False,False,False,False,False,False,False,False,False,True,False,False,False,False,True,False,True,False
d_607,254,2012-09-26,11235,5,9,2012,0,3,0,193.0,193.0,203.0,245.57142857142858,237.71428571428572,64.53127702351597,False,False,False,False,False,True,False,False,False,False,False,False,False,False,False,False,False,False,False,False,False,False,False,False,True,False,False,False,False,False,False,False,False,False,False,False,False,True,False,False,False,False,True,False,True,False
d_608,275,2012-09-27,11235,6,9,2012,0,3,0,254.0,210.0,138.0,254.28571428571428,239.53571428571428,60.22378900322375,False,False,False,True,False,False,False,False,False,False,False,False,False,False,False,False,False,False,False,False,False,False,False,False,True,False,False,False,False,False,False,False,False,False,False,False,False,True,False,False,False,False,True,False,True,False
d_609,313,2012-09-28,11235,7,9,2012,0,3,0,275.0,346.0,182.0,263.57142857142856,244.42857142857142,57.19224056594076,False,False,False,False,False,False,False,False,False,False,False,False,False,False,False,False,False,False,False,False,False,False,False,False,True,False,False,False,False,False,False,False,False,False,False,False,False,True,False,False,False,False,True,False,True,False
d_610,411,2012-09-29,11236,1,9,2012,0,3,1,313.0,321.0,291.0,258.85714285714283,249.10714285714286,50.19770436792483,False,True,False,False,False,False,False,False,False,False,False,False,False,False,False,False,False,False,False,False,False,False,False,False,True,False,False,False,False,False,False,False,False,False,False,False,False,True,False,False,False,False,True,False,True,False
d_611,296,2012-09-30,11236,2,9,2012,0,3,1,411.0,198.0,197.0,271.7142857142857,253.39285714285714,74.43949284645994,False,False,True,False,False,False,False,False,False,False,False,False,False,False,False,False,False,False,False,False,False,False,False,False,True,False,False,False,False,False,False,False,False,False,False,False,False,True,False,False,False,False,True,False,True,False
d_612,162,2012-10-01,11236,3,10,2012,1,4,0,296.0,258.0,319.0,285.7142857142857,256.92857142857144,67.12107042679051,True,False,False,False,False,False,False,False,False,False,False,False,False,False,False,False,False,False,False,False,False,False,False,False,True,False,False,False,False,False,False,False,False,False,False,False,False,True,False,False,False,False,True,False,True,False
d_613,173,2012-10-02,11236,4,10,2012,1,4,0,162.0,193.0,159.0,272.0,251.32142857142858,81.90645070241251,False,False,False,False,True,False,False,False,False,False,False,False,False,False,False,False,False,False,False,False,False,False,False,False,True,False,False,False,False,False,False,False,False,False,False,False,False,True,False,False,False,False,True,False,True,False
d_614,80,2012-10-03,11236,5,10,2012,1,4,0,173.0,254.0,142.0,269.14285714285717,251.82142857142858,85.39599633751136,False,False,False,False,False,True,False,False,False,False,False,False,False,False,False,False,False,False,False,False,False,False,False,False,True,False,False,False,False,False,False,False,False,False,False,False,False,True,False,False,False,False,True,False,True,False
d_615,8,2012-10-04,11236,6,10,2012,1,4,0,80.0,275.0,173.0,244.28571428571428,249.60714285714286,111.7850829131723,False,False,False,True,False,False,False,False,False,False,False,False,False,False,False,False,False,False,False,False,False,False,False,False,True,False,False,False,False,False,False,False,False,False,False,False,False,True,False,False,False,False,True,False,True,False
d_616,0,2012-10-05,11236,7,10,2012,1,4,0,8.0,313.0,273.0,206.14285714285714,243.71428571428572,141.2319942168778,False,False,False,False,False,False,False,False,False,False,False,False,False,False,False,False,False,False,False,False,False,False,False,False,True,False,False,False,False,False,False,False,False,False,False,False,False,True,False,False,False,False,True,False,True,False
d_617,282,2012-10-06,11237,1,10,2012,1,4,1,0.0,411.0,272.0,161.42857142857142,233.96428571428572,150.97445384662169,False,True,False,False,False,False,False,False,False,False,False,False,False,False,False,False,False,False,False,False,False,False,False,False,True,False,False,False,False,False,False,False,False,False,False,False,False,True,False,False,False,False,True,False,True,False
d_618,328,2012-10-07,11237,2,10,2012,1,4,1,282.0,296.0,282.0,143.0,234.32142857142858,120.16239012270009,False,False,True,False,False,False,False,False,False,False,False,False,False,False,False,False,False,False,False,False,False,False,False,False,True,False,False,False,False,False,False,False,False,False,False,False,False,True,False,False,False,False,True,False,True,False
d_619,303,2012-10-08,11237,3,10,2012,1,4,0,328.0,162.0,272.0,147.57142857142858,235.96428571428572,127.34710720815644,True,False,False,False,False,False,False,False,True,False,False,False,False,False,False,False,False,False,False,False,False,False,False,False,False,False,False,False,False,False,False,False,False,False,False,False,True,False,False,False,False,False,True,False,True,False
d_620,224,2012-10-09,11237,4,10,2012,1,4,0,303.0,173.0,260.0,167.71428571428572,237.07142857142858,140.48334929297286,False,False,False,False,True,False,False,False,False,False,False,False,False,False,False,False,False,False,False,False,False,False,False,False,True,False,False,False,False,False,False,False,False,False,False,False,False,True,False,False,False,False,True,False,True,False
d_621,248,2012-10-10,11237,5,10,2012,1,4,0,224.0,80.0,295.0,175.0,235.78571428571428,142.11614968046382,False,False,False,False,False,True,False,False,False,False,False,False,False,False,False,False,False,False,False,False,False,False,False,False,True,False,False,False,False,False,False,False,False,False,False,False,False,True,False,False,False,False,True,False,True,False
d_622,237,2012-10-11,11237,6,10,2012,0,4,0,248.0,8.0,200.0,199.0,234.10714285714286,137.50999963639012,False,False,False,True,False,False,False,False,False,False,False,False,False,False,False,False,False,False,False,False,False,False,False,False,True,False,False,False,False,False,False,False,False,False,False,False,False,True,False,False,False,False,True,False,True,False
d_623,289,2012-10-12,11237,7,10,2012,0,4,0,237.0,0.0,238.0,231.71428571428572,235.42857142857142,108.72398429925568,False,False,False,False,False,False,False,False,False,False,False,False,False,False,False,False,False,False,False,False,False,False,False,False,True,False,False,False,False,False,False,False,False,False,False,False,False,True,False,False,False,False,True,False,True,False
d_624,337,2012-10-13,11238,1,10,2012,0,4,1,289.0,282.0,225.0,273.0,237.25,37.8241545400122,False,True,False,False,False,False,False,False,False,False,False,False,False,False,False,False,False,False,False,False,False,False,False,False,True,False,False,False,False,False,False,False,False,False,False,False,False,True,False,False,False,False,True,False,True,False
d_625,328,2012-10-14,11238,2,10,2012,0,4,1,337.0,328.0,299.0,280.85714285714283,241.25,45.031206110980285,False,False,True,False,False,False,False,False,False,False,False,False,False,False,False,False,False,False,False,False,False,False,False,False,True,False,False,False,False,False,False,False,False,False,False,False,False,True,False,False,False,False,True,False,True,False
d_626,147,2012-10-15,11238,3,10,2012,0,4,0,328.0,303.0,283.0,280.85714285714283,242.28571428571428,45.031206110980285,True,False,False,False,False,False,False,False,False,False,False,False,False,False,False,False,False,False,False,False,False,False,False,False,True,False,False,False,False,False,False,False,False,False,False,False,False,True,False,False,False,False,True,False,True,False
d_627,184,2012-10-16,11238,4,10,2012,0,4,0,147.0,224.0,234.0,258.57142857142856,237.42857142857142,65.97690793718988,False,False,False,False,True,False,False,False,False,False,False,False,False,False,False,False,False,False,False,False,False,False,False,False,True,False,False,False,False,False,False,False,False,False,False,False,False,True,False,False,False,False,True,False,True,False
d_628,220,2012-10-17,11238,5,10,2012,0,4,0,184.0,248.0,193.0,252.85714285714286,235.64285714285714,71.010394946629,False,False,False,False,False,True,False,False,False,False,False,False,False,False,False,False,False,False,False,False,False,False,False,False,True,False,False,False,False,False,False,False,False,False,False,False,False,True,False,False,False,False,True,False,True,False
d_629,214,2012-10-18,11238,6,10,2012,0,4,0,220.0,237.0,210.0,248.85714285714286,236.60714285714286,72.10970478243247,False,False,False,True,False,False,False,False,False,False,False,False,False,False,False,False,False,False,False,False,False,False,False,False,True,False,False,False,False,False,False,False,False,False,False,False,False,True,False,False,False,False,True,False,True,False
d_630,342,2012-10-19,11238,7,10,2012,0,4,0,214.0,289.0,346.0,245.57142857142858,236.75,73.25493644994685,False,False,False,False,False,False,False,False,False,False,False,False,False,False,False,False,False,False,False,False,False,False,False,False,True,False,False,False,False,False,False,False,False,False,False,False,False,True,False,False,False,False,True,False,True,False
d_631,323,2012-10-20,11239,1,10,2012,0,4,1,342.0,337.0,321.0,253.14285714285714,236.60714285714286,80.83816873117283,False,True,False,False,False,False,False,False,False,False,False,False,False,False,False,False,False,False,False,False,False,False,False,False,True,False,False,False,False,False,False,False,False,False,False,False,False,True,False,False,False,False,True,False,True,False
d_632,253,2012-10-21,11239,2,10,2012,0,4,1,323.0,328.0,198.0,251.14285714285714,236.67857142857142,78.55874356477598,False,False,True,False,False,False,False,False,False,False,False,False,False,False,False,False,False,False,False,False,False,False,False,False,True,False,False,False,False,False,False,False,False,False,False,False,False,True,False,False,False,False,True,False,True,False
d_633,200,2012-10-22,11239,3,10,2012,0,4,0,253.0,147.0,258.0,240.42857142857142,238.64285714285714,71.08881098751814,True,False,False,False,False,False,False,False,False,False,False,False,False,False,False,False,False,False,False,False,False,False,False,False,True,False,False,False,False,False,False,False,False,False,False,False,False,True,False,False,False,False,True,False,True,False
d_634,80,2012-10-23,11239,4,10,2012,0,4,0,200.0,184.0,193.0,248.0,236.57142857142858,61.67927798972173,False,False,False,False,True,False,False,False,False,False,False,False,False,False,False,False,False,False,False,False,False,False,False,False,True,False,False,False,False,False,False,False,False,False,False,False,False,True,False,False,False,False,True,False,True,False
d_635,0,2012-10-24,11239,5,10,2012,0,4,0,80.0,220.0,254.0,233.14285714285714,232.53571428571428,86.995073752155,False,False,False,False,False,True,False,False,False,False,False,False,False,False,False,False,False,False,False,False,False,False,False,False,True,False,False,False,False,False,False,False,False,False,False,False,False,True,False,False,False,False,True,False,True,False
d_636,0,2012-10-25,11239,6,10,2012,0,4,0,0.0,214.0,275.0,201.71428571428572,223.46428571428572,124.28289542506685,False,False,False,True,False,False,False,False,False,False,False,False,False,False,False,False,False,False,False,False,False,False,False,False,True,False,False,False,False,False,False,False,False,False,False,False,False,True,False,False,False,False,True,False,True,False
d_637,0,2012-10-26,11239,7,10,2012,0,4,0,0.0,342.0,313.0,171.14285714285714,213.64285714285714,145.30018188957249,False,False,False,False,False,False,False,False,False,False,False,True,False,False,False,False,False,False,False,False,False,False,False,False,False,False,False,False,False,False,False,False,False,False,False,False,False,False,True,False,False,False,True,False,True,False
d_638,279,2012-10-27,11240,1,10,2012,0,4,1,0.0,323.0,411.0,122.28571428571429,202.46428571428572,135.43844147276423,False,True,False,False,False,False,False,False,False,False,False,False,False,False,False,False,False,False,False,False,False,False,False,False,True,False,False,False,False,False,False,False,False,False,False,False,False,True,False,False,False,False,True,False,True,False
d_639,177,2012-10-28,11240,2,10,2012,0,4,1,279.0,253.0,296.0,116.0,197.75,125.20516496268549,False,False,True,False,False,False,False,False,False,False,False,False,False,False,False,False,False,False,False,False,False,False,False,False,True,False,False,False,False,False,False,False,False,False,False,False,False,True,False,False,False,False,True,False,True,False
d_640,127,2012-10-29,11240,3,10,2012,0,4,0,177.0,200.0,162.0,105.14285714285714,193.5,114.15257125360544,True,False,False,False,False,False,False,False,False,False,False,False,False,False,False,False,False,False,False,False,False,False,False,False,True,False,False,False,False,False,False,False,False,False,False,False,False,True,False,False,False,False,True,False,True,False
d_641,194,2012-10-30,11240,4,10,2012,0,4,0,127.0,80.0,173.0,94.71428571428571,192.25,107.16298223689326,False,False,False,False,True,False,False,False,False,False,False,False,False,False,False,False,False,False,False,False,False,False,False,False,True,False,False,False,False,False,False,False,False,False,False,False,False,True,False,False,False,False,True,False,True,False
d_642,132,2012-10-31,11240,5,10,2012,0,4,0,194.0,0.0,80.0,111.0,193.0,113.05455910016758,False,False,False,False,False,True,False,False,False,False,False,False,False,True,False,False,False,False,False,False,False,False,False,False,False,False,False,False,False,False,False,False,False,False,False,False,False,False,False,False,False,False,True,False,True,False
d_643,181,2012-11-01,11240,6,11,2012,1,4,0,132.0,0.0,8.0,129.85714285714286,194.85714285714286,101.91406277092555,False,False,False,True,False,False,False,False,False,False,False,False,False,False,False,False,False,False,False,False,False,False,False,False,True,False,False,False,False,False,False,False,False,False,False,False,False,True,False,False,False,False,True,False,True,False
d_644,214,2012-11-02,11240,7,11,2012,1,4,0,181.0,0.0,0.0,155.71428571428572,201.03571428571428,85.04060654713572,False,False,False,False,False,False,False,False,False,False,False,False,False,False,False,False,False,False,False,False,False,False,False,False,True,False,False,False,False,False,False,False,False,False,False,False,False,True,False,False,False,False,True,False,True,False
d_645,264,2012-11-03,11241,1,11,2012,1,4,1,214.0,279.0,282.0,186.28571428571428,208.67857142857142,51.638855802306765,False,True,False,False,False,False,False,False,False,False,False,False,False,False,False,False,False,False,False,False,False,False,False,False,True,False,False,False,False,False,False,False,False,False,False,False,False,True,False,False,False,False,True,False,True,False
d_646,259,2012-11-04,11241,2,11,2012,1,4,1,264.0,177.0,328.0,184.14285714285714,208.03571428571428,47.27729748137956,False,False,True,False,False,False,False,False,False,False,False,False,False,False,False,False,False,False,False,False,False,False,False,False,True,False,False,False,False,False,False,False,False,False,False,False,False,True,False,False,False,False,True,False,True,False
d_647,165,2012-11-05,11241,3,11,2012,1,4,0,259.0,127.0,303.0,195.85714285714286,205.57142857142858,54.77660258245485,True,False,False,False,False,False,False,False,False,False,False,False,False,False,False,False,False,False,False,False,False,False,False,False,True,False,False,False,False,False,False,False,False,False,False,False,False,True,False,False,False,False,True,False,True,False
d_648,173,2012-11-06,11241,4,11,2012,1,4,0,165.0,194.0,224.0,201.28571428571428,200.64285714285714,48.31740295764499,False,False,False,False,True,False,False,False,False,False,False,False,False,False,False,False,False,False,False,False,False,False,False,False,True,False,False,False,False,False,False,False,False,False,False,False,False,True,False,False,False,False,True,False,True,False
d_649,205,2012-11-07,11241,5,11,2012,1,4,0,173.0,132.0,248.0,198.28571428571428,198.82142857142858,49.483041828200484,False,False,False,False,False,True,False,False,False,False,False,False,False,False,False,False,False,False,False,False,False,False,False,False,True,False,False,False,False,False,False,False,False,False,False,False,False,True,False,False,False,False,True,False,True,False
d_650,168,2012-11-08,11241,6,11,2012,1,4,0,205.0,181.0,237.0,208.71428571428572,197.28571428571428,39.961290793776655,False,False,False,True,False,False,False,False,False,False,False,False,False,False,False,False,False,False,False,False,False,False,False,False,True,False,False,False,False,False,False,False,False,False,False,False,False,True,False,False,False,False,True,False,True,False
d_651,226,2012-11-09,11241,7,11,2012,1,4,0,168.0,214.0,289.0,206.85714285714286,194.82142857142858,41.72700393202072,False,False,False,False,False,False,False,False,False,False,False,False,False,False,False,False,False,False,False,False,False,False,False,False,True,False,False,False,False,False,False,False,False,False,False,False,False,True,False,False,False,False,True,False,True,False
d_652,287,2012-11-10,11242,1,11,2012,1,4,1,226.0,264.0,337.0,208.57142857142858,192.57142857142858,42.31176803545003,False,True,False,False,False,False,False,False,False,False,False,False,False,False,False,False,False,False,False,False,False,False,False,False,True,False,False,False,False,False,False,False,False,False,False,False,False,True,False,False,False,False,True,False,True,False
d_653,262,2012-11-11,11242,2,11,2012,0,4,1,287.0,259.0,328.0,211.85714285714286,190.78571428571428,47.86240198537409,False,False,True,False,False,False,False,False,False,False,False,False,False,False,False,False,False,False,False,False,False,False,False,False,False,False,False,False,False,False,False,False,False,False,False,True,True,False,False,False,False,False,True,False,True,False
d_654,178,2012-11-12,11242,3,11,2012,0,4,0,262.0,165.0,147.0,212.28571428571428,188.42857142857142,48.365670627399695,True,False,False,False,False,False,False,False,False,False,False,False,False,False,False,False,False,False,False,False,False,False,False,False,True,False,False,False,False,False,False,False,False,False,False,False,False,True,False,False,False,False,True,False,True,False
d_655,119,2012-11-13,11242,4,11,2012,0,4,0,178.0,173.0,184.0,214.14285714285714,189.53571428571428,46.459403681883494,False,False,False,False,True,False,False,False,False,False,False,False,False,False,False,False,False,False,False,False,False,False,False,False,True,False,False,False,False,False,False,False,False,False,False,False,False,True,False,False,False,False,True,False,True,False
d_656,143,2012-11-14,11242,5,11,2012,0,4,0,119.0,205.0,220.0,206.42857142857142,187.21428571428572,57.58141234477549,False,False,False,False,False,True,False,False,False,False,False,False,False,False,False,False,False,False,False,False,False,False,False,False,True,False,False,False,False,False,False,False,False,False,False,False,False,True,False,False,False,False,True,False,True,False
d_657,152,2012-11-15,11242,6,11,2012,0,4,0,143.0,168.0,214.0,197.57142857142858,184.46428571428572,62.40421231203648,False,False,False,True,False,False,False,False,False,False,False,False,False,False,False,False,False,False,False,False,False,False,False,False,True,False,False,False,False,False,False,False,False,False,False,False,False,True,False,False,False,False,True,False,True,False
d_658,212,2012-11-16,11242,7,11,2012,0,4,0,152.0,226.0,342.0,195.28571428571428,182.25,63.941937948199836,False,False,False,False,False,False,False,False,False,False,False,False,False,False,False,False,False,False,False,False,False,False,False,False,True,False,False,False,False,False,False,False,False,False,False,False,False,True,False,False,False,False,True,False,True,False
d_659,202,2012-11-17,11243,1,11,2012,0,4,1,212.0,287.0,323.0,193.28571428571428,177.60714285714286,63.03362670224604,False,True,False,False,False,False,False,False,False,False,False,False,False,False,False,False,False,False,False,False,False,False,False,False,True,False,False,False,False,False,False,False,False,False,False,False,False,True,False,False,False,False,True,False,True,False
d_660,224,2012-11-18,11243,2,11,2012,0,4,1,202.0,262.0,253.0,181.14285714285714,173.28571428571428,48.47827201069425,False,False,True,False,False,False,False,False,False,False,False,False,False,False,False,False,False,False,False,False,False,False,False,False,True,False,False,False,False,False,False,False,False,False,False,False,False,True,False,False,False,False,True,False,True,False
d_661,187,2012-11-19,11243,3,11,2012,0,4,0,224.0,178.0,200.0,175.71428571428572,172.25,39.143812987981846,True,False,False,False,False,False,False,False,False,False,False,False,False,False,False,False,False,False,False,False,False,False,False,False,True,False,False,False,False,False,False,False,False,False,False,False,False,True,False,False,False,False,True,False,True,False
d_662,243,2012-11-20,11243,4,11,2012,0,4,0,187.0,119.0,80.0,177.0,171.78571428571428,39.37850513499298,False,False,False,False,True,False,False,False,False,False,False,False,False,False,False,False,False,False,False,False,False,False,False,False,True,False,False,False,False,False,False,False,False,False,False,False,False,True,False,False,False,False,True,False,True,False
d_663,308,2012-11-21,11243,5,11,2012,0,4,0,243.0,143.0,0.0,194.71428571428572,177.60714285714286,36.74105009257046,False,False,False,False,False,True,False,False,False,False,False,False,False,False,False,False,False,False,False,False,False,False,False,False,True,False,False,False,False,False,False,False,False,False,False,False,False,True,False,False,False,False,True,False,True,False
d_664,361,2012-11-22,11243,6,11,2012,0,4,0,308.0,152.0,0.0,218.28571428571428,188.60714285714286,48.937764169450794,False,False,False,True,False,False,False,False,False,False,False,False,False,False,False,False,False,False,False,False,False,False,False,False,False,False,False,False,False,False,False,False,False,True,False,False,True,False,False,False,False,False,True,False,True,False
d_665,0,2012-11-23,11243,7,11,2012,0,4,0,361.0,212.0,0.0,248.14285714285714,201.5,63.380934492502476,False,False,False,False,False,False,False,False,False,False,False,False,False,False,False,False,False,False,False,False,False,False,False,False,True,False,False,False,False,False,False,False,False,False,False,False,False,True,False,False,False,False,True,False,True,False
d_666,207,2012-11-24,11244,1,11,2012,0,4,1,0.0,202.0,279.0,217.85714285714286,201.5,113.98161923665387,False,True,False,False,False,False,False,False,False,False,False,False,False,False,False,False,False,False,False,False,False,False,False,False,True,False,False,False,False,False,False,False,False,False,False,False,False,True,False,False,False,False,True,False,True,False
d_667,164,2012-11-25,11244,2,11,2012,0,4,1,207.0,224.0,177.0,218.57142857142858,198.92857142857142,113.88130830365623,False,False,True,False,False,False,False,False,False,False,False,False,False,False,False,False,False,False,False,False,False,False,False,False,True,False,False,False,False,False,False,False,False,False,False,False,False,True,False,False,False,False,True,False,True,False
d_668,113,2012-11-26,11244,3,11,2012,0,4,0,164.0,187.0,127.0,210.0,198.46428571428572,115.64889392755418,True,False,False,False,False,False,False,False,False,False,False,False,False,False,False,False,False,False,False,False,False,False,False,False,True,False,False,False,False,False,False,False,False,False,False,False,False,True,False,False,False,False,True,False,True,False
d_669,106,2012-11-27,11244,4,11,2012,0,4,0,113.0,243.0,194.0,199.42857142857142,197.96428571428572,121.34366779641088,False,False,False,False,True,False,False,False,False,False,False,False,False,False,False,False,False,False,False,False,False,False,False,False,True,False,False,False,False,False,False,False,False,False,False,False,False,True,False,False,False,False,True,False,True,False
d_670,168,2012-11-28,11244,5,11,2012,0,4,0,106.0,308.0,132.0,179.85714285714286,194.82142857142858,124.16041850690391,False,False,False,False,False,True,False,False,False,False,False,False,False,False,False,False,False,False,False,False,False,False,False,False,True,False,False,False,False,False,False,False,False,False,False,False,False,True,False,False,False,False,True,False,True,False
d_671,165,2012-11-29,11244,6,11,2012,0,4,0,168.0,361.0,181.0,159.85714285714286,196.10714285714286,110.61559349300406,False,False,False,True,False,False,False,False,False,False,False,False,False,False,False,False,False,False,False,False,False,False,False,False,True,False,False,False,False,False,False,False,False,False,False,False,False,True,False,False,False,False,True,False,True,False
d_672,188,2012-11-30,11244,7,11,2012,0,4,0,165.0,0.0,214.0,131.85714285714286,195.53571428571428,67.69398932310148,False,False,False,False,False,False,False,False,False,False,False,False,False,False,False,False,False,False,False,False,False,False,False,False,True,False,False,False,False,False,False,False,False,False,False,False,False,True,False,False,False,False,True,False,True,False
d_673,316,2012-12-01,11245,1,12,2012,1,4,1,188.0,207.0,264.0,158.71428571428572,194.60714285714286,36.99420804087345,False,True,False,False,False,False,False,False,False,False,False,False,False,False,False,False,False,False,False,False,False,False,False,False,True,False,False,False,False,False,False,False,False,False,False,False,False,True,False,False,False,False,True,False,True,False
d_674,237,2012-12-02,11245,2,12,2012,1,4,1,316.0,164.0,259.0,174.28571428571428,196.46428571428572,69.4279345453838,False,False,True,False,False,False,False,False,False,False,False,False,False,False,False,False,False,False,False,False,False,False,False,False,True,False,False,False,False,False,False,False,False,False,False,False,False,True,False,False,False,False,True,False,True,False
d_675,184,2012-12-03,11245,3,12,2012,1,4,0,237.0,113.0,165.0,184.71428571428572,195.67857142857142,73.01532781024886,True,False,False,False,False,False,False,False,False,False,False,False,False,False,False,False,False,False,False,False,False,False,False,False,True,False,False,False,False,False,False,False,False,False,False,False,False,True,False,False,False,False,True,False,True,False
d_676,212,2012-12-04,11245,4,12,2012,1,4,0,184.0,106.0,173.0,194.85714285714286,196.35714285714286,65.98592923603384,False,False,False,False,True,False,False,False,False,False,False,False,False,False,False,False,False,False,False,False,False,False,False,False,True,False,False,False,False,False,False,False,False,False,False,False,False,True,False,False,False,False,True,False,True,False
d_677,226,2012-12-05,11245,5,12,2012,1,4,0,212.0,168.0,205.0,210.0,197.75,53.100533581751144,False,False,False,False,False,True,False,False,False,False,False,False,False,False,False,False,False,False,False,False,False,False,False,False,True,False,False,False,False,False,False,False,False,False,False,False,False,True,False,False,False,False,True,False,True,False
d_678,164,2012-12-06,11245,6,12,2012,1,4,0,226.0,165.0,168.0,218.28571428571428,198.5,49.882242283583366,False,False,False,True,False,False,False,False,False,False,False,False,False,False,False,False,False,False,False,False,False,False,False,False,True,False,False,False,False,False,False,False,False,False,False,False,False,True,False,False,False,False,True,False,True,False
d_679,320,2012-12-07,11245,7,12,2012,1,4,0,164.0,188.0,226.0,218.14285714285714,198.35714285714286,50.061390883023556,False,False,False,False,False,False,False,False,False,False,False,False,False,False,False,False,False,False,False,False,False,False,False,False,True,False,False,False,False,False,False,False,False,False,False,False,False,True,False,False,False,False,True,False,True,False
d_680,249,2012-12-08,11246,1,12,2012,1,4,1,320.0,316.0,287.0,237.0,201.71428571428572,60.572270883631425,False,True,False,False,False,False,False,False,False,False,False,False,False,False,False,False,False,False,False,False,False,False,False,False,True,False,False,False,False,False,False,False,False,False,False,False,False,True,False,False,False,False,True,False,True,False
d_681,221,2012-12-09,11246,2,12,2012,1,4,1,249.0,237.0,262.0,227.42857142857142,200.35714285714286,50.457431374896615,False,False,True,False,False,False,False,False,False,False,False,False,False,False,False,False,False,False,False,False,False,False,False,False,True,False,False,False,False,False,False,False,False,False,False,False,False,True,False,False,False,False,True,False,True,False
d_682,224,2012-12-10,11246,3,12,2012,1,4,0,221.0,184.0,178.0,225.14285714285714,198.89285714285714,50.31377734255509,True,False,False,False,False,False,False,False,False,False,False,False,False,False,False,False,False,False,False,False,False,False,False,False,True,False,False,False,False,False,False,False,False,False,False,False,False,True,False,False,False,False,True,False,True,False
d_683,167,2012-12-11,11246,4,12,2012,0,4,0,224.0,212.0,119.0,230.85714285714286,200.53571428571428,47.026335073830836,False,False,False,False,True,False,False,False,False,False,False,False,False,False,False,False,False,False,False,False,False,False,False,False,True,False,False,False,False,False,False,False,False,False,False,False,False,True,False,False,False,False,True,False,True,False
d_684,173,2012-12-12,11246,5,12,2012,0,4,0,167.0,226.0,143.0,224.42857142857142,202.25,52.76001371890523,False,False,False,False,False,True,False,False,False,False,False,False,False,False,False,False,False,False,False,False,False,False,False,False,True,False,False,False,False,False,False,False,False,False,False,False,False,True,False,False,False,False,True,False,True,False
d_685,196,2012-12-13,11246,6,12,2012,0,4,0,173.0,164.0,152.0,216.85714285714286,203.32142857142858,56.18845839799198,False,False,False,True,False,False,False,False,False,False,False,False,False,False,False,False,False,False,False,False,False,False,False,False,True,False,False,False,False,False,False,False,False,False,False,False,False,True,False,False,False,False,True,False,True,False
d_686,190,2012-12-14,11246,7,12,2012,0,4,0,196.0,320.0,212.0,221.42857142857142,204.89285714285714,52.341370326148954,False,False,False,False,False,False,False,False,False,False,False,False,False,False,False,False,False,False,False,False,False,False,False,False,True,False,False,False,False,False,False,False,False,False,False,False,False,True,False,False,False,False,True,False,True,False
d_687,269,2012-12-15,11247,1,12,2012,0,4,1,190.0,249.0,202.0,202.85714285714286,204.10714285714286,29.706500811711315,False,True,False,False,False,False,False,False,False,False,False,False,False,False,False,False,False,False,False,False,False,False,False,False,True,False,False,False,False,False,False,False,False,False,False,False,False,True,False,False,False,False,True,False,True,False
d_688,218,2012-12-16,11247,2,12,2012,0,4,1,269.0,221.0,224.0,205.71428571428572,206.5,35.31625822816045,False,False,True,False,False,False,False,False,False,False,False,False,False,False,False,False,False,False,False,False,False,False,False,False,False,False,False,False,False,False,False,False,False,False,False,False,False,False,True,False,False,False,True,False,True,False
d_689,183,2012-12-17,11247,3,12,2012,0,4,0,218.0,224.0,187.0,205.28571428571428,206.28571428571428,35.117489876671286,True,False,False,False,False,False,False,False,False,False,False,False,False,False,False,False,False,False,False,False,False,False,False,False,True,False,False,False,False,False,False,False,False,False,False,False,False,True,False,False,False,False,True,False,True,False
d_690,162,2012-12-18,11247,4,12,2012,0,4,0,183.0,167.0,243.0,199.42857142857142,206.14285714285714,34.894398513501585,False,False,False,False,True,False,False,False,False,False,False,False,False,False,False,False,False,False,False,False,False,False,False,False,True,False,False,False,False,False,False,False,False,False,False,False,False,True,False,False,False,False,True,False,True,False
d_691,165,2012-12-19,11247,5,12,2012,0,4,0,162.0,173.0,308.0,198.71428571428572,203.25,35.71047598728011,False,False,False,False,False,True,False,False,False,False,False,False,False,False,False,False,False,False,False,False,False,False,False,False,True,False,False,False,False,False,False,False,False,False,False,False,False,True,False,False,False,False,True,False,True,False
d_692,164,2012-12-20,11247,6,12,2012,0,4,0,165.0,196.0,361.0,197.57142857142858,198.14285714285714,36.78250101546107,False,False,False,True,False,False,False,False,False,False,False,False,False,False,False,False,False,False,False,False,False,False,False,False,True,False,False,False,False,False,False,False,False,False,False,False,False,True,False,False,False,False,True,False,True,False
d_693,189,2012-12-21,11247,7,12,2012,0,4,0,164.0,190.0,0.0,193.0,191.10714285714286,38.93584466786373,False,False,False,False,False,False,False,False,False,False,False,False,False,False,False,False,False,False,False,False,False,False,False,False,True,False,False,False,False,False,False,False,False,False,False,False,False,True,False,False,False,False,True,False,True,False
d_694,290,2012-12-22,11248,1,12,2012,0,4,1,189.0,269.0,207.0,192.85714285714286,197.85714285714286,38.95051806000622,False,True,False,False,False,False,False,False,False,False,False,False,False,False,False,False,False,False,False,False,False,False,False,False,True,False,False,False,False,False,False,False,False,False,False,False,False,True,False,False,False,False,True,False,True,False
d_695,396,2012-12-23,11248,2,12,2012,0,4,1,290.0,218.0,164.0,195.85714285714286,200.82142857142858,45.96893360893714,False,False,True,False,False,False,False,False,False,False,False,False,False,False,False,False,False,False,False,False,False,False,False,False,True,False,False,False,False,False,False,False,False,False,False,False,False,True,False,False,False,False,True,False,True,False
d_696,546,2012-12-24,11248,3,12,2012,0,4,0,396.0,183.0,113.0,221.28571428571428,209.10714285714286,89.18092898842282,True,False,False,False,False,False,False,False,False,False,False,False,False,False,False,False,False,False,False,False,False,False,False,False,True,False,False,False,False,False,False,False,False,False,False,False,False,True,False,False,False,False,True,False,True,False
d_697,0,2012-12-25,11248,4,12,2012,0,4,0,546.0,162.0,106.0,273.14285714285717,224.57142857142858,148.81132189389874,False,False,False,False,True,False,True,False,False,False,False,False,False,False,False,False,False,False,False,False,False,False,False,False,False,False,False,False,False,False,False,False,False,False,False,False,True,False,False,False,False,False,True,False,True,False
d_698,219,2012-12-26,11248,5,12,2012,0,4,0,0.0,165.0,168.0,250.0,220.78571428571428,178.59357957851307,False,False,False,False,False,True,False,False,False,False,False,False,False,False,False,False,False,False,False,False,False,False,False,False,True,False,False,False,False,False,False,False,False,False,False,False,False,True,False,False,False,False,True,False,True,False
d_699,191,2012-12-27,11248,6,12,2012,0,4,0,219.0,164.0,165.0,257.7142857142857,222.60714285714286,175.44867652746234,False,False,False,True,False,False,False,False,False,False,False,False,False,False,False,False,False,False,False,False,False,False,False,False,True,False,False,False,False,False,False,False,False,False,False,False,False,True,False,False,False,False,True,False,True,False
d_700,215,2012-12-28,11248,7,12,2012,0,4,0,191.0,189.0,188.0,261.57142857142856,223.53571428571428,173.32902925059147,False,False,False,False,False,False,False,False,False,False,False,False,False,False,False,False,False,False,False,False,False,False,False,False,True,False,False,False,False,False,False,False,False,False,False,False,False,True,False,False,False,False,True,False,True,False
d_701,258,2012-12-29,11249,1,12,2012,0,4,1,215.0,290.0,316.0,265.2857142857143,224.5,171.78641223499446,False,True,False,False,False,False,False,False,False,False,False,False,False,False,False,False,False,False,False,False,False,False,False,False,True,False,False,False,False,False,False,False,False,False,False,False,False,True,False,False,False,False,True,False,True,False
d_702,366,2012-12-30,11249,2,12,2012,0,4,1,258.0,396.0,237.0,260.7142857142857,222.42857142857142,171.44456274620703,False,False,True,False,False,False,False,False,False,False,False,False,False,False,False,False,False,False,False,False,False,False,False,False,True,False,False,False,False,False,False,False,False,False,False,False,False,True,False,False,False,False,True,False,True,False
d_703,485,2012-12-31,11249,3,12,2012,0,4,0,366.0,546.0,184.0,256.42857142857144,227.03571428571428,167.8360878385587,True,False,False,False,False,False,False,False,False,False,False,False,False,False,False,False,False,False,False,False,False,False,False,False,True,False,False,False,False,False,False,False,False,False,False,False,False,True,False,False,False,False,True,False,True,False
d_704,0,2013-01-01,11249,4,1,2013,1,1,0,485.0,0.0,212.0,247.71428571428572,237.78571428571428,151.03831112857245,False,False,False,False,True,False,False,False,False,False,False,False,False,False,False,False,False,False,False,False,False,False,False,True,False,False,False,False,False,False,False,False,False,False,False,False,True,False,False,False,False,False,True,False,True,False
d_705,224,2013-01-02,11249,5,1,2013,1,1,0,0.0,219.0,226.0,247.71428571428572,230.21428571428572,151.03831112857245,False,False,False,False,False,True,False,False,False,False,False,False,False,False,False,False,False,False,False,False,False,False,False,False,True,False,False,False,False,False,False,False,False,False,False,False,False,True,False,False,False,False,True,False,True,False
d_706,241,2013-01-03,11249,6,1,2013,1,1,0,224.0,191.0,164.0,248.42857142857142,230.14285714285714,150.89163566707646,False,False,False,True,False,False,False,False,False,False,False,False,False,False,False,False,False,False,False,False,False,False,False,False,True,False,False,False,False,False,False,False,False,False,False,False,False,True,False,False,False,False,True,False,True,False
d_707,232,2013-01-04,11249,7,1,2013,1,1,0,241.0,215.0,320.0,255.57142857142858,232.89285714285714,148.890180046522,False,False,False,False,False,False,False,False,False,False,False,False,False,False,False,False,False,False,False,False,False,False,False,False,True,False,False,False,False,False,False,False,False,False,False,False,False,True,False,False,False,False,True,False,True,False
d_708,301,2013-01-05,11250,1,1,2013,1,1,1,232.0,258.0,249.0,258.0,229.75,148.25541024416847,False,True,False,False,False,False,False,False,False,False,False,False,False,False,False,False,False,False,False,False,False,False,False,False,True,False,False,False,False,False,False,False,False,False,False,False,False,True,False,False,False,False,True,False,True,False
d_709,270,2013-01-06,11250,2,1,2013,1,1,1,301.0,366.0,221.0,264.14285714285717,231.60714285714286,149.14358693490496,False,False,True,False,False,False,False,False,False,False,False,False,False,False,False,False,False,False,False,False,False,False,False,False,True,False,False,False,False,False,False,False,False,False,False,False,False,True,False,False,False,False,True,False,True,False
d_710,188,2013-01-07,11250,3,1,2013,1,1,0,270.0,485.0,224.0,250.42857142857142,233.35714285714286,142.48141065048594,True,False,False,False,False,False,False,False,False,False,False,False,False,False,False,False,False,False,False,False,False,False,False,False,False,True,False,False,False,False,False,False,False,False,False,False,False,False,True,False,False,False,True,False,True,False
d_711,215,2013-01-08,11250,4,1,2013,1,1,0,188.0,0.0,167.0,208.0,232.07142857142858,98.38529700451531,False,False,False,False,True,False,False,False,False,False,False,False,False,False,False,False,False,False,False,False,False,False,False,False,True,False,False,False,False,False,False,False,False,False,False,False,False,True,False,False,False,False,True,False,True,False
d_712,197,2013-01-09,11250,5,1,2013,1,1,0,215.0,224.0,173.0,238.71428571428572,233.78571428571428,37.10217552343063,False,False,False,False,False,True,False,False,False,False,False,False,False,False,False,False,False,False,False,False,False,False,False,False,True,False,False,False,False,False,False,False,False,False,False,False,False,True,False,False,False,False,True,False,True,False
d_713,245,2013-01-10,11250,6,1,2013,1,1,0,197.0,241.0,196.0,234.85714285714286,234.64285714285714,40.163949720400794,False,False,False,True,False,False,False,False,False,False,False,False,False,False,False,False,False,False,False,False,False,False,False,False,True,False,False,False,False,False,False,False,False,False,False,False,False,True,False,False,False,False,True,False,True,False
d_714,214,2013-01-11,11250,7,1,2013,0,1,0,245.0,232.0,190.0,235.42857142857142,236.39285714285714,40.29415649469627,False,False,False,False,False,False,False,False,False,False,False,False,False,False,False,False,False,False,False,False,False,False,False,False,True,False,False,False,False,False,False,False,False,False,False,False,False,True,False,False,False,False,True,False,True,False
d_715,351,2013-01-12,11251,1,1,2013,0,1,1,214.0,301.0,269.0,232.85714285714286,237.25,41.11540089159068,False,True,False,False,False,False,False,False,False,False,False,False,False,False,False,False,False,False,False,False,False,False,False,False,True,False,False,False,False,False,False,False,False,False,False,False,False,True,False,False,False,False,True,False,True,False
d_716,281,2013-01-13,11251,2,1,2013,0,1,1,351.0,270.0,218.0,240.0,240.17857142857142,56.42103626603609,False,False,True,False,False,False,False,False,False,False,False,False,False,False,False,False,False,False,False,False,False,False,False,False,True,False,False,False,False,False,False,False,False,False,False,False,False,True,False,False,False,False,True,False,True,False
d_717,206,2013-01-14,11251,3,1,2013,0,1,0,281.0,188.0,183.0,241.57142857142858,242.42857142857142,57.537979175663395,True,False,False,False,False,False,False,False,False,False,False,False,False,False,False,False,False,False,False,False,False,False,False,False,True,False,False,False,False,False,False,False,False,False,False,False,False,True,False,False,False,False,True,False,True,False
d_718,158,2013-01-15,11251,4,1,2013,0,1,0,206.0,215.0,162.0,244.14285714285714,243.25,55.0951557804878,False,False,False,False,True,False,False,False,False,False,False,False,False,False,False,False,False,False,False,False,False,False,False,False,True,False,False,False,False,False,False,False,False,False,False,False,False,True,False,False,False,False,True,False,True,False
d_719,191,2013-01-16,11251,5,1,2013,0,1,0,158.0,197.0,165.0,236.0,243.10714285714286,63.665794060337916,False,False,False,False,False,True,False,False,False,False,False,False,False,False,False,False,False,False,False,False,False,False,False,False,True,False,False,False,False,False,False,False,False,False,False,False,False,True,False,False,False,False,True,False,True,False
d_720,170,2013-01-17,11251,6,1,2013,0,1,0,191.0,245.0,164.0,235.14285714285714,244.03571428571428,64.31544286154154,False,False,False,True,False,False,False,False,False,False,False,False,False,False,False,False,False,False,False,False,False,False,False,False,True,False,False,False,False,False,False,False,False,False,False,False,False,True,False,False,False,False,True,False,True,False
d_721,224,2013-01-18,11251,7,1,2013,0,1,0,170.0,214.0,189.0,224.42857142857142,244.25,68.50999231950819,False,False,False,False,False,False,False,False,False,False,False,False,False,False,False,False,False,False,False,False,False,False,False,False,True,False,False,False,False,False,False,False,False,False,False,False,False,True,False,False,False,False,True,False,True,False
d_722,362,2013-01-19,11252,1,1,2013,0,1,1,224.0,351.0,290.0,225.85714285714286,245.5,68.36038953328806,False,True,False,False,False,False,False,False,False,False,False,False,False,False,False,False,False,False,False,False,False,False,False,False,True,False,False,False,False,False,False,False,False,False,False,False,False,True,False,False,False,False,True,False,True,False
d_723,255,2013-01-20,11252,2,1,2013,0,1,1,362.0,281.0,396.0,227.42857142857142,248.07142857142858,71.75852363507583,False,False,True,False,False,False,False,False,False,False,False,False,False,False,False,False,False,False,False,False,False,False,False,False,True,False,False,False,False,False,False,False,False,False,False,False,False,True,False,False,False,False,True,False,True,False
d_724,237,2013-01-21,11252,3,1,2013,0,1,0,255.0,206.0,546.0,223.71428571428572,243.03571428571428,69.14890764554022,True,False,False,False,False,False,False,False,False,False,False,False,False,False,False,False,False,False,True,False,False,False,False,False,False,False,False,False,False,False,False,False,False,False,False,False,True,False,False,False,False,False,True,False,True,False
d_725,63,2013-01-22,11252,4,1,2013,0,1,0,237.0,158.0,0.0,228.14285714285714,232.0,68.81721822196496,False,False,False,False,True,False,False,False,False,False,False,False,False,False,False,False,False,False,False,False,False,False,False,False,True,False,False,False,False,False,False,False,False,False,False,False,False,True,False,False,False,False,True,False,True,False
d_726,0,2013-01-23,11252,5,1,2013,0,1,0,63.0,191.0,219.0,214.57142857142858,234.25,90.80906185114861,False,False,False,False,False,True,False,False,False,False,False,False,False,False,False,False,False,False,False,False,False,False,False,False,True,False,False,False,False,False,False,False,False,False,False,False,False,True,False,False,False,False,True,False,True,False
d_727,0,2013-01-24,11252,6,1,2013,0,1,0,0.0,170.0,191.0,187.28571428571428,226.42857142857142,122.30523876176132,False,False,False,True,False,False,False,False,False,False,False,False,False,False,False,False,False,False,False,False,False,False,False,False,True,False,False,False,False,False,False,False,False,False,False,False,False,True,False,False,False,False,True,False,True,False
d_728,0,2013-01-25,11252,7,1,2013,0,1,0,0.0,224.0,215.0,163.0,219.60714285714286,141.65686240583855,False,False,False,False,False,False,False,False,False,False,False,False,False,False,False,False,False,False,False,False,False,False,False,False,True,False,False,False,False,False,False,False,False,False,False,False,False,True,False,False,False,False,True,False,True,False
d_729,208,2013-01-26,11301,1,1,2013,0,1,1,0.0,362.0,258.0,131.0,211.92857142857142,150.5988047761336,False,True,False,False,False,False,False,False,False,False,False,False,False,False,False,False,False,False,False,False,False,False,False,False,True,False,False,False,False,False,False,False,False,False,False,False,False,True,False,False,False,False,True,False,True,False
d_730,208,2013-01-27,11301,2,1,2013,0,1,1,208.0,255.0,366.0,109.0,210.14285714285714,119.20570456148478,False,False,True,False,False,False,False,False,False,False,False,False,False,False,False,False,False,False,False,False,False,False,False,False,True,False,False,False,False,False,False,False,False,False,False,False,False,True,False,False,False,False,True,False,True,False
d_731,127,2013-01-28,11301,3,1,2013,0,1,0,208.0,237.0,485.0,102.28571428571429,204.5,110.62657047580426,True,False,False,False,False,False,False,False,False,False,False,False,False,False,False,False,False,False,False,False,False,False,False,False,True,False,False,False,False,False,False,False,False,False,False,False,False,True,False,False,False,False,True,False,True,False
d_732,148,2013-01-29,11301,4,1,2013,0,1,0,127.0,63.0,0.0,86.57142857142857,191.71428571428572,95.01202931358588,False,False,False,False,True,False,False,False,False,False,False,False,False,False,False,False,False,False,False,False,False,False,False,False,True,False,False,False,False,False,False,False,False,False,False,False,False,True,False,False,False,False,True,False,True,False
d_733,109,2013-01-30,11301,5,1,2013,0,1,0,148.0,0.0,224.0,98.71428571428571,197.0,96.91012036196952,False,False,False,False,False,True,False,False,False,False,False,False,False,False,False,False,False,False,False,False,False,False,False,False,True,False,False,False,False,False,False,False,False,False,False,False,False,True,False,False,False,False,True,False,True,False
d_734,136,2013-01-31,11301,6,1,2013,0,1,0,109.0,0.0,241.0,114.28571428571429,192.89285714285714,86.61546106347348,False,False,False,True,False,False,False,False,False,False,False,False,False,False,False,False,False,False,False,False,False,False,False,False,True,False,False,False,False,False,False,False,False,False,False,False,False,True,False,False,False,False,True,False,True,False
d_735,257,2013-02-01,11301,7,2,2013,1,1,0,136.0,0.0,232.0,133.71428571428572,189.14285714285714,70.45261832303628,False,False,False,False,False,False,False,False,False,False,False,False,False,False,False,False,False,False,False,False,False,False,False,False,True,False,False,False,False,False,False,False,False,False,False,False,False,True,False,False,False,False,True,False,True,False
d_736,268,2013-02-02,11302,1,2,2013,1,1,1,257.0,208.0,301.0,170.42857142857142,190.03571428571428,54.261272693199146,False,True,False,False,False,False,False,False,False,False,False,False,False,False,False,False,False,False,False,False,False,False,False,False,True,False,False,False,False,False,False,False,False,False,False,False,False,True,False,False,False,False,True,False,True,False
d_737,300,2013-02-03,11302,2,2,2013,1,1,1,268.0,208.0,270.0,179.0,188.85714285714286,64.88451279003338,False,False,True,False,False,False,False,False,False,False,False,False,False,False,False,False,False,False,False,False,False,False,False,False,False,False,False,False,False,False,False,False,True,False,False,False,False,False,False,True,False,False,True,False,True,False
d_738,118,2013-02-04,11302,3,2,2013,1,1,0,300.0,127.0,188.0,192.14285714285714,189.92857142857142,79.42591636535396,True,False,False,False,False,False,False,False,False,False,False,False,False,False,False,False,False,False,False,False,False,False,False,False,True,False,False,False,False,False,False,False,False,False,False,False,False,True,False,False,False,False,True,False,True,False
d_739,88,2013-02-05,11302,4,2,2013,1,1,0,118.0,148.0,215.0,190.85714285714286,187.42857142857142,80.71849967929408,False,False,False,False,True,False,False,False,False,False,False,False,False,False,False,False,False,False,False,False,False,False,False,False,True,False,False,False,False,False,False,False,False,False,False,False,False,True,False,False,False,False,True,False,True,False
d_740,93,2013-02-06,11302,5,2,2013,1,1,0,88.0,109.0,197.0,182.28571428571428,182.89285714285714,88.8082471502775,False,False,False,False,False,True,False,False,False,False,False,False,False,False,False,False,False,False,False,False,False,False,False,False,True,False,False,False,False,False,False,False,False,False,False,False,False,True,False,False,False,False,True,False,True,False
d_741,148,2013-02-07,11302,6,2,2013,1,1,0,93.0,136.0,245.0,180.0,179.17857142857142,91.18296624552933,False,False,False,True,False,False,False,False,False,False,False,False,False,False,False,False,False,False,False,False,False,False,False,False,True,False,False,False,False,False,False,False,False,False,False,False,False,True,False,False,False,False,True,False,True,False
d_742,188,2013-02-08,11302,7,2,2013,1,1,0,148.0,257.0,214.0,181.71428571428572,175.71428571428572,90.32665587690474,False,False,False,False,False,False,False,False,False,False,False,False,False,False,False,False,False,False,False,False,False,False,False,False,True,False,False,False,False,False,False,False,False,False,False,False,False,True,False,False,False,False,True,False,True,False
d_743,167,2013-02-09,11303,1,2,2013,1,1,1,188.0,268.0,351.0,171.85714285714286,174.78571428571428,84.30584908816348,False,True,False,False,False,False,False,False,False,False,False,False,False,False,False,False,False,False,False,False,False,False,False,False,True,False,False,False,False,False,False,False,False,False,False,False,False,True,False,False,False,False,True,False,True,False
d_744,105,2013-02-10,11303,2,2,2013,1,1,1,167.0,300.0,281.0,157.42857142857142,168.21428571428572,72.99282417438295,False,False,True,False,False,False,False,False,False,False,False,False,False,False,False,False,False,False,False,False,False,False,False,False,True,False,False,False,False,False,False,False,False,False,False,False,False,True,False,False,False,False,True,False,True,False
d_745,172,2013-02-11,11303,3,2,2013,0,1,0,105.0,118.0,206.0,129.57142857142858,161.92857142857142,38.63874196907006,True,False,False,False,False,False,False,False,False,False,False,False,False,False,False,False,False,False,False,False,False,False,False,False,True,False,False,False,False,False,False,False,False,False,False,False,False,True,False,False,False,False,True,False,True,False
d_746,93,2013-02-12,11303,4,2,2013,0,1,0,172.0,88.0,158.0,137.28571428571428,160.71428571428572,41.24606763363136,False,False,False,False,True,False,False,False,False,False,False,False,False,False,False,False,False,False,False,False,False,False,False,False,True,False,False,False,False,False,False,False,False,False,False,False,False,True,False,False,False,False,True,False,True,False
d_747,173,2013-02-13,11303,5,2,2013,0,1,0,93.0,93.0,191.0,138.0,158.39285714285714,40.28233690672208,False,False,False,False,False,True,False,False,False,False,False,False,False,False,False,False,True,False,False,False,False,False,False,False,False,False,False,False,False,False,False,False,False,False,False,False,False,False,True,False,False,False,True,False,True,False
d_748,105,2013-02-14,11303,6,2,2013,0,1,0,173.0,148.0,170.0,149.42857142857142,157.75,36.564359435827406,False,False,False,True,False,False,False,False,False,False,False,False,False,False,False,False,False,False,False,False,False,False,False,False,False,False,False,False,False,False,False,False,False,False,True,False,False,False,False,False,False,False,True,False,True,False
d_749,177,2013-02-15,11303,7,2,2013,0,1,0,105.0,188.0,224.0,143.28571428571428,155.42857142857142,40.26874009168187,False,False,False,False,False,False,False,False,False,False,False,False,False,False,False,False,False,False,False,False,False,False,False,False,True,False,False,False,False,False,False,False,False,False,False,False,False,True,False,False,False,False,True,False,True,False
d_750,189,2013-02-16,11304,1,2,2013,0,1,1,177.0,167.0,362.0,141.71428571428572,153.75,38.40448882493764,False,True,False,False,False,False,False,False,False,False,False,False,False,False,False,False,False,False,False,False,False,False,False,False,True,False,False,False,False,False,False,False,False,False,False,False,False,True,False,False,False,False,True,False,True,False
d_751,174,2013-02-17,11304,2,2,2013,0,1,1,189.0,105.0,255.0,144.85714285714286,147.57142857142858,41.58697140302704,False,False,True,False,False,False,False,False,False,False,False,False,False,False,False,False,False,False,False,False,False,False,False,False,True,False,False,False,False,False,False,False,False,False,False,False,False,True,False,False,False,False,True,False,True,False
d_752,117,2013-02-18,11304,3,2,2013,0,1,0,174.0,172.0,237.0,154.71428571428572,144.67857142857142,38.63812575558967,True,False,False,False,False,False,False,False,False,False,False,False,False,False,False,False,False,False,False,False,False,False,False,False,False,False,False,False,True,False,False,False,False,False,False,False,True,False,False,False,False,False,True,False,True,False
d_753,109,2013-02-19,11304,4,2,2013,0,1,0,117.0,93.0,63.0,146.85714285714286,140.39285714285714,40.101656538637606,False,False,False,False,True,False,False,False,False,False,False,False,False,False,False,False,False,False,False,False,False,False,False,False,True,False,False,False,False,False,False,False,False,False,False,False,False,True,False,False,False,False,True,False,True,False
d_754,125,2013-02-20,11304,5,2,2013,0,1,0,109.0,173.0,0.0,149.14285714285714,142.03571428571428,36.843943742170026,False,False,False,False,False,True,False,False,False,False,False,False,False,False,False,False,False,True,False,False,False,False,False,False,False,False,False,False,False,False,False,False,False,False,False,False,False,False,True,False,False,False,True,False,True,False
d_755,130,2013-02-21,11304,6,2,2013,0,1,0,125.0,105.0,0.0,142.28571428571428,146.5,36.12346553010605,False,False,False,True,False,False,False,False,False,False,False,False,False,False,False,False,False,False,False,False,False,False,False,False,True,False,False,False,False,False,False,False,False,False,False,False,False,True,False,False,False,False,True,False,True,False
d_756,181,2013-02-22,11304,7,2,2013,0,1,0,130.0,177.0,0.0,145.85714285714286,151.14285714285714,32.916199514466875,False,False,False,False,False,False,False,False,False,False,False,False,False,False,False,False,False,False,False,False,False,False,False,False,True,False,False,False,False,False,False,False,False,False,False,False,False,True,False,False,False,False,True,False,True,False
d_757,169,2013-02-23,11305,1,2,2013,0,1,1,181.0,189.0,208.0,146.42857142857142,157.60714285714286,33.57507578972404,False,True,False,False,False,False,False,False,False,False,False,False,False,False,False,False,False,False,False,False,False,False,False,False,True,False,False,False,False,False,False,False,False,False,False,False,False,True,False,False,False,False,True,False,True,False
d_758,157,2013-02-24,11305,2,2,2013,0,1,1,169.0,174.0,208.0,143.57142857142858,156.21428571428572,30.010315686760876,False,False,True,False,False,False,False,False,False,False,False,False,False,False,False,False,False,False,False,False,False,False,False,False,False,False,False,False,False,True,False,False,False,False,False,False,False,False,True,False,False,False,True,False,True,False
d_759,113,2013-02-25,11305,3,2,2013,0,1,0,157.0,117.0,127.0,141.14285714285714,154.39285714285714,27.73943385284185,True,False,False,False,False,False,False,False,False,False,False,False,False,False,False,False,False,False,False,False,False,False,False,False,True,False,False,False,False,False,False,False,False,False,False,False,False,True,False,False,False,False,True,False,True,False
d_760,120,2013-02-26,11305,4,2,2013,0,1,0,113.0,109.0,148.0,140.57142857142858,153.89285714285714,28.354054047920183,False,False,False,False,True,False,False,False,False,False,False,False,False,False,False,False,False,False,False,False,False,False,False,False,True,False,False,False,False,False,False,False,False,False,False,False,False,True,False,False,False,False,True,False,True,False
d_761,88,2013-02-27,11305,5,2,2013,0,1,0,120.0,125.0,109.0,142.14285714285714,152.89285714285714,26.560801766441248,False,False,False,False,False,True,False,False,False,False,False,False,False,False,False,False,False,False,False,False,False,False,False,False,True,False,False,False,False,False,False,False,False,False,False,False,False,True,False,False,False,False,True,False,True,False
d_762,117,2013-02-28,11305,6,2,2013,0,1,0,88.0,130.0,136.0,136.85714285714286,152.14285714285714,33.35380323855419,False,False,False,True,False,False,False,False,False,False,False,False,False,False,False,False,False,False,False,False,False,False,False,False,True,False,False,False,False,False,False,False,False,False,False,False,False,True,False,False,False,False,True,False,True,False
d_763,150,2013-03-01,11305,7,3,2013,1,1,0,117.0,181.0,257.0,135.0,151.46428571428572,34.15162270424835,False,False,False,False,False,False,False,False,False,False,False,False,False,False,False,False,False,False,False,False,False,False,False,False,True,False,False,False,False,False,False,False,False,False,False,False,False,True,False,False,False,False,True,False,True,False
d_764,188,2013-03-02,11306,1,3,2013,1,1,1,150.0,169.0,268.0,130.57142857142858,147.64285714285714,28.779953340575652,False,True,False,False,False,False,False,False,False,False,False,False,False,False,False,False,False,False,False,False,False,False,False,False,True,False,False,False,False,False,False,False,False,False,False,False,False,True,False,False,False,False,True,False,True,False
d_765,125,2013-03-03,11306,2,3,2013,1,1,1,188.0,157.0,300.0,133.28571428571428,144.78571428571428,33.51474444536453,False,False,True,False,False,False,False,False,False,False,False,False,False,False,False,False,False,False,False,False,False,False,False,False,True,False,False,False,False,False,False,False,False,False,False,False,False,True,False,False,False,False,True,False,True,False
d_766,114,2013-03-04,11306,3,3,2013,1,1,0,125.0,113.0,118.0,128.71428571428572,138.53571428571428,31.883717295375487,True,False,False,False,False,False,False,False,False,False,False,False,False,False,False,False,False,False,False,False,False,False,False,False,True,False,False,False,False,False,False,False,False,False,False,False,False,True,False,False,False,False,True,False,True,False
d_767,131,2013-03-05,11306,4,3,2013,1,1,0,114.0,120.0,88.0,128.85714285714286,138.39285714285714,31.803713469910832,False,False,False,False,True,False,False,False,False,False,False,False,False,False,False,False,False,False,False,False,False,False,False,False,True,False,False,False,False,False,False,False,False,False,False,False,False,True,False,False,False,False,True,False,True,False
d_768,130,2013-03-06,11306,5,3,2013,1,1,0,131.0,88.0,93.0,130.42857142857142,139.92857142857142,31.563993953327763,False,False,False,False,False,True,False,False,False,False,False,False,False,False,False,False,False,False,False,False,False,False,False,False,True,False,False,False,False,False,False,False,False,False,False,False,False,True,False,False,False,False,True,False,True,False
d_769,154,2013-03-07,11306,6,3,2013,1,1,0,130.0,117.0,148.0,136.42857142857142,141.25,25.579009251448966,False,False,False,True,False,False,False,False,False,False,False,False,False,False,False,False,False,False,False,False,False,False,False,False,True,False,False,False,False,False,False,False,False,False,False,False,False,True,False,False,False,False,True,False,True,False
d_770,182,2013-03-08,11306,7,3,2013,1,1,0,154.0,150.0,188.0,141.71428571428572,141.46428571428572,24.702997697406943,False,False,False,False,False,False,False,False,False,False,False,False,False,False,False,False,False,False,False,False,False,False,False,False,True,False,False,False,False,False,False,False,False,False,False,False,False,True,False,False,False,False,True,False,True,False
d_771,193,2013-03-09,11307,1,3,2013,1,1,1,182.0,188.0,167.0,146.28571428571428,141.25,29.067245516298232,False,True,False,False,False,False,False,False,False,False,False,False,False,False,False,False,False,False,False,False,False,False,False,False,True,False,False,False,False,False,False,False,False,False,False,False,False,True,False,False,False,False,True,False,True,False
d_772,177,2013-03-10,11307,2,3,2013,1,1,1,193.0,125.0,105.0,147.0,142.17857142857142,30.298514815086197,False,False,True,False,False,False,False,False,False,False,False,False,False,False,False,False,False,False,False,False,False,False,False,False,True,False,False,False,False,False,False,False,False,False,False,False,False,True,False,False,False,False,True,False,True,False
d_773,147,2013-03-11,11307,3,3,2013,0,1,0,177.0,114.0,172.0,154.42857142857142,144.75,30.380131351796017,True,False,False,False,False,False,False,False,False,False,False,False,False,False,False,False,False,False,False,False,False,False,False,False,True,False,False,False,False,False,False,False,False,False,False,False,False,True,False,False,False,False,True,False,True,False
d_774,114,2013-03-12,11307,4,3,2013,0,1,0,147.0,131.0,93.0,159.14285714285714,143.85714285714286,25.175573951938468,False,False,False,False,True,False,False,False,False,False,False,False,False,False,False,False,False,False,False,False,False,False,False,False,True,False,False,False,False,False,False,False,False,False,False,False,False,True,False,False,False,False,True,False,True,False
d_775,154,2013-03-13,11307,5,3,2013,0,1,0,114.0,130.0,173.0,156.71428571428572,144.60714285714286,28.888949938885407,False,False,False,False,False,True,False,False,False,False,False,False,False,False,False,False,False,False,False,False,False,False,False,False,True,False,False,False,False,False,False,False,False,False,False,False,False,True,False,False,False,False,True,False,True,False
d_776,177,2013-03-14,11307,6,3,2013,0,1,0,154.0,154.0,105.0,160.14285714285714,143.92857142857142,26.5168410098725,False,False,False,True,False,False,False,False,False,False,False,False,False,False,False,False,False,False,False,False,False,False,False,False,True,False,False,False,False,False,False,False,False,False,False,False,False,True,False,False,False,False,True,False,True,False
d_777,192,2013-03-15,11307,7,3,2013,0,1,0,177.0,182.0,177.0,163.42857142857142,146.5,27.04845739814097,False,False,False,False,False,False,False,False,False,False,False,False,False,False,False,False,False,False,False,False,False,False,False,False,True,False,False,False,False,False,False,False,False,False,False,False,False,True,False,False,False,False,True,False,True,False
d_778,278,2013-03-16,11308,1,3,2013,0,1,1,192.0,193.0,189.0,164.85714285714286,147.03571428571428,28.421990145123956,False,True,False,False,False,False,False,False,False,False,False,False,False,False,False,False,False,False,False,False,False,False,False,False,True,False,False,False,False,False,False,False,False,False,False,False,False,True,False,False,False,False,True,False,True,False
d_779,180,2013-03-17,11308,2,3,2013,0,1,1,278.0,177.0,174.0,177.0,150.21428571428572,51.35497379352203,False,False,True,False,False,False,False,False,False,False,False,False,False,False,False,False,False,False,False,False,False,False,False,False,False,False,False,False,False,False,False,True,False,False,False,False,False,False,False,False,False,False,True,False,True,False
d_780,147,2013-03-18,11308,3,3,2013,0,1,0,180.0,147.0,117.0,177.42857142857142,150.42857142857142,51.36749018220619,True,False,False,False,False,False,False,False,False,False,False,False,False,False,False,False,False,False,False,False,False,False,False,False,True,False,False,False,False,False,False,False,False,False,False,False,False,True,False,False,False,False,True,False,True,False
d_781,122,2013-03-19,11308,4,3,2013,0,1,0,147.0,114.0,109.0,177.42857142857142,151.5,51.36749018220619,False,False,False,False,True,False,False,False,False,False,False,False,False,False,False,False,False,False,False,False,False,False,False,False,True,False,False,False,False,False,False,False,False,False,False,False,False,True,False,False,False,False,True,False,True,False
d_782,129,2013-03-20,11308,5,3,2013,0,1,0,122.0,154.0,125.0,178.57142857142858,151.96428571428572,49.785731365714106,False,False,False,False,False,True,False,False,False,False,False,False,False,False,False,False,False,False,False,False,False,False,False,False,True,False,False,False,False,False,False,False,False,False,False,False,False,True,False,False,False,False,True,False,True,False
d_783,85,2013-03-21,11308,6,3,2013,0,1,0,129.0,177.0,130.0,175.0,152.10714285714286,52.656117086874794,False,False,False,True,False,False,False,False,False,False,False,False,False,False,False,False,False,False,False,False,False,False,False,False,True,False,False,False,False,False,False,False,False,False,False,False,False,True,False,False,False,False,True,False,True,False
d_784,198,2013-03-22,11308,7,3,2013,0,1,0,85.0,192.0,181.0,161.85714285714286,150.5,62.6137060912081,False,False,False,False,False,False,False,False,False,False,False,False,False,False,False,False,False,False,False,False,False,False,False,False,True,False,False,False,False,False,False,False,False,False,False,False,False,True,False,False,False,False,True,False,True,False
d_785,219,2013-03-23,11309,1,3,2013,0,1,1,198.0,278.0,169.0,162.71428571428572,151.10714285714286,63.13402222181605,False,True,False,False,False,False,False,False,False,False,False,False,False,False,False,False,False,False,False,False,False,False,False,False,True,False,False,False,False,False,False,False,False,False,False,False,False,True,False,False,False,False,True,False,True,False
d_786,129,2013-03-24,11309,2,3,2013,0,1,1,219.0,180.0,157.0,154.28571428571428,152.89285714285714,47.07339760315546,False,False,True,False,False,False,False,False,False,False,False,False,False,False,False,False,False,False,False,False,False,False,False,False,True,False,False,False,False,False,False,False,False,False,False,False,False,True,False,False,False,False,True,False,True,False
d_787,147,2013-03-25,11309,3,3,2013,0,1,0,129.0,147.0,113.0,147.0,151.89285714285714,46.371686763943934,True,False,False,False,False,False,False,False,False,False,False,False,False,False,False,False,False,False,False,False,False,False,False,False,True,False,False,False,False,False,False,False,False,False,False,False,False,True,False,False,False,False,True,False,True,False
d_788,134,2013-03-26,11309,4,3,2013,0,1,0,147.0,122.0,120.0,147.0,153.10714285714286,46.371686763943934,False,False,False,False,True,False,False,False,False,False,False,False,False,False,False,False,False,False,False,False,False,False,False,False,True,False,False,False,False,False,False,False,False,False,False,False,False,True,False,False,False,False,True,False,True,False
d_789,153,2013-03-27,11309,5,3,2013,0,1,0,134.0,129.0,88.0,148.71428571428572,153.60714285714286,45.50719461694779,False,False,False,False,False,True,False,False,False,False,False,False,False,False,False,False,False,False,False,False,False,False,False,False,True,False,False,False,False,False,False,False,False,False,False,False,False,True,False,False,False,False,True,False,True,False
d_790,171,2013-03-28,11309,6,3,2013,0,1,0,153.0,85.0,117.0,152.14285714285714,155.92857142857142,44.67075318904071,False,False,False,True,False,False,False,False,False,False,False,False,False,False,False,False,False,False,False,False,False,False,False,False,True,False,False,False,False,False,False,False,False,False,False,False,False,True,False,False,False,False,True,False,True,False
d_791,233,2013-03-29,11309,7,3,2013,0,1,0,171.0,198.0,150.0,164.42857142857142,157.85714285714286,33.57507578972409,False,False,False,False,False,False,False,False,False,False,False,False,False,False,False,False,False,False,False,False,False,False,False,False,True,False,False,False,False,False,False,False,False,False,False,False,False,True,False,False,False,False,True,False,True,False
d_792,261,2013-03-30,11310,1,3,2013,0,1,1,233.0,219.0,188.0,169.42857142857142,160.82142857142858,41.15765276291135,False,True,False,False,False,False,False,False,False,False,False,False,False,False,False,False,False,False,False,False,False,False,False,False,True,False,False,False,False,False,False,False,False,False,False,False,False,True,False,False,False,False,True,False,True,False
d_793,144,2013-03-31,11310,2,3,2013,0,1,1,261.0,129.0,125.0,175.42857142857142,163.42857142857142,51.38046692034226,False,False,True,False,False,False,False,False,False,True,False,False,False,False,False,False,False,False,False,False,False,False,False,False,False,False,False,False,False,False,False,False,False,False,False,False,False,False,False,False,False,False,True,False,True,False
d_794,136,2013-04-01,11310,3,4,2013,1,2,0,144.0,147.0,114.0,177.57142857142858,164.10714285714286,49.395874128841825,True,False,False,False,False,False,False,False,False,False,False,False,False,False,False,False,False,False,False,False,False,False,False,False,True,False,False,False,False,False,False,False,False,False,False,False,False,True,False,False,False,False,True,False,True,False
d_795,101,2013-04-02,11310,4,4,2013,1,2,0,136.0,134.0,131.0,176.0,164.89285714285714,50.68859174738767,False,False,False,False,True,False,False,False,False,False,False,False,False,False,False,False,False,False,False,False,False,False,False,False,False,False,False,True,False,False,False,False,False,False,False,False,False,False,True,False,False,False,True,False,True,False
d_796,129,2013-04-03,11310,5,4,2013,1,2,0,101.0,153.0,130.0,171.28571428571428,163.82142857142858,56.45267718987971,False,False,False,False,False,True,False,False,False,False,False,False,False,False,False,False,False,False,False,False,False,False,False,False,True,False,False,False,False,False,False,False,False,False,False,False,False,True,False,False,False,False,True,False,True,False
d_797,137,2013-04-04,11310,6,4,2013,1,2,0,129.0,171.0,154.0,167.85714285714286,163.78571428571428,58.44207551478808,False,False,False,True,False,False,False,False,False,False,False,False,False,False,False,False,False,False,False,False,False,False,False,False,True,False,False,False,False,False,False,False,False,False,False,False,False,True,False,False,False,False,True,False,True,False
d_798,212,2013-04-05,11310,7,4,2013,1,2,0,137.0,233.0,182.0,163.0,163.17857142857142,59.539902586416794,False,False,False,False,False,False,False,False,False,False,False,False,False,False,False,False,False,False,False,False,False,False,False,False,True,False,False,False,False,False,False,False,False,False,False,False,False,True,False,False,False,False,True,False,True,False
d_799,249,2013-04-06,11311,1,4,2013,1,2,1,212.0,261.0,193.0,160.0,164.25,55.83905443325487,False,True,False,False,False,False,False,False,False,False,False,False,False,False,False,False,False,False,False,False,False,False,False,False,True,False,False,False,False,False,False,False,False,False,False,False,False,True,False,False,False,False,True,False,True,False
d_800,193,2013-04-07,11311,2,4,2013,1,2,1,249.0,144.0,177.0,158.28571428571428,166.25,52.2931298410358,False,False,True,False,False,False,False,False,False,False,False,False,False,False,False,False,False,False,False,False,False,False,False,False,True,False,False,False,False,False,False,False,False,False,False,False,False,True,False,False,False,False,True,False,True,False
d_801,138,2013-04-08,11311,3,4,2013,1,2,0,193.0,136.0,147.0,165.28571428571428,166.82142857142858,53.331398774437716,True,False,False,False,False,False,False,False,False,False,False,False,False,False,False,False,False,False,False,False,False,False,False,False,True,False,False,False,False,False,False,False,False,False,False,False,False,True,False,False,False,False,True,False,True,False
d_802,115,2013-04-09,11311,4,4,2013,1,2,0,138.0,101.0,114.0,165.57142857142858,166.5,53.153416769627476,False,False,False,False,True,False,False,False,False,False,False,False,False,False,False,False,False,False,False,False,False,False,False,False,True,False,False,False,False,False,False,False,False,False,False,False,False,True,False,False,False,False,True,False,True,False
d_803,142,2013-04-10,11311,5,4,2013,1,2,0,115.0,129.0,154.0,167.57142857142858,166.53571428571428,50.51685244502454,False,False,False,False,False,True,False,False,False,False,False,False,False,False,False,False,False,False,False,False,False,False,False,False,True,False,False,False,False,False,False,False,False,False,False,False,False,True,False,False,False,False,True,False,True,False
d_804,232,2013-04-11,11311,6,4,2013,0,2,0,142.0,137.0,177.0,169.42857142857142,166.10714285714286,49.08107966367878,False,False,False,True,False,False,False,False,False,False,False,False,False,False,False,False,False,False,False,False,False,False,False,False,True,False,False,False,False,False,False,False,False,False,False,False,False,True,False,False,False,False,True,False,True,False
d_805,193,2013-04-12,11311,7,4,2013,0,2,0,232.0,212.0,192.0,183.0,168.07142857142858,51.68494300406393,False,False,False,False,False,False,False,False,False,False,False,False,False,False,False,False,False,False,False,False,False,False,False,False,True,False,False,False,False,False,False,False,False,False,False,False,False,True,False,False,False,False,True,False,True,False
d_806,192,2013-04-13,11312,1,4,2013,0,2,1,193.0,249.0,278.0,180.28571428571428,168.10714285714286,50.390853289442305,False,True,False,False,False,False,False,False,False,False,False,False,False,False,False,False,False,False,False,False,False,False,False,False,True,False,False,False,False,False,False,False,False,False,False,False,False,True,False,False,False,False,True,False,True,False
d_807,146,2013-04-14,11312,2,4,2013,0,2,1,192.0,193.0,180.0,172.14285714285714,165.03571428571428,41.20448426821437,False,False,True,False,False,False,False,False,False,False,False,False,False,False,False,False,False,False,False,False,False,False,False,False,True,False,False,False,False,False,False,False,False,False,False,False,False,True,False,False,False,False,True,False,True,False
d_808,137,2013-04-15,11312,3,4,2013,0,2,0,146.0,138.0,147.0,165.42857142857142,163.82142857142858,41.0684678021843,True,False,False,False,False,False,False,False,False,False,False,False,False,False,False,False,False,False,False,False,False,False,False,False,True,False,False,False,False,False,False,False,False,False,False,False,False,True,False,False,False,False,True,False,True,False
d_809,156,2013-04-16,11312,4,4,2013,0,2,0,137.0,115.0,122.0,165.28571428571428,163.46428571428572,41.181364255021506,False,False,False,False,True,False,False,False,False,False,False,False,False,False,False,False,False,False,False,False,False,False,False,False,True,False,False,False,False,False,False,False,False,False,False,False,False,True,False,False,False,False,True,False,True,False
d_810,145,2013-04-17,11312,5,4,2013,0,2,0,156.0,142.0,129.0,171.14285714285714,164.67857142857142,35.33849917313306,False,False,False,False,False,True,False,False,False,False,False,False,False,False,False,False,False,False,False,False,False,False,False,False,True,False,False,False,False,False,False,False,False,False,False,False,False,True,False,False,False,False,True,False,True,False
d_811,147,2013-04-18,11312,6,4,2013,0,2,0,145.0,232.0,85.0,171.57142857142858,165.25,34.942129027184116,False,False,False,True,False,False,False,False,False,False,False,False,False,False,False,False,False,False,False,False,False,False,False,False,True,False,False,False,False,False,False,False,False,False,False,False,False,True,False,False,False,False,True,False,True,False
d_812,156,2013-04-19,11312,7,4,2013,0,2,0,147.0,193.0,198.0,159.42857142857142,167.46428571428572,23.258383025317592,False,False,False,False,False,False,False,False,False,False,False,False,False,False,False,False,False,False,False,False,False,False,False,False,True,False,False,False,False,False,False,False,False,False,False,False,False,True,False,False,False,False,True,False,True,False
d_813,187,2013-04-20,11313,1,4,2013,0,2,1,156.0,192.0,219.0,154.14285714285714,165.96428571428572,17.95762207187217,False,True,False,False,False,False,False,False,False,False,False,False,False,False,False,False,False,False,False,False,False,False,False,False,True,False,False,False,False,False,False,False,False,False,False,False,False,True,False,False,False,False,True,False,True,False
d_814,174,2013-04-21,11313,2,4,2013,0,2,1,187.0,146.0,129.0,153.42857142857142,164.82142857142858,16.215806515631005,False,False,True,False,False,False,False,False,False,False,False,False,False,False,False,False,False,False,False,False,False,False,False,False,True,False,False,False,False,False,False,False,False,False,False,False,False,True,False,False,False,False,True,False,True,False
d_815,155,2013-04-22,11313,3,4,2013,0,2,0,174.0,137.0,147.0,157.42857142857142,166.42857142857142,17.48196349438609,True,False,False,False,False,False,False,False,False,False,False,False,False,False,False,False,False,False,False,False,False,False,False,False,True,False,False,False,False,False,False,False,False,False,False,False,False,True,False,False,False,False,True,False,True,False
d_816,108,2013-04-23,11313,4,4,2013,0,2,0,155.0,156.0,134.0,160.0,166.71428571428572,15.14375558880075,False,False,False,False,True,False,False,False,False,False,False,False,False,False,False,False,False,False,False,False,False,False,False,False,True,False,False,False,False,False,False,False,False,False,False,False,False,True,False,False,False,False,True,False,True,False
d_817,132,2013-04-24,11313,5,4,2013,0,2,0,108.0,145.0,153.0,153.14285714285714,165.78571428571428,24.949472749462874,False,False,False,False,False,True,False,False,False,False,False,False,False,False,False,False,False,False,False,False,False,False,False,False,True,False,False,False,False,False,False,False,False,False,False,False,False,True,False,False,False,False,True,False,True,False
d_818,160,2013-04-25,11313,6,4,2013,0,2,0,132.0,147.0,171.0,151.28571428571428,165.03571428571428,26.1133062231645,False,False,False,True,False,False,False,False,False,False,False,False,False,False,False,False,False,False,False,False,False,False,False,False,True,False,False,False,False,False,False,False,False,False,False,False,False,True,False,False,False,False,True,False,True,False
d_819,157,2013-04-26,11313,7,4,2013,0,2,0,160.0,156.0,233.0,153.14285714285714,164.64285714285714,26.219767170518328,False,False,False,False,False,False,False,False,False,False,False,False,False,False,False,False,False,False,False,False,False,False,False,False,True,False,False,False,False,False,False,False,False,False,False,False,False,True,False,False,False,False,True,False,True,False
d_820,276,2013-04-27,11314,1,4,2013,0,2,1,157.0,187.0,261.0,153.28571428571428,161.92857142857142,26.240644591385877,False,True,False,False,False,False,False,False,False,False,False,False,False,False,False,False,False,False,False,False,False,False,False,False,True,False,False,False,False,False,False,False,False,False,False,False,False,True,False,False,False,False,True,False,True,False
d_821,146,2013-04-28,11314,2,4,2013,0,2,1,276.0,174.0,144.0,166.0,162.46428571428572,53.10681061157161,False,False,True,False,False,False,False,False,False,False,False,False,False,False,False,False,False,False,False,False,False,False,False,False,True,False,False,False,False,False,False,False,False,False,False,False,False,True,False,False,False,False,True,False,True,False
d_822,114,2013-04-29,11314,3,4,2013,0,2,0,146.0,155.0,136.0,162.0,162.53571428571428,53.45714794736685,True,False,False,False,False,False,False,False,False,False,False,False,False,False,False,False,False,False,False,False,False,False,False,False,True,False,False,False,False,False,False,False,False,False,False,False,False,True,False,False,False,False,True,False,True,False
d_823,126,2013-04-30,11314,4,4,2013,0,2,0,114.0,108.0,101.0,156.14285714285714,161.75,56.51085020132143,False,False,False,False,True,False,False,False,False,False,False,False,False,False,False,False,False,False,False,False,False,False,False,False,True,False,False,False,False,False,False,False,False,False,False,False,False,True,False,False,False,False,True,False,True,False
d_824,194,2013-05-01,11314,5,5,2013,1,2,0,126.0,132.0,129.0,158.71428571428572,162.64285714285714,54.32223082592211,False,False,False,False,False,True,False,False,False,False,False,False,False,False,False,False,False,False,False,False,False,False,False,False,True,False,False,False,False,False,False,False,False,False,False,False,False,True,False,False,False,False,True,False,True,False
d_825,173,2013-05-02,11314,6,5,2013,1,2,0,194.0,160.0,137.0,167.57142857142858,164.96428571428572,54.29504932268119,False,False,False,True,False,False,False,False,False,False,False,False,False,False,False,False,False,False,False,False,False,False,False,False,True,False,False,False,False,False,False,False,False,False,False,False,False,True,False,False,False,False,True,False,True,False
d_826,173,2013-05-03,11314,7,5,2013,1,2,0,173.0,157.0,212.0,169.42857142857142,166.25,54.21517974041696,False,False,False,False,False,False,False,False,False,False,False,False,False,False,False,False,False,False,False,False,False,False,False,False,True,False,False,False,False,False,False,False,False,False,False,False,False,True,False,False,False,False,True,False,True,False
d_827,266,2013-05-04,11315,1,5,2013,1,2,1,173.0,276.0,249.0,171.71428571428572,164.85714285714286,53.94044334793172,False,True,False,False,False,False,False,False,False,False,False,False,False,False,False,False,False,False,False,False,False,False,False,False,True,False,False,False,False,False,False,False,False,False,False,False,False,True,False,False,False,False,True,False,True,False
d_828,175,2013-05-05,11315,2,5,2013,1,2,1,266.0,146.0,193.0,170.28571428571428,165.46428571428572,50.75665567428667,False,False,True,False,False,False,False,False,False,False,False,False,False,False,False,False,False,False,False,False,False,False,False,False,False,False,True,False,False,False,False,False,False,False,False,False,False,False,True,False,False,False,False,False,False,False
d_829,143,2013-05-06,11315,3,5,2013,1,2,0,175.0,114.0,138.0,174.42857142857142,164.82142857142858,49.614705961227365,True,False,False,False,False,False,False,False,False,False,False,False,False,False,False,False,False,False,False,False,False,False,False,False,True,False,False,False,False,False,False,False,False,False,False,False,False,True,False,False,False,False,True,False,True,False
d_830,140,2013-05-07,11315,4,5,2013,1,2,0,143.0,126.0,115.0,178.57142857142858,165.0,44.69473176582505,False,False,False,False,True,False,False,False,False,False,False,False,False,False,False,False,False,False,False,False,False,False,False,False,True,False,False,False,False,False,False,False,False,False,False,False,False,True,False,False,False,False,True,False,True,False
d_831,126,2013-05-08,11315,5,5,2013,1,2,0,140.0,194.0,142.0,180.57142857142858,165.89285714285714,42.19343212261497,False,False,False,False,False,True,False,False,False,False,False,False,False,False,False,False,False,False,False,False,False,False,False,False,True,False,False,False,False,False,False,False,False,False,False,False,False,True,False,False,False,False,True,False,True,False
d_832,171,2013-05-09,11315,6,5,2013,1,2,0,126.0,173.0,232.0,170.85714285714286,165.32142857142858,46.22203144038773,False,False,False,True,False,False,False,False,False,False,False,False,False,False,False,False,False,False,False,False,False,False,False,False,True,False,False,False,False,False,False,False,False,False,False,False,False,True,False,False,False,False,True,False,True,False
d_833,187,2013-05-10,11315,7,5,2013,1,2,0,171.0,173.0,193.0,170.57142857142858,163.14285714285714,46.21275849393811,False,False,False,False,False,False,False,False,False,False,False,False,False,False,False,False,False,False,False,False,False,False,False,False,True,False,False,False,False,False,False,False,False,False,False,False,False,True,False,False,False,False,True,False,True,False
d_834,256,2013-05-11,11316,1,5,2013,0,2,1,187.0,266.0,192.0,172.57142857142858,162.92857142857142,46.636384732871214,False,True,False,False,False,False,False,False,False,False,False,False,False,False,False,False,False,False,False,False,False,False,False,False,True,False,False,False,False,False,False,False,False,False,False,False,False,True,False,False,False,False,True,False,True,False
d_835,215,2013-05-12,11316,2,5,2013,0,2,1,256.0,175.0,146.0,171.14285714285714,165.21428571428572,43.333699632151486,False,False,True,False,False,False,False,False,False,False,False,False,False,False,False,False,False,False,False,False,True,False,False,False,False,False,False,False,False,False,False,False,False,False,False,False,False,False,False,False,False,False,True,False,True,False
d_836,130,2013-05-13,11316,3,5,2013,0,2,0,215.0,143.0,137.0,176.85714285714286,167.67857142857142,46.45222840520707,True,False,False,False,False,False,False,False,False,False,False,False,False,False,False,False,False,False,False,False,False,False,False,False,True,False,False,False,False,False,False,False,False,False,False,False,False,True,False,False,False,False,True,False,True,False
d_837,146,2013-05-14,11316,4,5,2013,0,2,0,130.0,140.0,156.0,175.0,167.42857142857142,48.25626038833375,False,False,False,False,True,False,False,False,False,False,False,False,False,False,False,False,False,False,False,False,False,False,False,False,True,False,False,False,False,False,False,False,False,False,False,False,False,True,False,False,False,False,True,False,True,False
d_838,134,2013-05-15,11316,5,5,2013,0,2,0,146.0,126.0,145.0,175.85714285714286,167.07142857142858,47.57950739351477,False,False,False,False,False,True,False,False,False,False,False,False,False,False,False,False,False,False,False,False,False,False,False,False,True,False,False,False,False,False,False,False,False,False,False,False,False,True,False,False,False,False,True,False,True,False
d_839,157,2013-05-16,11316,6,5,2013,0,2,0,134.0,171.0,147.0,177.0,166.67857142857142,46.26013402488154,False,False,False,True,False,False,False,False,False,False,False,False,False,False,False,False,False,False,False,False,False,False,False,False,True,False,False,False,False,False,False,False,False,False,False,False,False,True,False,False,False,False,True,False,True,False
d_840,196,2013-05-17,11316,7,5,2013,0,2,0,157.0,187.0,156.0,175.0,167.03571428571428,46.86149805543995,False,False,False,False,False,False,False,False,False,False,False,False,False,False,False,False,False,False,False,False,False,False,False,False,True,False,False,False,False,False,False,False,False,False,False,False,False,True,False,False,False,False,True,False,True,False
d_841,198,2013-05-18,11317,1,5,2013,0,2,1,196.0,256.0,187.0,176.28571428571428,168.46428571428572,47.366353338329,False,True,False,False,False,False,False,False,False,False,False,False,False,False,False,False,False,False,False,False,False,False,False,False,True,False,False,False,False,False,False,False,False,False,False,False,False,True,False,False,False,False,True,False,True,False
d_842,150,2013-05-19,11317,2,5,2013,0,2,1,198.0,215.0,174.0,168.0,168.85714285714286,34.39476704383969,False,False,True,False,False,False,False,False,False,False,False,False,False,False,False,False,False,False,False,False,False,False,False,False,True,False,False,False,False,False,False,False,False,False,False,False,False,True,False,False,False,False,True,False,True,False
d_843,148,2013-05-20,11317,3,5,2013,0,2,0,150.0,130.0,155.0,158.71428571428572,168.0,27.717108349142322,True,False,False,False,False,False,False,False,False,False,False,False,False,False,False,False,False,False,False,False,False,False,False,False,True,False,False,False,False,False,False,False,False,False,False,False,False,True,False,False,False,False,True,False,True,False
d_844,131,2013-05-21,11317,4,5,2013,0,2,0,148.0,146.0,108.0,161.28571428571428,167.75,25.34241691784932,False,False,False,False,True,False,False,False,False,False,False,False,False,False,False,False,False,False,False,False,False,False,False,False,True,False,False,False,False,False,False,False,False,False,False,False,False,True,False,False,False,False,True,False,True,False
d_845,129,2013-05-22,11317,5,5,2013,0,2,0,131.0,134.0,132.0,159.14285714285714,168.57142857142858,27.40090370424895,False,False,False,False,False,True,False,False,False,False,False,False,False,False,False,False,False,False,False,False,False,False,False,False,True,False,False,False,False,False,False,False,False,False,False,False,False,True,False,False,False,False,True,False,True,False
d_846,163,2013-05-23,11317,6,5,2013,0,2,0,129.0,157.0,160.0,158.42857142857142,168.46428571428572,28.218534942227496,False,False,False,True,False,False,False,False,False,False,False,False,False,False,False,False,False,False,False,False,False,False,False,False,True,False,False,False,False,False,False,False,False,False,False,False,False,True,False,False,False,False,True,False,True,False
d_847,179,2013-05-24,11317,7,5,2013,0,2,0,163.0,196.0,157.0,159.28571428571428,168.57142857142858,28.25900614974682,False,False,False,False,False,False,False,False,False,False,False,False,False,False,False,False,False,False,False,False,False,False,False,False,True,False,False,False,False,False,False,False,False,False,False,False,False,True,False,False,False,False,True,False,True,False
d_848,191,2013-05-25,11318,1,5,2013,0,2,1,179.0,198.0,276.0,156.85714285714286,169.35714285714286,25.13582152644953,False,True,False,False,False,False,False,False,False,False,False,False,False,False,False,False,False,False,False,False,False,False,False,False,True,False,False,False,False,False,False,False,False,False,False,False,False,True,False,False,False,False,True,False,True,False
d_849,143,2013-05-26,11318,2,5,2013,0,2,1,191.0,150.0,146.0,155.85714285714286,166.32142857142858,23.298272979118508,False,False,True,False,False,False,False,False,False,False,False,False,False,False,False,False,False,False,False,False,False,False,False,False,True,False,False,False,False,False,False,False,False,False,False,False,False,True,False,False,False,False,True,False,True,False
d_850,152,2013-05-27,11318,3,5,2013,0,2,0,143.0,148.0,114.0,154.85714285714286,166.21428571428572,23.737653432388598,True,False,False,False,False,False,False,False,False,False,False,False,False,False,False,False,False,False,False,True,False,False,False,False,False,False,False,False,False,False,False,False,False,False,False,False,True,False,False,False,False,False,True,False,True,False
d_851,157,2013-05-28,11318,4,5,2013,0,2,0,152.0,131.0,126.0,155.42857142857142,167.57142857142858,23.592775326761526,False,False,False,False,True,False,False,False,False,False,False,False,False,False,False,False,False,False,False,False,False,False,False,False,True,False,False,False,False,False,False,False,False,False,False,False,False,True,False,False,False,False,True,False,True,False
d_852,80,2013-05-29,11318,5,5,2013,0,2,0,157.0,129.0,194.0,159.14285714285714,168.67857142857142,21.01133480948296,False,False,False,False,False,True,False,False,False,False,False,False,False,False,False,False,False,False,False,False,False,False,False,False,True,False,False,False,False,False,False,False,False,False,False,False,False,True,False,False,False,False,True,False,True,False
d_853,124,2013-05-30,11318,6,5,2013,0,2,0,80.0,163.0,173.0,152.14285714285714,164.60714285714286,35.73247156032624,False,False,False,True,False,False,False,False,False,False,False,False,False,False,False,False,False,False,False,False,False,False,False,False,True,False,False,False,False,False,False,False,False,False,False,False,False,True,False,False,False,False,True,False,True,False
d_854,168,2013-05-31,11318,7,5,2013,0,2,0,124.0,179.0,173.0,146.57142857142858,162.85714285714286,36.78250101546088,False,False,False,False,False,False,False,False,False,False,False,False,False,False,False,False,False,False,False,False,False,False,False,False,True,False,False,False,False,False,False,False,False,False,False,False,False,True,False,False,False,False,True,False,True,False
d_855,228,2013-06-01,11319,1,6,2013,1,2,1,168.0,191.0,266.0,145.0,162.67857142857142,35.374190214524106,False,True,False,False,False,False,False,False,False,False,False,False,False,False,False,False,False,False,False,False,False,False,False,False,True,False,False,False,False,False,False,False,False,False,False,False,False,True,False,False,False,False,True,False,True,False
d_856,211,2013-06-02,11319,2,6,2013,1,2,1,228.0,143.0,175.0,150.28571428571428,161.32142857142858,44.880263983605246,False,False,True,False,False,False,False,False,False,False,False,False,False,False,False,False,False,False,False,False,False,False,False,False,True,False,False,False,False,False,False,False,False,False,False,False,False,True,False,False,False,False,True,False,True,False
d_857,195,2013-06-03,11319,3,6,2013,1,2,0,211.0,152.0,143.0,160.0,162.60714285714286,50.09657340244605,True,False,False,False,False,False,False,False,False,False,False,False,False,False,False,False,False,False,False,False,False,False,False,False,True,False,False,False,False,False,False,False,False,False,False,False,False,True,False,False,False,False,True,False,True,False
d_858,122,2013-06-04,11319,4,6,2013,1,2,0,195.0,157.0,140.0,166.14285714285714,164.46428571428572,51.566877519807754,False,False,False,False,True,False,False,False,False,False,False,False,False,False,False,False,False,False,False,False,False,False,False,False,True,False,False,False,False,False,False,False,False,False,False,False,False,True,False,False,False,False,True,False,True,False
d_859,119,2013-06-05,11319,5,6,2013,1,2,0,122.0,80.0,126.0,161.14285714285714,163.82142857142858,54.22923126699771,False,False,False,False,False,True,False,False,False,False,False,False,False,False,False,False,False,False,False,False,False,False,False,False,True,False,False,False,False,False,False,False,False,False,False,False,False,True,False,False,False,False,True,False,True,False
d_860,182,2013-06-06,11319,6,6,2013,1,2,0,119.0,124.0,171.0,166.71428571428572,163.57142857142858,45.861073856137445,False,False,False,True,False,False,False,False,False,False,False,False,False,False,False,False,False,False,False,False,False,False,True,False,False,False,False,False,False,False,False,False,False,False,False,False,False,False,False,True,False,False,True,False,True,False
d_861,192,2013-06-07,11319,7,6,2013,1,2,0,182.0,168.0,187.0,175.0,163.96428571428572,41.92851058647323,False,False,False,False,False,False,False,False,False,False,False,False,False,False,False,False,False,False,False,False,False,False,False,False,True,False,False,False,False,False,False,False,False,False,False,False,False,True,False,False,False,False,True,False,True,False
d_862,203,2013-06-08,11320,1,6,2013,1,2,1,192.0,228.0,256.0,178.42857142857142,164.14285714285714,42.240806269361286,False,True,False,False,False,False,False,False,False,False,False,False,False,False,False,False,False,False,False,False,False,False,False,False,True,False,False,False,False,False,False,False,False,False,False,False,False,True,False,False,False,False,True,False,True,False
d_863,177,2013-06-09,11320,2,6,2013,1,2,1,203.0,211.0,215.0,174.85714285714286,162.25,38.216177078250354,False,False,True,False,False,False,False,False,False,False,False,False,False,False,False,False,False,False,False,False,False,False,False,False,True,False,False,False,False,False,False,False,False,False,False,False,False,True,False,False,False,False,True,False,True,False
d_864,160,2013-06-10,11320,3,6,2013,1,2,0,177.0,195.0,130.0,170.0,160.89285714285714,34.87119154832535,True,False,False,False,False,False,False,False,False,False,False,False,False,False,False,False,False,False,False,False,False,False,False,False,True,False,False,False,False,False,False,False,False,False,False,False,False,True,False,False,False,False,True,False,True,False
d_865,159,2013-06-11,11320,4,6,2013,0,2,0,160.0,122.0,146.0,165.0,161.96428571428572,33.15619600215518,False,False,False,False,True,False,False,False,False,False,False,False,False,False,False,False,False,False,False,False,False,False,False,False,True,False,False,False,False,False,False,False,False,False,False,False,False,True,False,False,False,False,True,False,True,False
d_866,107,2013-06-12,11320,5,6,2013,0,2,0,159.0,119.0,134.0,170.28571428571428,162.42857142857142,27.650884770137576,False,False,False,False,False,True,False,False,False,False,False,False,False,False,False,False,False,False,False,False,False,False,False,False,True,False,False,False,False,False,False,False,False,False,False,False,False,True,False,False,False,False,True,False,True,False
d_867,154,2013-06-13,11320,6,6,2013,0,2,0,107.0,182.0,157.0,168.57142857142858,161.46428571428572,31.468805415612966,False,False,False,True,False,False,False,False,False,False,False,False,False,False,False,False,False,False,False,False,False,False,False,False,True,False,False,False,False,False,False,False,False,False,False,False,False,True,False,False,False,False,True,False,True,False
d_868,264,2013-06-14,11320,7,6,2013,0,2,0,154.0,192.0,196.0,164.57142857142858,161.35714285714286,31.256237472740995,False,False,False,False,False,False,False,False,False,False,False,False,False,False,False,False,False,False,False,False,False,False,False,False,True,False,False,False,False,False,False,False,False,False,False,False,False,True,False,False,False,False,True,False,True,False
d_869,278,2013-06-15,11321,1,6,2013,0,2,1,264.0,203.0,198.0,174.85714285714286,163.78571428571428,48.74227655546591,False,True,False,False,False,False,False,False,False,False,False,False,False,False,False,False,False,False,False,False,False,False,False,False,True,False,False,False,False,False,False,False,False,False,False,False,False,True,False,False,False,False,True,False,True,False
d_870,213,2013-06-16,11321,2,6,2013,0,2,1,278.0,177.0,150.0,185.57142857142858,166.64285714285714,62.313340312908764,False,False,True,False,False,False,False,False,False,False,False,False,True,False,False,False,False,False,False,False,False,False,False,False,False,False,False,False,False,False,False,False,False,False,False,False,False,False,False,False,False,False,True,False,True,False
d_871,249,2013-06-17,11321,3,6,2013,0,2,0,213.0,160.0,148.0,190.71428571428572,168.89285714285714,62.97013653501233,True,False,False,False,False,False,False,False,False,False,False,False,False,False,False,False,False,False,False,False,False,False,False,False,True,False,False,False,False,False,False,False,False,False,False,False,False,True,False,False,False,False,True,False,True,False
d_872,145,2013-06-18,11321,4,6,2013,0,2,0,249.0,159.0,131.0,203.42857142857142,172.5,64.69636038927575,False,False,False,False,True,False,False,False,False,False,False,False,False,False,False,False,False,False,False,False,False,False,False,False,True,False,False,False,False,False,False,False,False,False,False,False,False,True,False,False,False,False,True,False,True,False
d_873,101,2013-06-19,11321,5,6,2013,0,2,0,145.0,107.0,129.0,201.42857142857142,173.0,66.49024274998838,False,False,False,False,False,True,False,False,False,False,False,False,False,False,False,False,False,False,False,False,False,False,False,False,True,False,False,False,False,False,False,False,False,False,False,False,False,True,False,False,False,False,True,False,True,False
d_874,189,2013-06-20,11321,6,6,2013,0,2,0,101.0,154.0,163.0,200.57142857142858,172.0,67.93344081490633,False,False,False,True,False,False,False,False,False,False,False,False,False,False,False,False,False,False,False,False,False,True,False,False,False,False,False,False,False,False,False,False,False,False,False,False,False,False,False,True,False,False,True,False,True,False
d_875,252,2013-06-21,11321,7,6,2013,0,2,0,189.0,264.0,179.0,205.57142857142858,172.92857142857142,65.16608817183251,False,False,False,False,False,False,False,False,False,False,False,False,False,False,False,False,False,False,False,False,False,False,False,False,True,False,False,False,False,False,False,False,False,False,False,False,False,True,False,False,False,False,True,False,True,False
d_876,227,2013-06-22,11322,1,6,2013,0,2,1,252.0,278.0,191.0,203.85714285714286,175.53571428571428,63.50965430921658,False,True,False,False,False,False,False,False,False,False,False,False,False,False,False,False,False,False,False,False,False,False,False,False,True,False,False,False,False,False,False,False,False,False,False,False,False,True,False,False,False,False,True,False,True,False
d_877,225,2013-06-23,11322,2,6,2013,0,2,1,227.0,213.0,143.0,196.57142857142858,176.82142857142858,56.07690297813395,False,False,True,False,False,False,False,False,False,False,False,False,False,False,False,False,False,False,False,False,False,False,False,False,True,False,False,False,False,False,False,False,False,False,False,False,False,True,False,False,False,False,True,False,True,False
d_878,131,2013-06-24,11322,3,6,2013,0,2,0,225.0,249.0,152.0,198.28571428571428,179.75,56.84104821257929,True,False,False,False,False,False,False,False,False,False,False,False,False,False,False,False,False,False,False,False,False,False,False,False,True,False,False,False,False,False,False,False,False,False,False,False,False,True,False,False,False,False,True,False,True,False
d_879,145,2013-06-25,11322,4,6,2013,0,2,0,131.0,145.0,157.0,181.42857142857142,179.0,56.79159897630734,False,False,False,False,True,False,False,False,False,False,False,False,False,False,False,False,False,False,False,False,False,False,False,False,True,False,False,False,False,False,False,False,False,False,False,False,False,True,False,False,False,False,True,False,True,False
d_880,169,2013-06-26,11322,5,6,2013,0,2,0,145.0,101.0,80.0,181.42857142857142,178.57142857142858,56.79159897630734,False,False,False,False,False,True,False,False,False,False,False,False,False,False,False,False,False,False,False,False,False,False,False,False,True,False,False,False,False,False,False,False,False,False,False,False,False,True,False,False,False,False,True,False,True,False
d_881,176,2013-06-27,11322,6,6,2013,0,2,0,169.0,189.0,124.0,191.14285714285714,181.75,45.41816292860735,False,False,False,True,False,False,False,False,False,False,False,False,False,False,False,False,False,False,False,False,False,False,False,False,True,False,False,False,False,False,False,False,False,False,False,False,False,True,False,False,False,False,True,False,True,False
d_882,231,2013-06-28,11322,7,6,2013,0,2,0,176.0,252.0,168.0,189.28571428571428,183.60714285714286,45.78469280488944,False,False,False,False,False,False,False,False,False,False,False,False,False,False,False,False,False,False,False,False,False,False,False,False,True,False,False,False,False,False,False,False,False,False,False,False,False,True,False,False,False,False,True,False,True,False
d_883,324,2013-06-29,11323,1,6,2013,0,2,1,231.0,227.0,228.0,186.28571428571428,185.85714285714286,41.47575310031265,False,True,False,False,False,False,False,False,False,False,False,False,False,False,False,False,False,False,False,False,False,False,False,False,True,False,False,False,False,False,False,False,False,False,False,False,False,True,False,False,False,False,True,False,True,False
d_884,202,2013-06-30,11323,2,6,2013,0,2,1,324.0,225.0,211.0,200.14285714285714,189.28571428571428,66.18768407951382,False,False,True,False,False,False,False,False,False,False,False,False,False,False,False,False,False,False,False,False,False,False,False,False,True,False,False,False,False,False,False,False,False,False,False,False,False,True,False,False,False,False,True,False,True,False
d_885,225,2013-07-01,11323,3,7,2013,1,3,0,202.0,131.0,195.0,196.85714285714286,188.96428571428572,65.31316501142419,True,False,False,False,False,False,False,False,False,False,False,False,False,False,False,False,False,False,False,False,False,False,False,False,True,False,False,False,False,False,False,False,False,False,False,False,False,True,False,False,False,False,True,False,True,False
d_886,203,2013-07-02,11323,4,7,2013,1,3,0,225.0,145.0,122.0,210.28571428571428,190.03571428571428,58.86061016139258,False,False,False,False,True,False,False,False,False,False,False,False,False,False,False,False,False,False,False,False,False,False,False,False,True,False,False,False,False,False,False,False,False,False,False,False,False,True,False,False,False,False,True,False,True,False
d_887,325,2013-07-03,11323,5,7,2013,1,3,0,203.0,169.0,119.0,218.57142857142858,192.92857142857142,51.79722367996556,False,False,False,False,False,True,False,False,False,False,False,False,False,False,False,False,False,False,False,False,False,False,False,False,True,False,False,False,False,False,False,False,False,False,False,False,False,True,False,False,False,False,True,False,True,False
d_888,294,2013-07-04,11323,6,7,2013,1,3,0,325.0,176.0,182.0,240.85714285714286,200.28571428571428,59.84822072384049,False,False,False,True,False,False,False,False,False,False,False,False,False,False,True,False,False,False,False,False,False,False,False,False,False,False,False,False,False,False,False,False,False,False,False,False,True,False,False,False,False,False,True,False,True,False
d_889,210,2013-07-05,11323,7,7,2013,1,3,0,294.0,231.0,192.0,257.7142857142857,204.28571428571428,54.95366013201278,False,False,False,False,False,False,False,False,False,False,False,False,False,False,False,False,False,False,False,False,False,False,False,False,True,False,False,False,False,False,False,False,False,False,False,False,False,True,False,False,False,False,True,False,True,False
d_890,214,2013-07-06,11324,1,7,2013,1,3,1,210.0,324.0,203.0,254.71428571428572,204.92857142857142,57.18308108089989,False,True,False,False,False,False,False,False,False,False,False,False,False,False,False,False,False,False,False,False,False,False,False,False,True,False,False,False,False,False,False,False,False,False,False,False,False,True,False,False,False,False,True,False,True,False
d_891,204,2013-07-07,11324,2,7,2013,1,3,1,214.0,202.0,177.0,239.0,205.32142857142858,49.57822102496224,False,False,True,False,False,False,False,False,False,False,False,False,False,False,False,False,False,False,False,False,False,False,False,False,True,False,False,False,False,False,False,False,False,False,False,False,False,True,False,False,False,False,True,False,True,False
d_892,115,2013-07-08,11324,3,7,2013,1,3,0,204.0,225.0,160.0,239.28571428571428,206.28571428571428,49.33462031783329,True,False,False,False,False,False,False,False,False,False,False,False,False,False,False,False,False,False,False,False,False,False,False,False,True,False,False,False,False,False,False,False,False,False,False,False,False,True,False,False,False,False,True,False,True,False
d_893,125,2013-07-09,11324,4,7,2013,1,3,0,115.0,203.0,159.0,223.57142857142858,204.67857142857142,68.45645122474374,False,False,False,False,True,False,False,False,False,False,False,False,False,False,False,False,False,False,False,False,False,False,False,False,False,False,False,False,False,False,True,False,False,False,False,False,False,False,True,False,False,False,True,False,True,False
d_894,207,2013-07-10,11324,5,7,2013,1,3,0,125.0,325.0,107.0,212.42857142857142,203.46428571428572,78.04028263842795,False,False,False,False,False,True,False,False,False,False,False,False,False,False,False,False,False,False,False,False,False,False,False,False,True,False,False,False,False,False,False,False,False,False,False,False,False,True,False,False,False,False,True,False,True,False
d_895,144,2013-07-11,11324,6,7,2013,0,3,0,207.0,294.0,154.0,195.57142857142858,207.03571428571428,60.42862771583558,False,False,False,True,False,False,False,False,False,False,False,False,False,False,False,False,False,False,False,False,False,False,False,False,True,False,False,False,False,False,False,False,False,False,False,False,False,True,False,False,False,False,True,False,True,False
d_896,202,2013-07-12,11324,7,7,2013,0,3,0,144.0,210.0,264.0,174.14285714285714,206.67857142857142,44.096215149105404,False,False,False,False,False,False,False,False,False,False,False,False,False,False,False,False,False,False,False,False,False,False,False,False,True,False,False,False,False,False,False,False,False,False,False,False,False,True,False,False,False,False,True,False,True,False
d_897,212,2013-07-13,11325,1,7,2013,0,3,1,202.0,214.0,278.0,173.0,204.46428571428572,43.104524124504636,False,True,False,False,False,False,False,False,False,False,False,False,False,False,False,False,False,False,False,False,False,False,False,False,True,False,False,False,False,False,False,False,False,False,False,False,False,True,False,False,False,False,True,False,True,False
d_898,173,2013-07-14,11325,2,7,2013,0,3,1,212.0,204.0,213.0,172.71428571428572,202.10714285714286,42.79296782460989,False,False,True,False,False,False,False,False,False,False,False,False,False,False,False,False,False,False,False,False,False,False,False,False,True,False,False,False,False,False,False,False,False,False,False,False,False,True,False,False,False,False,True,False,True,False
d_899,184,2013-07-15,11325,3,7,2013,0,3,0,173.0,115.0,249.0,168.28571428571428,200.67857142857142,40.56153467557776,True,False,False,False,False,False,False,False,False,False,False,False,False,False,False,False,False,False,False,False,False,False,False,False,True,False,False,False,False,False,False,False,False,False,False,False,False,True,False,False,False,False,True,False,True,False
d_900,102,2013-07-16,11325,4,7,2013,0,3,0,184.0,125.0,145.0,178.14285714285714,198.35714285714286,33.16337624261931,False,False,False,False,True,False,False,False,False,False,False,False,False,False,False,False,False,False,False,False,False,False,False,False,True,False,False,False,False,False,False,False,False,False,False,False,False,True,False,False,False,False,True,False,True,False
d_901,120,2013-07-17,11325,5,7,2013,0,3,0,102.0,207.0,101.0,174.85714285714286,196.82142857142858,39.78453875325849,False,False,False,False,False,True,False,False,False,False,False,False,False,False,False,False,False,False,False,False,False,False,False,False,True,False,False,False,False,False,False,False,False,False,False,False,False,True,False,False,False,False,True,False,True,False
d_902,143,2013-07-18,11325,6,7,2013,0,3,0,120.0,144.0,189.0,162.42857142857142,197.5,41.616731983090446,False,False,False,True,False,False,False,False,False,False,False,False,False,False,False,False,False,False,False,False,False,False,False,False,True,False,False,False,False,False,False,False,False,False,False,False,False,True,False,False,False,False,True,False,True,False
d_903,122,2013-07-19,11325,7,7,2013,0,3,0,143.0,202.0,252.0,162.28571428571428,195.85714285714286,41.69218266339743,False,False,False,False,False,False,False,False,False,False,False,False,False,False,False,False,False,False,False,False,False,False,False,False,True,False,False,False,False,False,False,False,False,False,False,False,False,True,False,False,False,False,True,False,True,False
d_904,252,2013-07-20,11326,1,7,2013,0,3,1,122.0,212.0,227.0,150.85714285714286,191.21428571428572,39.918369085875646,False,True,False,False,False,False,False,False,False,False,False,False,False,False,False,False,False,False,False,False,False,False,False,False,True,False,False,False,False,False,False,False,False,False,False,False,False,True,False,False,False,False,True,False,True,False
d_905,193,2013-07-21,11326,2,7,2013,0,3,1,252.0,173.0,225.0,156.57142857142858,192.10714285714286,51.354510164986635,False,False,True,False,False,False,False,False,False,False,False,False,False,False,False,False,False,False,False,False,False,False,False,False,True,False,False,False,False,False,False,False,False,False,False,False,False,True,False,False,False,False,True,False,True,False
d_906,125,2013-07-22,11326,3,7,2013,0,3,0,193.0,184.0,131.0,159.42857142857142,190.96428571428572,52.95235954093436,True,False,False,False,False,False,False,False,False,False,False,False,False,False,False,False,False,False,False,False,False,False,False,False,True,False,False,False,False,False,False,False,False,False,False,False,False,True,False,False,False,False,True,False,True,False
d_907,126,2013-07-23,11326,4,7,2013,0,3,0,125.0,102.0,145.0,151.0,190.75,53.084837759948,False,False,False,False,True,False,False,False,False,False,False,False,False,False,False,False,False,False,False,False,False,False,False,False,True,False,False,False,False,False,False,False,False,False,False,False,False,True,False,False,False,False,True,False,True,False
d_908,91,2013-07-24,11326,5,7,2013,0,3,0,126.0,120.0,169.0,154.42857142857142,190.07142857142858,50.082788603328744,False,False,False,False,False,True,False,False,False,False,False,False,False,False,False,False,False,False,False,False,False,False,False,False,True,False,False,False,False,False,False,False,False,False,False,False,False,True,False,False,False,False,True,False,True,False
d_909,185,2013-07-25,11326,6,7,2013,0,3,0,91.0,143.0,176.0,150.28571428571428,187.28571428571428,54.41725916690491,False,False,False,True,False,False,False,False,False,False,False,False,False,False,False,False,False,False,False,False,False,False,False,False,True,False,False,False,False,False,False,False,False,False,False,False,False,True,False,False,False,False,True,False,True,False
d_910,230,2013-07-26,11326,7,7,2013,0,3,0,185.0,122.0,231.0,156.28571428571428,187.60714285714286,55.77847340361779,False,False,False,False,False,False,False,False,False,False,False,False,False,False,False,False,False,False,False,False,False,False,False,False,True,False,False,False,False,False,False,False,False,False,False,False,False,True,False,False,False,False,True,False,True,False
d_911,227,2013-07-27,11327,1,7,2013,0,3,1,230.0,252.0,324.0,171.71428571428572,187.57142857142858,59.52510474781289,False,True,False,False,False,False,False,False,False,False,False,False,False,False,False,False,False,False,False,False,False,False,False,False,True,False,False,False,False,False,False,False,False,False,False,False,False,True,False,False,False,False,True,False,True,False
d_912,118,2013-07-28,11327,2,7,2013,0,3,1,227.0,193.0,202.0,168.14285714285714,184.10714285714286,54.437819486788705,False,False,True,False,False,False,False,False,False,False,False,False,False,False,False,False,False,False,False,False,False,False,False,False,True,False,False,False,False,False,False,False,False,False,False,False,False,True,False,False,False,False,True,False,True,False
d_913,88,2013-07-29,11327,3,7,2013,0,3,0,118.0,125.0,225.0,157.42857142857142,181.10714285714286,56.08581859631764,True,False,False,False,False,False,False,False,False,False,False,False,False,False,False,False,False,False,False,False,False,False,False,False,True,False,False,False,False,False,False,False,False,False,False,False,False,True,False,False,False,False,True,False,True,False
d_914,155,2013-07-30,11327,4,7,2013,0,3,0,88.0,126.0,203.0,152.14285714285714,176.21428571428572,61.16488254826342,False,False,False,False,True,False,False,False,False,False,False,False,False,False,False,False,False,False,False,False,False,False,False,False,True,False,False,False,False,False,False,False,False,False,False,False,False,True,False,False,False,False,True,False,True,False
d_915,93,2013-07-31,11327,5,7,2013,0,3,0,155.0,91.0,325.0,156.28571428571428,174.5,60.07138610496208,False,False,False,False,False,True,False,False,False,False,False,False,False,False,False,False,False,False,False,False,False,False,False,False,True,False,False,False,False,False,False,False,False,False,False,False,False,True,False,False,False,False,True,False,True,False
d_916,173,2013-08-01,11327,6,8,2013,1,3,0,93.0,185.0,294.0,156.57142857142858,166.21428571428572,59.712804720755244,False,False,False,True,False,False,False,False,False,False,False,False,False,False,False,False,False,False,False,False,False,False,False,False,True,False,False,False,False,False,False,False,False,False,False,False,False,True,False,False,False,False,True,False,True,False
d_917,139,2013-08-02,11327,7,8,2013,1,3,0,173.0,230.0,210.0,154.85714285714286,161.89285714285714,58.92772005156989,False,False,False,False,False,False,False,False,False,False,False,False,False,False,False,False,False,False,False,False,False,False,False,False,True,False,False,False,False,False,False,False,False,False,False,False,False,True,False,False,False,False,True,False,True,False
d_918,217,2013-08-03,11328,1,8,2013,1,3,1,139.0,227.0,214.0,141.85714285714286,159.35714285714286,48.74569578068261,False,True,False,False,False,False,False,False,False,False,False,False,False,False,False,False,False,False,False,False,False,False,False,False,True,False,False,False,False,False,False,False,False,False,False,False,False,True,False,False,False,False,True,False,True,False
d_919,171,2013-08-04,11328,2,8,2013,1,3,1,217.0,118.0,204.0,140.42857142857142,159.46428571428572,45.89791986156943,False,False,True,False,False,False,False,False,False,False,False,False,False,False,False,False,False,False,False,False,False,False,False,False,True,False,False,False,False,False,False,False,False,False,False,False,False,True,False,False,False,False,True,False,True,False
d_920,136,2013-08-05,11328,3,8,2013,1,3,0,171.0,88.0,115.0,148.0,158.28571428571428,45.952874411364824,True,False,False,False,False,False,False,False,False,False,False,False,False,False,False,False,False,False,False,False,False,False,False,False,True,False,False,False,False,False,False,False,False,False,False,False,False,True,False,False,False,False,True,False,True,False
d_921,143,2013-08-06,11328,4,8,2013,1,3,0,136.0,155.0,125.0,154.85714285714286,159.03571428571428,38.481287969733096,False,False,False,False,True,False,False,False,False,False,False,False,False,False,False,False,False,False,False,False,False,False,False,False,True,False,False,False,False,False,False,False,False,False,False,False,False,True,False,False,False,False,True,False,True,False
d_922,115,2013-08-07,11328,5,8,2013,1,3,0,143.0,93.0,207.0,153.14285714285714,159.67857142857142,38.74028295985362,False,False,False,False,False,True,False,False,False,False,False,False,False,False,False,False,False,False,False,False,False,False,False,False,True,False,False,False,False,False,False,False,False,False,False,False,False,True,False,False,False,False,True,False,True,False
d_923,115,2013-08-08,11328,6,8,2013,1,3,0,115.0,173.0,144.0,156.28571428571428,156.39285714285714,33.599177994480215,False,False,False,True,False,False,False,False,False,False,True,False,False,False,False,False,False,False,False,False,False,False,False,False,False,False,False,False,False,False,False,False,False,False,False,False,False,False,True,False,False,False,True,False,True,False
d_924,219,2013-08-09,11328,7,8,2013,1,3,0,115.0,139.0,202.0,148.0,155.35714285714286,35.86548944784296,False,False,False,False,False,False,False,False,False,False,False,False,False,False,False,False,False,False,False,False,False,False,False,False,True,False,False,False,False,False,False,False,False,False,False,False,False,True,False,False,False,False,True,False,True,False
d_925,226,2013-08-10,11329,1,8,2013,1,3,1,219.0,217.0,212.0,159.42857142857142,155.96428571428572,44.27887812060112,False,True,False,False,False,False,False,False,False,False,False,False,False,False,False,False,False,False,False,False,False,False,False,False,True,False,False,False,False,False,False,False,False,False,False,False,False,True,False,False,False,False,True,False,True,False
d_926,198,2013-08-11,11329,2,8,2013,0,3,1,226.0,171.0,173.0,160.71428571428572,156.46428571428572,46.313116521183964,False,False,True,False,False,False,False,False,False,False,False,False,False,False,False,False,False,False,False,False,False,False,False,False,True,False,False,False,False,False,False,False,False,False,False,False,False,True,False,False,False,False,True,False,True,False
d_927,136,2013-08-12,11329,3,8,2013,0,3,0,198.0,136.0,184.0,164.57142857142858,157.35714285714286,48.39027844122256,True,False,False,False,False,False,False,False,False,False,False,False,False,False,False,False,False,False,False,False,False,False,False,False,True,False,False,False,False,False,False,False,False,False,False,False,False,True,False,False,False,False,True,False,True,False
d_928,113,2013-08-13,11329,4,8,2013,0,3,0,136.0,143.0,102.0,164.57142857142858,155.64285714285714,48.39027844122256,False,False,False,False,True,False,False,False,False,False,False,False,False,False,False,False,False,False,False,False,False,False,False,False,True,False,False,False,False,False,False,False,False,False,False,False,False,True,False,False,False,False,True,False,True,False
d_929,100,2013-08-14,11329,5,8,2013,0,3,0,113.0,115.0,120.0,160.28571428571428,156.03571428571428,51.8257152570494,False,False,False,False,False,True,False,False,False,False,False,False,False,False,False,False,False,False,False,False,False,False,False,False,True,False,False,False,False,False,False,False,False,False,False,False,False,True,False,False,False,False,True,False,True,False
d_930,172,2013-08-15,11329,6,8,2013,0,3,0,100.0,115.0,143.0,158.14285714285714,155.32142857142858,54.26302784102811,False,False,False,True,False,False,False,False,False,False,False,False,False,False,False,False,False,False,False,False,False,False,False,False,True,False,False,False,False,False,False,False,False,False,False,False,False,True,False,False,False,False,True,False,True,False
d_931,182,2013-08-16,11329,7,8,2013,0,3,0,172.0,219.0,122.0,166.28571428571428,156.35714285714286,50.881281056050106,False,False,False,False,False,False,False,False,False,False,False,False,False,False,False,False,False,False,False,False,False,False,False,False,True,False,False,False,False,False,False,False,False,False,False,False,False,True,False,False,False,False,True,False,True,False
d_932,0,2013-08-17,11330,1,8,2013,0,3,1,182.0,226.0,252.0,161.0,158.5,46.19884558442272,False,True,False,False,False,False,False,False,False,False,False,False,False,False,False,False,False,False,False,False,False,False,False,False,True,False,False,False,False,False,False,False,False,False,False,False,False,True,False,False,False,False,True,False,True,False
d_933,3,2013-08-18,11330,2,8,2013,0,3,1,0.0,198.0,193.0,128.71428571428572,149.5,67.3367514455375,False,False,True,False,False,False,False,False,False,False,False,False,False,False,False,False,False,False,False,False,False,False,False,False,True,False,False,False,False,False,False,False,False,False,False,False,False,True,False,False,False,False,True,False,True,False
d_934,91,2013-08-19,11330,3,8,2013,0,3,0,3.0,136.0,125.0,100.85714285714286,142.71428571428572,73.91082142561753,True,False,False,False,False,False,False,False,False,False,False,False,False,False,False,False,False,False,False,False,False,False,False,False,True,False,False,False,False,False,False,False,False,False,False,False,False,True,False,False,False,False,True,False,True,False
d_935,165,2013-08-20,11330,4,8,2013,0,3,0,91.0,113.0,126.0,94.42857142857143,141.5,72.28383208541437,False,False,False,False,True,False,False,False,False,False,False,False,False,False,False,False,False,False,False,False,False,False,False,False,True,False,False,False,False,False,False,False,False,False,False,False,False,True,False,False,False,False,True,False,True,False
d_936,217,2013-08-21,11330,5,8,2013,0,3,0,165.0,100.0,91.0,101.85714285714286,142.89285714285714,77.02689697205032,False,False,False,False,False,True,False,False,False,False,False,False,False,False,False,False,False,False,False,False,False,False,False,False,True,False,False,False,False,False,False,False,False,False,False,False,False,True,False,False,False,False,True,False,True,False
d_937,216,2013-08-22,11330,6,8,2013,0,3,0,217.0,172.0,185.0,118.57142857142857,147.39285714285714,88.40976028858869,False,False,False,True,False,False,False,False,False,False,False,False,False,False,False,False,False,False,False,False,False,False,False,False,True,False,False,False,False,False,False,False,False,False,False,False,False,True,False,False,False,False,True,False,True,False
d_938,709,2013-08-23,11330,7,8,2013,0,3,0,216.0,182.0,230.0,124.85714285714286,148.5,94.21505288687254,False,False,False,False,False,False,False,False,False,False,False,False,False,False,False,False,False,False,False,False,False,False,False,False,True,False,False,False,False,False,False,False,False,False,False,False,False,True,False,False,False,False,True,False,True,False
d_939,544,2013-08-24,11331,1,8,2013,0,3,1,709.0,0.0,227.0,200.14285714285714,165.60714285714286,242.0540081410404,False,True,False,False,False,False,False,False,False,False,False,False,False,False,False,False,False,False,False,False,False,False,False,False,True,False,False,False,False,False,False,False,False,False,False,False,False,True,False,False,False,False,True,False,True,False
d_940,381,2013-08-25,11331,2,8,2013,0,3,1,544.0,3.0,118.0,277.85714285714283,176.92857142857142,254.11442866776153,False,False,True,False,False,False,False,False,False,False,False,False,False,False,False,False,False,False,False,False,False,False,False,False,True,False,False,False,False,False,False,False,False,False,False,False,False,True,False,False,False,False,True,False,True,False
d_941,272,2013-08-26,11331,3,8,2013,0,3,0,381.0,91.0,88.0,331.85714285714283,186.32142857142858,224.3972879897234,True,False,False,False,False,False,False,False,False,False,False,False,False,False,False,False,False,False,False,False,False,False,False,False,True,False,False,False,False,False,False,False,False,False,False,False,False,True,False,False,False,False,True,False,True,False
d_942,337,2013-08-27,11331,4,8,2013,0,3,0,272.0,165.0,155.0,357.7142857142857,192.89285714285714,201.25250663922532,False,False,False,False,True,False,False,False,False,False,False,False,False,False,False,False,False,False,False,False,False,False,False,False,True,False,False,False,False,False,False,False,False,False,False,False,False,True,False,False,False,False,True,False,True,False
d_943,384,2013-08-28,11331,5,8,2013,0,3,0,337.0,217.0,93.0,382.2857142857143,199.39285714285714,183.52085647659987,False,False,False,False,False,True,False,False,False,False,False,False,False,False,False,False,False,False,False,False,False,False,False,False,True,False,False,False,False,False,False,False,False,False,False,False,False,True,False,False,False,False,True,False,True,False
d_944,489,2013-08-29,11331,6,8,2013,0,3,0,384.0,216.0,173.0,406.14285714285717,209.78571428571428,168.71023340966266,False,False,False,True,False,False,False,False,False,False,False,False,False,False,False,False,False,False,False,False,False,False,False,False,True,False,False,False,False,False,False,False,False,False,False,False,False,True,False,False,False,False,True,False,True,False
d_945,504,2013-08-30,11331,7,8,2013,0,3,0,489.0,709.0,139.0,445.14285714285717,221.07142857142858,147.67241738775343,False,False,False,False,False,False,False,False,False,False,False,False,False,False,False,False,False,False,False,False,False,False,False,False,True,False,False,False,False,False,False,False,False,False,False,False,False,True,False,False,False,False,True,False,True,False
d_946,532,2013-08-31,11332,1,8,2013,0,3,1,504.0,544.0,217.0,415.85714285714283,234.10714285714286,98.89629007438141,False,True,False,False,False,False,False,False,False,False,False,False,False,False,False,False,False,False,False,False,False,False,False,False,True,False,False,False,False,False,False,False,False,False,False,False,False,True,False,False,False,False,True,False,True,False
d_947,498,2013-09-01,11332,2,9,2013,1,3,1,532.0,381.0,171.0,414.14285714285717,245.35714285714286,96.37674092059864,False,False,True,False,False,False,False,False,False,False,False,False,False,False,False,False,False,False,False,False,False,False,False,False,True,False,False,False,False,False,False,False,False,False,False,False,False,True,False,False,False,False,True,False,True,False
d_948,469,2013-09-02,11332,3,9,2013,1,3,0,498.0,272.0,136.0,430.85714285714283,257.0357142857143,99.75708591612022,True,False,False,False,False,False,False,False,False,False,False,False,False,False,False,True,False,False,False,False,False,False,False,False,False,False,False,False,False,False,False,False,False,False,False,False,True,False,False,False,False,False,True,False,True,False
d_949,250,2013-09-03,11332,4,9,2013,1,3,0,469.0,337.0,143.0,459.0,268.92857142857144,71.16178749862877,False,False,False,False,True,False,False,False,False,False,False,False,False,False,False,False,False,False,False,False,False,False,False,False,True,False,False,False,False,False,False,False,False,False,False,False,False,True,False,False,False,False,True,False,True,False
d_950,239,2013-09-04,11332,5,9,2013,1,3,0,250.0,384.0,115.0,446.57142857142856,272.75,98.40368750349609,False,False,False,False,False,True,False,False,False,False,False,False,False,False,False,False,False,False,False,False,False,False,False,False,True,False,False,False,False,False,False,False,False,False,False,False,False,True,False,False,False,False,True,False,True,False
d_951,300,2013-09-05,11332,6,9,2013,1,3,0,239.0,489.0,115.0,425.85714285714283,277.17857142857144,125.34409781534532,False,False,False,True,False,False,False,False,False,False,False,False,False,False,False,False,False,False,False,False,False,False,False,False,True,False,False,False,False,False,False,False,False,False,False,False,False,True,False,False,False,False,True,False,True,False
d_952,340,2013-09-06,11332,7,9,2013,1,3,0,300.0,504.0,219.0,398.85714285714283,283.7857142857143,129.75416315919446,False,False,False,False,False,False,False,False,False,False,False,False,False,False,False,False,False,False,False,False,False,False,False,False,True,False,False,False,False,False,False,False,False,False,False,False,False,True,False,False,False,False,True,False,True,False
d_953,439,2013-09-07,11333,1,9,2013,1,3,1,340.0,532.0,226.0,375.42857142857144,288.10714285714283,122.19091229555107,False,True,False,False,False,False,False,False,False,False,False,False,False,False,False,False,False,False,False,False,False,False,False,False,True,False,False,False,False,False,False,False,False,False,False,False,False,True,False,False,False,False,True,False,True,False
d_954,357,2013-09-08,11333,2,9,2013,1,3,1,439.0,498.0,198.0,362.14285714285717,295.7142857142857,106.36012500216515,False,False,True,False,False,False,False,False,False,False,False,False,False,False,False,False,False,False,False,False,False,False,False,False,True,False,False,False,False,False,False,False,False,False,False,False,False,True,False,False,False,False,True,False,True,False
d_955,310,2013-09-09,11333,3,9,2013,1,3,0,357.0,469.0,136.0,342.0,301.39285714285717,88.13247604222487,True,False,False,False,False,False,False,False,False,False,False,False,False,False,False,False,False,False,False,False,False,False,False,False,True,False,False,False,False,False,False,False,False,False,False,False,False,True,False,False,False,False,True,False,True,False
d_956,491,2013-09-10,11333,4,9,2013,1,3,0,310.0,250.0,113.0,319.2857142857143,307.60714285714283,68.17554372283927,False,False,False,False,True,False,False,False,False,False,False,False,False,False,False,False,False,False,False,False,False,False,False,False,True,False,False,False,False,False,False,False,False,False,False,False,False,True,False,False,False,False,True,False,True,False
d_957,620,2013-09-11,11333,5,9,2013,0,3,0,491.0,239.0,100.0,353.7142857142857,321.10714285714283,85.90249178713096,False,False,False,False,False,True,False,False,False,False,False,False,False,False,False,False,False,False,False,False,False,False,False,False,True,False,False,False,False,False,False,False,False,False,False,False,False,True,False,False,False,False,True,False,True,False
d_958,613,2013-09-12,11333,6,9,2013,0,3,0,620.0,300.0,172.0,408.14285714285717,339.67857142857144,116.39505798705342,False,False,False,True,False,False,False,False,False,False,False,False,False,False,False,False,False,False,False,False,False,False,False,False,True,False,False,False,False,False,False,False,False,False,False,False,False,True,False,False,False,False,True,False,True,False
d_959,709,2013-09-13,11333,7,9,2013,0,3,0,613.0,340.0,182.0,452.85714285714283,355.42857142857144,127.51657221897156,False,False,False,False,False,False,False,False,False,False,False,False,False,False,False,False,False,False,False,False,False,False,False,False,True,False,False,False,False,False,False,False,False,False,False,False,False,True,False,False,False,False,True,False,True,False
d_960,763,2013-09-14,11334,1,9,2013,0,3,1,709.0,439.0,0.0,505.57142857142856,374.25,147.7518833978743,False,True,False,False,False,False,False,False,False,False,False,False,False,False,False,False,False,False,False,False,False,False,False,False,True,False,False,False,False,False,False,False,False,False,False,False,False,True,False,False,False,False,True,False,True,False
d_961,470,2013-09-15,11334,2,9,2013,0,3,1,763.0,357.0,3.0,551.8571428571429,401.5,172.15538385562093,False,False,True,False,False,False,False,False,False,False,False,False,False,False,False,False,False,False,False,False,False,False,False,False,True,False,False,False,False,False,False,False,False,False,False,False,False,True,False,False,False,False,True,False,True,False
d_962,554,2013-09-16,11334,3,9,2013,0,3,0,470.0,310.0,91.0,568.0,418.17857142857144,155.31258802814403,True,False,False,False,False,False,False,False,False,False,False,False,False,False,False,False,False,False,False,False,False,False,False,False,True,False,False,False,False,False,False,False,False,False,False,False,False,True,False,False,False,False,True,False,True,False
d_963,305,2013-09-17,11334,4,9,2013,0,3,0,554.0,491.0,165.0,602.8571428571429,434.7142857142857,107.90339594814822,False,False,False,False,True,False,False,False,False,False,False,False,False,False,False,False,False,False,False,False,False,False,False,False,True,False,False,False,False,False,False,False,False,False,False,False,False,True,False,False,False,False,True,False,True,False
d_964,290,2013-09-18,11334,5,9,2013,0,3,0,305.0,620.0,217.0,576.2857142857143,439.7142857142857,153.36417909202729,False,False,False,False,False,True,False,False,False,False,False,False,False,False,False,False,False,False,False,False,False,False,False,False,True,False,False,False,False,False,False,False,False,False,False,False,False,True,False,False,False,False,True,False,True,False
d_965,228,2013-09-19,11334,6,9,2013,0,3,0,290.0,613.0,216.0,529.1428571428571,442.32142857142856,185.11926657466762,False,False,False,True,False,False,False,False,False,False,False,False,False,False,False,False,False,False,False,False,False,False,False,False,True,False,False,False,False,False,False,False,False,False,False,False,False,True,False,False,False,False,True,False,True,False
d_966,335,2013-09-20,11334,7,9,2013,0,3,0,228.0,709.0,709.0,474.14285714285717,442.75,211.38229866873002,False,False,False,False,False,False,False,False,False,False,False,False,False,False,False,False,False,False,False,False,False,False,False,False,True,False,False,False,False,False,False,False,False,False,False,False,False,True,False,False,False,False,True,False,True,False
d_967,303,2013-09-21,11335,1,9,2013,0,3,1,335.0,763.0,544.0,420.7142857142857,429.39285714285717,188.11141582026525,False,True,False,False,False,False,False,False,False,False,False,False,False,False,False,False,False,False,False,False,False,False,False,False,True,False,False,False,False,False,False,False,False,False,False,False,False,True,False,False,False,False,True,False,True,False
d_968,289,2013-09-22,11335,2,9,2013,0,3,1,303.0,470.0,381.0,355.0,420.7857142857143,114.58912106594865,False,False,True,False,False,False,False,False,False,False,False,False,False,False,False,False,False,False,False,False,False,False,False,False,True,False,False,False,False,False,False,False,False,False,False,False,False,True,False,False,False,False,True,False,True,False
d_969,235,2013-09-23,11335,3,9,2013,0,3,0,289.0,554.0,272.0,329.14285714285717,417.5,104.27116663045521,True,False,False,False,False,False,False,False,False,False,False,False,False,False,False,False,False,False,False,False,False,False,False,False,True,False,False,False,False,False,False,False,False,False,False,False,False,True,False,False,False,False,True,False,True,False
d_970,310,2013-09-24,11335,4,9,2013,0,3,0,235.0,305.0,337.0,283.57142857142856,416.17857142857144,38.7292186979332,False,False,False,False,True,False,False,False,False,False,False,False,False,False,False,False,False,False,False,False,False,False,False,False,True,False,False,False,False,False,False,False,False,False,False,False,False,True,False,False,False,False,True,False,True,False
d_971,260,2013-09-25,11335,5,9,2013,0,3,0,310.0,290.0,384.0,284.2857142857143,415.2142857142857,39.23312497415995,False,False,False,False,False,True,False,False,False,False,False,False,False,False,False,False,False,False,False,False,False,False,False,False,True,False,False,False,False,False,False,False,False,False,False,False,False,True,False,False,False,False,True,False,True,False
d_972,331,2013-09-26,11335,6,9,2013,0,3,0,260.0,228.0,489.0,280.0,410.7857142857143,40.13311184877922,False,False,False,True,False,False,False,False,False,False,False,False,False,False,False,False,False,False,False,False,False,False,False,False,True,False,False,False,False,False,False,False,False,False,False,False,False,True,False,False,False,False,True,False,True,False
d_973,362,2013-09-27,11335,7,9,2013,0,3,0,331.0,335.0,504.0,294.7142857142857,405.14285714285717,36.61836645598384,False,False,False,False,False,False,False,False,False,False,False,False,False,False,False,False,False,False,False,False,False,False,False,False,True,False,False,False,False,False,False,False,False,False,False,False,False,True,False,False,False,False,True,False,True,False
d_974,0,2013-09-28,11336,1,9,2013,0,3,1,362.0,303.0,532.0,298.57142857142856,400.07142857142856,42.51610339176215,False,True,False,False,False,False,False,False,False,False,False,False,False,False,False,False,False,False,False,False,False,False,False,False,True,False,False,False,False,False,False,False,False,False,False,False,False,True,False,False,False,False,True,False,True,False
d_975,0,2013-09-29,11336,2,9,2013,0,3,1,0.0,289.0,498.0,255.28571428571428,381.07142857142856,120.31585415856347,False,False,True,False,False,False,False,False,False,False,False,False,False,False,False,False,False,False,False,False,False,False,False,False,True,False,False,False,False,False,False,False,False,False,False,False,False,True,False,False,False,False,True,False,True,False
d_976,151,2013-09-30,11336,3,9,2013,0,3,0,0.0,235.0,469.0,214.0,363.2857142857143,152.1830038692449,True,False,False,False,False,False,False,False,False,False,False,False,False,False,False,False,False,False,False,False,False,False,False,False,True,False,False,False,False,False,False,False,False,False,False,False,False,True,False,False,False,False,True,False,True,False
d_977,137,2013-10-01,11336,4,10,2013,1,4,0,151.0,310.0,250.0,202.0,351.92857142857144,153.55672133341025,False,False,False,False,True,False,False,False,False,False,False,False,False,False,False,False,False,False,False,False,False,False,False,False,True,False,False,False,False,False,False,False,False,False,False,False,False,True,False,False,False,False,True,False,True,False
d_978,169,2013-10-02,11336,5,10,2013,1,4,0,137.0,260.0,239.0,177.28571428571428,347.89285714285717,147.0620212537487,False,False,False,False,False,True,False,False,False,False,False,False,False,False,False,False,False,False,False,False,False,False,False,False,True,False,False,False,False,False,False,False,False,False,False,False,False,True,False,False,False,False,True,False,True,False
d_979,98,2013-10-03,11336,6,10,2013,1,4,0,169.0,331.0,300.0,164.28571428571428,345.39285714285717,142.48241328401915,False,False,False,True,False,False,False,False,False,False,False,False,False,False,False,False,False,False,False,False,False,False,False,False,True,False,False,False,False,False,False,False,False,False,False,False,False,True,False,False,False,False,True,False,True,False
d_980,244,2013-10-04,11336,7,10,2013,1,4,0,98.0,362.0,340.0,131.0,338.17857142857144,122.9173163824634,False,False,False,False,False,False,False,False,False,False,False,False,False,False,False,False,False,False,False,False,False,False,False,False,True,False,False,False,False,False,False,False,False,False,False,False,False,True,False,False,False,False,True,False,True,False
d_981,292,2013-10-05,11337,1,10,2013,1,4,1,244.0,0.0,439.0,114.14285714285714,334.75,89.50871199950014,False,True,False,False,False,False,False,False,False,False,False,False,False,False,False,False,False,False,False,False,False,False,False,False,True,False,False,False,False,False,False,False,False,False,False,False,False,True,False,False,False,False,True,False,True,False
d_982,196,2013-10-06,11337,2,10,2013,1,4,1,292.0,0.0,357.0,155.85714285714286,329.5,95.30202616144176,False,False,True,False,False,False,False,False,False,False,False,False,False,False,False,False,False,False,False,False,False,False,False,False,True,False,False,False,False,False,False,False,False,False,False,False,False,True,False,False,False,False,True,False,True,False
d_983,155,2013-10-07,11337,3,10,2013,1,4,0,196.0,151.0,310.0,183.85714285714286,323.75,66.24054290092637,True,False,False,False,False,False,False,False,False,False,False,False,False,False,False,False,False,False,False,False,False,False,False,False,True,False,False,False,False,False,False,False,False,False,False,False,False,True,False,False,False,False,True,False,True,False
d_984,151,2013-10-08,11337,4,10,2013,1,4,0,155.0,137.0,491.0,184.42857142857142,318.2142857142857,65.92636585074031,False,False,False,False,True,False,False,False,False,False,False,False,False,False,False,False,False,False,False,False,False,False,False,False,True,False,False,False,False,False,False,False,False,False,False,False,False,True,False,False,False,False,True,False,True,False
d_985,120,2013-10-09,11337,5,10,2013,1,4,0,151.0,169.0,620.0,186.42857142857142,306.07142857142856,64.44340447984048,False,False,False,False,False,True,False,False,False,False,False,False,False,False,False,False,False,False,False,False,False,False,False,False,True,False,False,False,False,False,False,False,False,False,False,False,False,True,False,False,False,False,True,False,True,False
d_986,135,2013-10-10,11337,6,10,2013,1,4,0,120.0,98.0,613.0,179.42857142857142,288.2142857142857,69.14202085287202,False,False,False,True,False,False,False,False,False,False,False,False,False,False,False,False,False,False,False,False,False,False,False,False,True,False,False,False,False,False,False,False,False,False,False,False,False,True,False,False,False,False,True,False,True,False
d_987,154,2013-10-11,11337,7,10,2013,0,4,0,135.0,244.0,709.0,184.71428571428572,271.14285714285717,63.02304944942529,False,False,False,False,False,False,False,False,False,False,False,False,False,False,False,False,False,False,False,False,False,False,False,False,True,False,False,False,False,False,False,False,False,False,False,False,False,True,False,False,False,False,True,False,True,False
d_988,216,2013-10-12,11338,1,10,2013,0,4,1,154.0,292.0,763.0,171.85714285714286,251.32142857142858,57.88329802694497,False,True,False,False,False,False,False,False,False,False,False,False,False,False,False,False,False,False,False,False,False,False,False,False,True,False,False,False,False,False,False,False,False,False,False,False,False,True,False,False,False,False,True,False,True,False
d_989,235,2013-10-13,11338,2,10,2013,0,4,1,216.0,196.0,470.0,161.0,231.78571428571428,33.64520768252054,False,False,True,False,False,False,False,False,False,False,False,False,False,False,False,False,False,False,False,False,False,False,False,False,True,False,False,False,False,False,False,False,False,False,False,False,False,True,False,False,False,False,True,False,True,False
d_990,134,2013-10-14,11338,3,10,2013,0,4,0,235.0,155.0,554.0,166.57142857142858,223.39285714285714,42.47688447009331,True,False,False,False,False,False,False,False,True,False,False,False,False,False,False,False,False,False,False,False,False,False,False,False,False,False,False,False,False,False,False,False,False,False,False,False,True,False,False,False,False,False,True,False,True,False
d_991,129,2013-10-15,11338,4,10,2013,0,4,0,134.0,151.0,305.0,163.57142857142858,208.39285714285714,44.13938960028394,False,False,False,False,True,False,False,False,False,False,False,True,False,False,False,False,False,False,False,False,False,False,False,False,False,False,False,False,False,False,False,False,False,False,False,False,False,False,True,False,False,False,True,False,True,False
d_992,113,2013-10-16,11338,5,10,2013,0,4,0,129.0,120.0,290.0,160.42857142857142,202.10714285714286,45.93058945429492,False,False,False,False,False,True,False,False,False,False,False,False,False,False,False,False,False,False,False,False,False,False,False,False,True,False,False,False,False,False,False,False,False,False,False,False,False,True,False,False,False,False,True,False,True,False
d_993,149,2013-10-17,11338,6,10,2013,0,4,0,113.0,135.0,228.0,159.42857142857142,195.78571428571428,47.020765422867385,False,False,False,True,False,False,False,False,False,False,False,False,False,False,False,False,False,False,False,False,False,False,False,False,True,False,False,False,False,False,False,False,False,False,False,False,False,True,False,False,False,False,True,False,True,False
d_994,192,2013-10-18,11338,7,10,2013,0,4,0,149.0,154.0,335.0,161.42857142857142,192.96428571428572,46.097205782480145,False,False,False,False,False,False,False,False,False,False,False,False,False,False,False,False,False,False,False,False,False,False,False,False,True,False,False,False,False,False,False,False,False,False,False,False,False,True,False,False,False,False,True,False,True,False
d_995,184,2013-10-19,11339,1,10,2013,0,4,1,192.0,216.0,303.0,166.85714285714286,187.85714285714286,47.29844455310129,False,True,False,False,False,False,False,False,False,False,False,False,False,False,False,False,False,False,False,False,False,False,False,False,True,False,False,False,False,False,False,False,False,False,False,False,False,True,False,False,False,False,True,False,True,False
d_996,219,2013-10-20,11339,2,10,2013,0,4,1,184.0,235.0,289.0,162.28571428571428,183.60714285714286,43.11888327911607,False,False,True,False,False,False,False,False,False,False,False,False,False,False,False,False,False,False,False,False,False,False,False,False,True,False,False,False,False,False,False,False,False,False,False,False,False,True,False,False,False,False,True,False,True,False
d_997,99,2013-10-21,11339,3,10,2013,0,4,0,219.0,134.0,235.0,160.0,181.10714285714286,38.832975677894424,True,False,False,False,False,False,False,False,False,False,False,False,False,False,False,False,False,False,False,False,False,False,False,False,True,False,False,False,False,False,False,False,False,False,False,False,False,True,False,False,False,False,True,False,True,False
d_998,101,2013-10-22,11339,4,10,2013,0,4,0,99.0,129.0,310.0,155.0,176.25,44.568299645973404,False,False,False,False,True,False,False,False,False,False,False,False,False,False,False,False,False,False,False,False,False,False,False,False,True,False,False,False,False,False,False,False,False,False,False,False,False,True,False,False,False,False,True,False,True,False
d_999,132,2013-10-23,11339,5,10,2013,0,4,0,101.0,113.0,260.0,151.0,168.78571428571428,48.38388161361115,False,False,False,False,False,True,False,False,False,False,False,False,False,False,False,False,False,False,False,False,False,False,False,False,True,False,False,False,False,False,False,False,False,False,False,False,False,True,False,False,False,False,True,False,True,False
d_1000,104,2013-10-24,11339,6,10,2013,0,4,0,132.0,149.0,331.0,153.71428571428572,164.21428571428572,46.38862750615394,False,False,False,True,False,False,False,False,False,False,False,False,False,False,False,False,False,False,False,False,False,False,False,False,True,False,False,False,False,False,False,False,False,False,False,False,False,True,False,False,False,False,True,False,True,False
d_1001,165,2013-10-25,11339,7,10,2013,0,4,0,104.0,192.0,362.0,147.28571428571428,156.10714285714286,50.118906232126626,False,False,False,False,False,False,False,False,False,False,False,False,False,False,False,False,False,False,False,False,False,False,False,False,True,False,False,False,False,False,False,False,False,False,False,False,False,True,False,False,False,False,True,False,True,False
d_1002,165,2013-10-26,11340,1,10,2013,0,4,1,165.0,184.0,0.0,143.42857142857142,149.07142857142858,47.049113143809485,False,True,False,False,False,False,False,False,False,False,False,False,False,False,False,False,False,False,False,False,False,False,False,False,True,False,False,False,False,False,False,False,False,False,False,False,False,True,False,False,False,False,True,False,True,False
d_1003,133,2013-10-27,11340,2,10,2013,0,4,1,165.0,219.0,0.0,140.71428571428572,154.96428571428572,44.81336960370235,False,False,True,False,False,False,False,False,False,False,False,False,False,False,False,False,False,False,False,False,False,False,False,False,True,False,False,False,False,False,False,False,False,False,False,False,False,True,False,False,False,False,True,False,True,False
d_1004,268,2013-10-28,11340,3,10,2013,0,4,0,133.0,99.0,151.0,128.42857142857142,159.71428571428572,28.646449127579242,True,False,False,False,False,False,False,False,False,False,False,False,False,False,False,False,False,False,False,False,False,False,False,False,True,False,False,False,False,False,False,False,False,False,False,False,False,True,False,False,False,False,True,False,True,False
d_1005,86,2013-10-29,11340,4,10,2013,0,4,0,268.0,101.0,137.0,152.57142857142858,163.89285714285714,56.94692600090298,False,False,False,False,True,False,False,False,False,False,False,False,False,False,False,False,False,False,False,False,False,False,False,False,True,False,False,False,False,False,False,False,False,False,False,False,False,True,False,False,False,False,True,False,True,False
d_1006,107,2013-10-30,11340,5,10,2013,0,4,0,86.0,132.0,169.0,150.42857142857142,162.07142857142858,59.438643835070124,False,False,False,False,False,True,False,False,False,False,False,False,False,False,False,False,False,False,False,False,False,False,False,False,True,False,False,False,False,False,False,False,False,False,False,False,False,True,False,False,False,False,True,False,True,False
d_1007,103,2013-10-31,11340,6,10,2013,0,4,0,107.0,104.0,98.0,146.85714285714286,159.85714285714286,61.44761609541466,False,False,False,True,False,False,False,False,False,False,False,False,False,True,False,False,False,False,False,False,False,False,False,False,False,False,False,False,False,False,False,False,False,False,False,False,False,False,False,False,False,False,True,False,True,False
d_1008,165,2013-11-01,11340,7,11,2013,1,4,0,103.0,165.0,244.0,146.71428571428572,160.03571428571428,61.5649096095985,False,False,False,False,False,False,False,False,False,False,False,False,False,False,False,False,False,False,False,False,False,False,False,False,True,False,False,False,False,False,False,False,False,False,False,False,False,True,False,False,False,False,True,False,True,False
d_1009,210,2013-11-02,11341,1,11,2013,1,4,1,165.0,165.0,292.0,146.71428571428572,157.21428571428572,61.5649096095985,False,True,False,False,False,False,False,False,False,False,False,False,False,False,False,False,False,False,False,False,False,False,False,False,True,False,False,False,False,False,False,False,False,False,False,False,False,True,False,False,False,False,True,False,True,False
d_1010,159,2013-11-03,11341,2,11,2013,1,4,1,210.0,133.0,196.0,153.14285714285714,154.28571428571428,65.98340339668349,False,False,True,False,False,False,False,False,False,False,False,False,False,False,False,False,False,False,False,False,False,False,False,False,True,False,False,False,False,False,False,False,False,False,False,False,False,True,False,False,False,False,True,False,True,False
d_1011,115,2013-11-04,11341,3,11,2013,1,4,0,159.0,268.0,155.0,156.85714285714286,152.96428571428572,65.38967444336653,True,False,False,False,False,False,False,False,False,False,False,False,False,False,False,False,False,False,False,False,False,False,False,False,True,False,False,False,False,False,False,False,False,False,False,False,False,True,False,False,False,False,True,False,True,False
d_1012,105,2013-11-05,11341,4,11,2013,1,4,0,115.0,86.0,151.0,135.0,151.53571428571428,44.17767158493763,False,False,False,False,True,False,False,False,False,False,False,False,False,False,False,False,False,False,False,False,False,False,False,False,True,False,False,False,False,False,False,False,False,False,False,False,False,True,False,False,False,False,True,False,True,False
d_1013,111,2013-11-06,11341,5,11,2013,1,4,0,105.0,107.0,120.0,137.71428571428572,149.89285714285714,41.14492388988829,False,False,False,False,False,True,False,False,False,False,False,False,False,False,False,False,False,False,False,False,False,False,False,False,True,False,False,False,False,False,False,False,False,False,False,False,False,True,False,False,False,False,True,False,True,False
d_1014,164,2013-11-07,11341,6,11,2013,1,4,0,111.0,103.0,135.0,138.28571428571428,149.57142857142858,40.6723259137959,False,False,False,True,False,False,False,False,False,False,False,False,False,False,False,False,False,False,False,False,False,False,False,False,True,False,False,False,False,False,False,False,False,False,False,False,False,True,False,False,False,False,True,False,True,False
d_1015,166,2013-11-08,11341,7,11,2013,1,4,0,164.0,165.0,154.0,147.0,150.60714285714286,38.31883783902209,False,False,False,False,False,False,False,False,False,False,False,False,False,False,False,False,False,False,False,False,False,False,False,False,True,False,False,False,False,False,False,False,False,False,False,False,False,True,False,False,False,False,True,False,True,False
d_1016,0,2013-11-09,11342,1,11,2013,1,4,1,166.0,210.0,216.0,147.14285714285714,151.03571428571428,38.39890871465136,False,True,False,False,False,False,False,False,False,False,False,False,False,False,False,False,False,False,False,False,False,False,False,False,True,False,False,False,False,False,False,False,False,False,False,False,False,True,False,False,False,False,True,False,True,False
d_1017,0,2013-11-10,11342,2,11,2013,1,4,1,0.0,159.0,235.0,117.14285714285714,143.32142857142858,58.09024178359158,False,False,True,False,False,False,False,False,False,False,False,False,False,False,False,False,False,False,False,False,False,False,False,False,True,False,False,False,False,False,False,False,False,False,False,False,False,True,False,False,False,False,True,False,True,False
d_1018,391,2013-11-11,11342,3,11,2013,0,4,0,0.0,115.0,134.0,94.42857142857143,134.92857142857142,69.0479474540626,True,False,False,False,False,False,False,False,False,False,False,False,False,False,False,False,False,False,False,False,False,False,False,False,False,False,False,False,False,False,False,False,False,False,False,True,True,False,False,False,False,False,True,False,True,False
d_1019,257,2013-11-12,11342,4,11,2013,0,4,0,391.0,105.0,129.0,133.85714285714286,144.10714285714286,132.44801316167838,False,False,False,False,True,False,False,False,False,False,False,False,False,False,False,False,False,False,False,False,False,False,False,False,True,False,False,False,False,False,False,False,False,False,False,False,False,True,False,False,False,False,True,False,True,False
d_1020,0,2013-11-13,11342,5,11,2013,0,4,0,257.0,111.0,113.0,155.57142857142858,148.67857142857142,139.21548901236645,False,False,False,False,False,True,False,False,False,False,False,False,False,False,False,False,False,False,False,False,False,False,False,False,True,False,False,False,False,False,False,False,False,False,False,False,False,True,False,False,False,False,True,False,True,False
d_1021,0,2013-11-14,11342,6,11,2013,0,4,0,0.0,164.0,149.0,139.71428571428572,144.64285714285714,150.96436034785836,False,False,False,True,False,False,False,False,False,False,False,False,False,False,False,False,False,False,False,False,False,False,False,False,True,False,False,False,False,False,False,False,False,False,False,False,False,True,False,False,False,False,True,False,True,False
d_1022,0,2013-11-15,11342,7,11,2013,0,4,0,0.0,166.0,192.0,116.28571428571429,139.32142857142858,159.07515444564152,False,False,False,False,False,False,False,False,False,False,False,False,False,False,False,False,False,False,False,False,False,False,False,False,True,False,False,False,False,False,False,False,False,False,False,False,False,True,False,False,False,False,True,False,True,False
d_1023,5,2013-11-16,11343,1,11,2013,0,4,1,0.0,0.0,184.0,92.57142857142857,132.46428571428572,162.75939004438112,False,True,False,False,False,False,False,False,False,False,False,False,False,False,False,False,False,False,False,False,False,False,False,False,True,False,False,False,False,False,False,False,False,False,False,False,False,True,False,False,False,False,True,False,True,False
d_1024,2,2013-11-17,11343,2,11,2013,0,4,1,5.0,0.0,219.0,93.28571428571429,126.07142857142857,162.29573242049435,False,False,True,False,False,False,False,False,False,False,False,False,False,False,False,False,False,False,False,False,False,False,False,False,True,False,False,False,False,False,False,False,False,False,False,False,False,True,False,False,False,False,True,False,True,False
d_1025,0,2013-11-18,11343,3,11,2013,0,4,0,2.0,391.0,99.0,93.57142857142857,118.32142857142857,162.10578556697368,True,False,False,False,False,False,False,False,False,False,False,False,False,False,False,False,False,False,False,False,False,False,False,False,True,False,False,False,False,False,False,False,False,False,False,False,False,True,False,False,False,False,True,False,True,False
d_1026,6,2013-11-19,11343,4,11,2013,0,4,0,0.0,257.0,101.0,37.714285714285715,114.78571428571429,96.71386368340049,False,False,False,False,True,False,False,False,False,False,False,False,False,False,False,False,False,False,False,False,False,False,False,False,True,False,False,False,False,False,False,False,False,False,False,False,False,True,False,False,False,False,True,False,True,False
d_1027,3,2013-11-20,11343,5,11,2013,0,4,0,6.0,0.0,132.0,1.8571428571428572,111.39285714285714,2.6095064302410864,False,False,False,False,False,True,False,False,False,False,False,False,False,False,False,False,False,False,False,False,False,False,False,False,True,False,False,False,False,False,False,False,False,False,False,False,False,True,False,False,False,False,True,False,True,False
d_1028,1,2013-11-21,11343,6,11,2013,0,4,0,3.0,0.0,104.0,2.2857142857142856,106.78571428571429,2.497617912740251,False,False,False,True,False,False,False,False,False,False,False,False,False,False,False,False,False,False,False,False,False,False,False,False,True,False,False,False,False,False,False,False,False,False,False,False,False,True,False,False,False,False,True,False,True,False
d_1029,14,2013-11-22,11343,7,11,2013,0,4,0,1.0,0.0,165.0,2.4285714285714284,103.10714285714286,2.370453040874958,False,False,False,False,False,False,False,False,False,False,False,False,False,False,False,False,False,False,False,False,False,False,False,False,True,False,False,False,False,False,False,False,False,False,False,False,False,True,False,False,False,False,True,False,True,False
d_1030,6,2013-11-23,11344,1,11,2013,0,4,1,14.0,5.0,165.0,4.428571428571429,97.71428571428571,4.720774754810889,False,True,False,False,False,False,False,False,False,False,False,False,False,False,False,False,False,False,False,False,False,False,False,False,True,False,False,False,False,False,False,False,False,False,False,False,False,True,False,False,False,False,True,False,True,False
d_1031,2,2013-11-24,11344,2,11,2013,0,4,1,6.0,2.0,133.0,4.571428571428571,92.03571428571429,4.75594865605098,False,False,True,False,False,False,False,False,False,False,False,False,False,False,False,False,False,False,False,False,False,False,False,False,True,False,False,False,False,False,False,False,False,False,False,False,False,True,False,False,False,False,True,False,True,False
d_1032,2,2013-11-25,11344,3,11,2013,0,4,0,2.0,0.0,268.0,4.571428571428571,87.35714285714286,4.75594865605098,True,False,False,False,False,False,False,False,False,False,False,False,False,False,False,False,False,False,False,False,False,False,False,False,True,False,False,False,False,False,False,False,False,False,False,False,False,True,False,False,False,False,True,False,True,False
d_1033,4,2013-11-26,11344,4,11,2013,0,4,0,2.0,6.0,86.0,4.857142857142857,77.85714285714286,4.4880794492525,False,False,False,False,True,False,False,False,False,False,False,False,False,False,False,False,False,False,False,False,False,False,False,False,True,False,False,False,False,False,False,False,False,False,False,False,False,True,False,False,False,False,True,False,True,False
d_1034,9,2013-11-27,11344,5,11,2013,0,4,0,4.0,3.0,107.0,4.571428571428571,74.92857142857143,4.466808810809621,False,False,False,False,False,True,False,False,False,False,False,False,False,False,False,False,False,False,False,False,False,False,False,False,True,False,False,False,False,False,False,False,False,False,False,False,False,True,False,False,False,False,True,False,True,False
d_1035,1,2013-11-28,11344,6,11,2013,0,4,0,9.0,1.0,103.0,5.428571428571429,71.42857142857143,4.685336802442955,False,False,False,True,False,False,False,False,False,False,False,False,False,False,False,False,False,False,False,False,False,False,False,False,False,False,False,False,False,False,False,False,False,True,False,False,True,False,False,False,False,False,True,False,True,False
d_1036,0,2013-11-29,11344,7,11,2013,0,4,0,1.0,14.0,165.0,5.428571428571429,67.78571428571429,4.685336802442955,False,False,False,False,False,False,False,False,False,False,False,False,False,False,False,False,False,False,False,False,False,False,False,False,True,False,False,False,False,False,False,False,False,False,False,False,False,True,False,False,False,False,True,False,True,False
d_1037,0,2013-11-30,11345,1,11,2013,0,4,1,0.0,6.0,210.0,3.4285714285714284,61.892857142857146,3.154739442858406,False,True,False,False,False,False,False,False,False,False,False,False,False,False,False,False,False,False,False,False,False,False,False,False,True,False,False,False,False,False,False,False,False,False,False,False,False,True,False,False,False,False,True,False,True,False
d_1038,0,2013-12-01,11345,2,12,2013,1,4,1,0.0,2.0,159.0,2.5714285714285716,54.392857142857146,3.154739442858419,False,False,True,False,False,False,False,False,False,False,False,False,False,False,False,False,False,False,False,False,False,False,False,False,True,False,False,False,False,False,False,False,False,False,False,False,False,True,False,False,False,False,True,False,True,False
d_1039,461,2013-12-02,11345,3,12,2013,1,4,0,0.0,2.0,115.0,2.2857142857142856,48.714285714285715,3.302235894770031,True,False,False,False,False,False,False,False,False,False,False,False,False,False,False,False,False,False,False,False,False,False,False,False,True,False,False,False,False,False,False,False,False,False,False,False,False,True,False,False,False,False,True,False,True,False
d_1040,317,2013-12-03,11345,4,12,2013,1,4,0,461.0,4.0,105.0,67.85714285714286,61.07142857142857,173.39110758766185,False,False,False,False,True,False,False,False,False,False,False,False,False,False,False,False,False,False,False,False,False,False,False,False,True,False,False,False,False,False,False,False,False,False,False,False,False,True,False,False,False,False,True,False,True,False
d_1041,328,2013-12-04,11345,5,12,2013,1,4,0,317.0,9.0,111.0,112.57142857142857,68.64285714285714,193.38464015432814,False,False,False,False,False,True,False,False,False,False,False,False,False,False,False,False,False,False,False,False,False,False,False,False,True,False,False,False,False,False,False,False,False,False,False,False,False,True,False,False,False,False,True,False,True,False
d_1042,258,2013-12-05,11345,6,12,2013,1,4,0,328.0,1.0,164.0,158.14285714285714,76.39285714285714,202.29139755266274,False,False,False,True,False,False,False,False,False,False,False,False,False,False,False,False,False,False,False,False,False,False,False,False,False,False,False,False,False,False,False,False,False,False,False,False,False,False,True,False,False,False,True,False,True,False
d_1043,275,2013-12-06,11345,7,12,2013,1,4,0,258.0,0.0,166.0,194.85714285714286,79.75,192.08195175621296,False,False,False,False,False,False,False,False,False,False,False,False,False,False,False,False,False,False,False,False,False,False,False,False,True,False,False,False,False,False,False,False,False,False,False,False,False,True,False,False,False,False,True,False,True,False
d_1044,374,2013-12-07,11346,1,12,2013,1,4,1,275.0,0.0,0.0,234.14285714285714,83.64285714285714,172.73431291189016,False,True,False,False,False,False,False,False,False,False,False,False,False,False,False,False,False,False,False,False,False,False,False,False,True,False,False,False,False,False,False,False,False,False,False,False,False,True,False,False,False,False,True,False,True,False
d_1045,7,2013-12-08,11346,2,12,2013,1,4,1,374.0,0.0,0.0,287.57142857142856,97.0,143.6301467228206,False,False,True,False,False,False,False,False,False,False,False,False,False,False,False,False,False,False,False,False,False,False,False,False,True,False,False,False,False,False,False,False,False,False,False,False,False,True,False,False,False,False,True,False,True,False
d_1046,1,2013-12-09,11346,3,12,2013,1,4,0,7.0,461.0,391.0,288.57142857142856,97.25,141.29974892978038,True,False,False,False,False,False,False,False,False,False,False,False,False,False,False,False,False,False,False,False,False,False,False,False,True,False,False,False,False,False,False,False,False,False,False,False,False,True,False,False,False,False,True,False,True,False
d_1047,1,2013-12-10,11346,4,12,2013,1,4,0,1.0,317.0,257.0,222.85714285714286,83.32142857142857,154.12703480292737,False,False,False,False,True,False,False,False,False,False,False,False,False,False,False,False,False,False,False,False,False,False,False,False,True,False,False,False,False,False,False,False,False,False,False,False,False,True,False,False,False,False,True,False,True,False
d_1048,2,2013-12-11,11346,5,12,2013,0,4,0,1.0,328.0,0.0,177.71428571428572,74.17857142857143,167.6421926661206,False,False,False,False,False,True,False,False,False,False,False,False,False,False,False,False,False,False,False,False,False,False,False,False,True,False,False,False,False,False,False,False,False,False,False,False,False,True,False,False,False,False,True,False,True,False
d_1049,0,2013-12-12,11346,6,12,2013,0,4,0,2.0,258.0,0.0,131.14285714285714,74.25,164.18021457271516,False,False,False,True,False,False,False,False,False,False,False,False,False,False,False,False,False,False,False,False,False,False,False,False,True,False,False,False,False,False,False,False,False,False,False,False,False,True,False,False,False,False,True,False,True,False
d_1050,7,2013-12-13,11346,7,12,2013,0,4,0,0.0,275.0,0.0,94.28571428571429,74.25,159.8579726775345,False,False,False,False,False,False,False,False,False,False,False,False,False,False,False,False,False,False,False,False,False,False,False,False,True,False,False,False,False,False,False,False,False,False,False,False,False,True,False,False,False,False,True,False,True,False
d_1051,2,2013-12-14,11347,1,12,2013,0,4,1,7.0,374.0,5.0,56.0,74.5,140.2545305269433,False,True,False,False,False,False,False,False,False,False,False,False,False,False,False,False,False,False,False,False,False,False,False,False,True,False,False,False,False,False,False,False,False,False,False,False,False,True,False,False,False,False,True,False,True,False
d_1052,0,2013-12-15,11347,2,12,2013,0,4,1,2.0,7.0,2.0,2.857142857142857,74.39285714285714,2.9113897843026773,False,False,True,False,False,False,False,False,False,False,False,False,False,False,False,False,False,False,False,False,False,False,False,False,True,False,False,False,False,False,False,False,False,False,False,False,False,True,False,False,False,False,True,False,True,False
d_1053,5,2013-12-16,11347,3,12,2013,0,4,0,0.0,1.0,0.0,1.8571428571428572,74.32142857142857,2.410295378055447,True,False,False,False,False,False,False,False,False,False,False,False,False,False,False,False,False,False,False,False,False,False,False,False,True,False,False,False,False,False,False,False,False,False,False,False,False,True,False,False,False,False,True,False,True,False
d_1054,10,2013-12-17,11347,4,12,2013,0,4,0,5.0,1.0,6.0,2.4285714285714284,74.5,2.6367367999731255,False,False,False,False,True,False,False,False,False,False,False,False,False,False,False,False,False,False,False,False,False,False,False,False,True,False,False,False,False,False,False,False,False,False,False,False,False,True,False,False,False,False,True,False,True,False
d_1055,0,2013-12-18,11347,5,12,2013,0,4,0,10.0,2.0,3.0,3.7142857142857144,74.64285714285714,3.773340063928328,False,False,False,False,False,True,False,False,False,False,False,False,False,False,False,False,False,False,False,False,False,False,False,False,True,False,False,False,False,False,False,False,False,False,False,False,False,True,False,False,False,False,True,False,True,False
d_1056,2,2013-12-19,11347,6,12,2013,0,4,0,0.0,0.0,1.0,3.4285714285714284,74.53571428571429,3.994043183583822,False,False,False,True,False,False,False,False,False,False,False,False,False,False,False,False,False,False,False,False,False,False,False,False,True,False,False,False,False,False,False,False,False,False,False,False,False,True,False,False,False,False,True,False,True,False
d_1057,1,2013-12-20,11347,7,12,2013,0,4,0,2.0,7.0,14.0,3.7142857142857144,74.57142857142857,3.773340063928328,False,False,False,False,False,False,False,False,False,False,False,False,False,False,False,False,False,False,False,False,False,False,False,False,True,False,False,False,False,False,False,False,False,False,False,False,False,True,False,False,False,False,True,False,True,False
d_1058,0,2013-12-21,11348,1,12,2013,0,4,1,1.0,2.0,6.0,2.857142857142857,74.10714285714286,3.5790395093481884,False,True,False,False,False,False,False,False,False,False,False,False,False,False,False,False,False,False,False,False,False,False,False,False,True,False,False,False,False,False,False,False,False,False,False,False,False,True,False,False,False,False,True,False,True,False
d_1059,0,2013-12-22,11348,2,12,2013,0,4,1,0.0,0.0,2.0,2.5714285714285716,73.89285714285714,3.7352886036198734,False,False,True,False,False,False,False,False,False,False,False,False,False,False,False,False,False,False,False,False,False,False,False,False,True,False,False,False,False,False,False,False,False,False,False,False,False,True,False,False,False,False,True,False,True,False
d_1060,0,2013-12-23,11348,3,12,2013,0,4,0,0.0,5.0,2.0,2.5714285714285716,73.82142857142857,3.7352886036198734,True,False,False,False,False,False,False,False,False,False,False,False,False,False,False,False,False,False,False,False,False,False,False,False,True,False,False,False,False,False,False,False,False,False,False,False,False,True,False,False,False,False,True,False,True,False
d_1061,0,2013-12-24,11348,4,12,2013,0,4,0,0.0,10.0,4.0,1.8571428571428572,73.75,3.6709931185092293,False,False,False,False,True,False,False,False,False,False,False,False,False,False,False,False,False,False,False,False,False,False,False,False,True,False,False,False,False,False,False,False,False,False,False,False,False,True,False,False,False,False,True,False,True,False
d_1062,0,2013-12-25,11348,5,12,2013,0,4,0,0.0,0.0,9.0,0.42857142857142855,73.60714285714286,0.7867957924388268,False,False,False,False,False,True,True,False,False,False,False,False,False,False,False,False,False,False,False,False,False,False,False,False,False,False,False,False,False,False,False,False,False,False,False,False,True,False,False,False,False,False,True,False,True,False
d_1063,179,2013-12-26,11348,6,12,2013,0,4,0,0.0,2.0,1.0,0.42857142857142855,73.28571428571429,0.7867957924388268,False,False,False,True,False,False,False,False,False,False,False,False,False,False,False,False,False,False,False,False,False,False,False,False,True,False,False,False,False,False,False,False,False,False,False,False,False,True,False,False,False,False,True,False,True,False
d_1064,205,2013-12-27,11348,7,12,2013,0,4,0,179.0,1.0,0.0,25.714285714285715,79.64285714285714,67.59367397844794,False,False,False,False,False,False,False,False,False,False,False,False,False,False,False,False,False,False,False,False,False,False,False,False,True,False,False,False,False,False,False,False,False,False,False,False,False,True,False,False,False,False,True,False,True,False
d_1065,205,2013-12-28,11349,1,12,2013,0,4,1,205.0,0.0,0.0,54.857142857142854,86.96428571428571,93.9865745225143,False,True,False,False,False,False,False,False,False,False,False,False,False,False,False,False,False,False,False,False,False,False,False,False,True,False,False,False,False,False,False,False,False,False,False,False,False,True,False,False,False,False,True,False,True,False
d_1066,177,2013-12-29,11349,2,12,2013,0,4,1,205.0,0.0,0.0,84.14285714285714,94.28571428571429,105.30183374697769,False,False,True,False,False,False,False,False,False,False,False,False,False,False,False,False,False,False,False,False,False,False,False,False,True,False,False,False,False,False,False,False,False,False,False,False,False,True,False,False,False,False,True,False,True,False
d_1067,261,2013-12-30,11349,3,12,2013,0,4,0,177.0,0.0,461.0,109.42857142857143,100.60714285714286,102.95445132493779,True,False,False,False,False,False,False,False,False,False,False,False,False,False,False,False,False,False,False,False,False,False,False,False,True,False,False,False,False,False,False,False,False,False,False,False,False,True,False,False,False,False,True,False,True,False
d_1068,446,2013-12-31,11349,4,12,2013,0,4,0,261.0,0.0,317.0,146.71428571428572,93.46428571428571,103.97550077736916,False,False,False,False,True,False,False,False,False,False,False,False,False,False,False,False,False,False,False,False,False,False,False,False,True,False,False,False,False,False,False,False,False,False,False,False,False,True,False,False,False,False,True,False,True,False
d_1069,90,2014-01-01,11349,5,1,2014,1,1,0,446.0,0.0,328.0,210.42857142857142,98.07142857142857,131.96951307386226,False,False,False,False,False,True,False,False,False,False,False,False,False,False,False,False,False,False,False,False,False,False,False,True,False,False,False,False,False,False,False,False,False,False,False,False,True,False,False,False,False,False,True,False,True,False
d_1070,110,2014-01-02,11349,6,1,2014,1,1,0,90.0,179.0,258.0,223.28571428571428,89.57142857142857,110.72595944600353,False,False,False,True,False,False,False,False,False,False,False,False,False,False,False,False,False,False,False,False,False,False,False,False,True,False,False,False,False,False,False,False,False,False,False,False,False,True,False,False,False,False,True,False,True,False
d_1071,201,2014-01-03,11349,7,1,2014,1,1,0,110.0,205.0,275.0,213.42857142857142,84.28571428571429,118.14801048241272,False,False,False,False,False,False,False,False,False,False,False,False,False,False,False,False,False,False,False,False,False,False,False,False,True,False,False,False,False,False,False,False,False,False,False,False,False,True,False,False,False,False,True,False,True,False
d_1072,202,2014-01-04,11350,1,1,2014,1,1,1,201.0,205.0,374.0,212.85714285714286,81.64285714285714,118.20522911646556,False,True,False,False,False,False,False,False,False,False,False,False,False,False,False,False,False,False,False,False,False,False,False,False,True,False,False,False,False,False,False,False,False,False,False,False,False,True,False,False,False,False,True,False,True,False
d_1073,206,2014-01-05,11350,2,1,2014,1,1,1,202.0,177.0,7.0,212.42857142857142,75.5,118.24389644974904,False,False,True,False,False,False,False,False,False,False,False,False,False,False,False,False,False,False,False,False,False,False,False,False,True,False,False,False,False,False,False,False,False,False,False,False,False,True,False,False,False,False,True,False,True,False
d_1074,55,2014-01-06,11350,3,1,2014,1,1,0,206.0,261.0,1.0,216.57142857142858,82.60714285714286,117.29998173182142,True,False,False,False,False,False,False,False,False,False,False,False,False,False,False,False,False,False,False,False,False,False,False,False,True,False,False,False,False,False,False,False,False,False,False,False,False,True,False,False,False,False,True,False,True,False
d_1075,0,2014-01-07,11350,4,1,2014,1,1,0,55.0,446.0,1.0,187.14285714285714,84.53571428571429,129.50216030556962,False,False,False,False,True,False,False,False,False,False,False,False,False,False,False,False,False,False,False,False,False,False,False,False,False,True,False,False,False,False,False,False,False,False,False,False,False,False,True,False,False,False,True,False,True,False
d_1076,0,2014-01-08,11350,5,1,2014,1,1,0,0.0,90.0,2.0,123.42857142857143,84.5,81.8776671684796,False,False,False,False,False,True,False,False,False,False,False,False,False,False,False,False,False,False,False,False,False,False,False,False,True,False,False,False,False,False,False,False,False,False,False,False,False,True,False,False,False,False,True,False,True,False
d_1077,0,2014-01-09,11350,6,1,2014,1,1,0,0.0,110.0,0.0,110.57142857142857,84.42857142857143,94.14856547474488,False,False,False,True,False,False,False,False,False,False,False,False,False,False,False,False,False,False,False,False,False,False,False,False,True,False,False,False,False,False,False,False,False,False,False,False,False,True,False,False,False,False,True,False,True,False
d_1078,0,2014-01-10,11350,7,1,2014,1,1,0,0.0,201.0,7.0,94.85714285714286,84.42857142857143,103.0217267884602,False,False,False,False,False,False,False,False,False,False,False,False,False,False,False,False,False,False,False,False,False,False,False,False,True,False,False,False,False,False,False,False,False,False,False,False,False,True,False,False,False,False,True,False,True,False
d_1079,168,2014-01-11,11351,1,1,2014,0,1,1,0.0,202.0,2.0,66.14285714285714,84.17857142857143,96.2988898714629,False,True,False,False,False,False,False,False,False,False,False,False,False,False,False,False,False,False,False,False,False,False,False,False,True,False,False,False,False,False,False,False,False,False,False,False,False,True,False,False,False,False,True,False,True,False
d_1080,121,2014-01-12,11351,2,1,2014,0,1,1,168.0,206.0,0.0,61.285714285714285,90.10714285714286,88.87578276394935,False,False,True,False,False,False,False,False,False,False,False,False,False,False,False,False,False,False,False,False,False,False,False,False,True,False,False,False,False,False,False,False,False,False,False,False,False,True,False,False,False,False,True,False,True,False
d_1081,85,2014-01-13,11351,3,1,2014,0,1,0,121.0,55.0,5.0,49.142857142857146,94.42857142857143,69.50402523458249,True,False,False,False,False,False,False,False,False,False,False,False,False,False,False,False,False,False,False,False,False,False,False,False,True,False,False,False,False,False,False,False,False,False,False,False,False,True,False,False,False,False,True,False,True,False
d_1082,95,2014-01-14,11351,4,1,2014,0,1,0,85.0,0.0,10.0,53.42857142857143,97.28571428571429,70.83750687984674,False,False,False,False,True,False,False,False,False,False,False,False,False,False,False,False,False,False,False,False,False,False,False,False,True,False,False,False,False,False,False,False,False,False,False,False,False,True,False,False,False,False,True,False,True,False
d_1083,126,2014-01-15,11351,5,1,2014,0,1,0,95.0,0.0,0.0,67.0,100.32142857142857,67.93624462194892,False,False,False,False,False,True,False,False,False,False,False,False,False,False,False,False,False,False,False,False,False,False,False,False,True,False,False,False,False,False,False,False,False,False,False,False,False,True,False,False,False,False,True,False,True,False
d_1084,118,2014-01-16,11351,6,1,2014,0,1,0,126.0,0.0,2.0,85.0,104.82142857142857,63.79132647416324,False,False,False,True,False,False,False,False,False,False,False,False,False,False,False,False,False,False,False,False,False,False,False,False,True,False,False,False,False,False,False,False,False,False,False,False,False,True,False,False,False,False,True,False,True,False
d_1085,211,2014-01-17,11351,7,1,2014,0,1,0,118.0,0.0,1.0,101.85714285714286,108.96428571428571,52.107032703300234,False,False,False,False,False,False,False,False,False,False,False,False,False,False,False,False,False,False,False,False,False,False,False,False,True,False,False,False,False,False,False,False,False,False,False,False,False,True,False,False,False,False,True,False,True,False
d_1086,211,2014-01-18,11352,1,1,2014,0,1,1,211.0,168.0,0.0,132.0,116.46428571428571,43.71879839763749,False,True,False,False,False,False,False,False,False,False,False,False,False,False,False,False,False,False,False,False,False,False,False,False,True,False,False,False,False,False,False,False,False,False,False,False,False,True,False,False,False,False,True,False,True,False
d_1087,149,2014-01-19,11352,2,1,2014,0,1,1,211.0,121.0,0.0,138.14285714285714,124.0,51.87943899538743,False,False,True,False,False,False,False,False,False,False,False,False,False,False,False,False,False,False,False,False,False,False,False,False,True,False,False,False,False,False,False,False,False,False,False,False,False,True,False,False,False,False,True,False,True,False
d_1088,47,2014-01-20,11352,3,1,2014,0,1,0,149.0,85.0,0.0,142.14285714285714,129.32142857142858,51.41474681913863,True,False,False,False,False,False,False,False,False,False,False,False,False,False,False,False,False,False,True,False,False,False,False,False,False,False,False,False,False,False,False,False,False,False,False,False,True,False,False,False,False,False,True,False,True,False
d_1089,73,2014-01-21,11352,4,1,2014,0,1,0,47.0,95.0,0.0,136.71428571428572,131.0,59.779356207401264,False,False,False,False,True,False,False,False,False,False,False,False,False,False,False,False,False,False,False,False,False,False,False,False,True,False,False,False,False,False,False,False,False,False,False,False,False,True,False,False,False,False,True,False,True,False
d_1090,112,2014-01-22,11352,5,1,2014,0,1,0,73.0,126.0,0.0,133.57142857142858,133.60714285714286,62.83803822223434,False,False,False,False,False,True,False,False,False,False,False,False,False,False,False,False,False,False,False,False,False,False,False,False,True,False,False,False,False,False,False,False,False,False,False,False,False,True,False,False,False,False,True,False,True,False
d_1091,109,2014-01-23,11352,6,1,2014,0,1,0,112.0,118.0,179.0,131.57142857142858,137.60714285714286,63.3399745891354,False,False,False,True,False,False,False,False,False,False,False,False,False,False,False,False,False,False,False,False,False,False,False,False,True,False,False,False,False,False,False,False,False,False,False,False,False,True,False,False,False,False,True,False,True,False
d_1092,159,2014-01-24,11352,7,1,2014,0,1,0,109.0,211.0,205.0,130.28571428571428,135.10714285714286,63.751377202677226,False,False,False,False,False,False,False,False,False,False,False,False,False,False,False,False,False,False,False,False,False,False,False,False,True,False,False,False,False,False,False,False,False,False,False,False,False,True,False,False,False,False,True,False,True,False
d_1093,175,2014-01-25,11353,1,1,2014,0,1,1,159.0,211.0,205.0,122.85714285714286,133.46428571428572,55.24016826980282,False,True,False,False,False,False,False,False,False,False,False,False,False,False,False,False,False,False,False,False,False,False,False,False,True,False,False,False,False,False,False,False,False,False,False,False,False,True,False,False,False,False,True,False,True,False
d_1094,168,2014-01-26,11353,2,1,2014,0,1,1,175.0,149.0,177.0,117.71428571428571,132.39285714285714,46.67873993484296,False,False,True,False,False,False,False,False,False,False,False,False,False,False,False,False,False,False,False,False,False,False,False,False,True,False,False,False,False,False,False,False,False,False,False,False,False,True,False,False,False,False,True,False,True,False
d_1095,119,2014-01-27,11353,3,1,2014,0,1,0,168.0,47.0,261.0,120.42857142857143,132.07142857142858,49.28102117061889,True,False,False,False,False,False,False,False,False,False,False,False,False,False,False,False,False,False,False,False,False,False,False,False,True,False,False,False,False,False,False,False,False,False,False,False,False,True,False,False,False,False,True,False,True,False
d_1096,63,2014-01-28,11353,4,1,2014,0,1,0,119.0,73.0,446.0,130.71428571428572,127.0,37.508729142756884,False,False,False,False,True,False,False,False,False,False,False,False,False,False,False,False,False,False,False,False,False,False,False,False,True,False,False,False,False,False,False,False,False,False,False,False,False,True,False,False,False,False,True,False,True,False
d_1097,71,2014-01-29,11353,5,1,2014,0,1,0,63.0,112.0,90.0,129.28571428571428,113.32142857142857,40.169284641021015,False,False,False,False,False,True,False,False,False,False,False,False,False,False,False,False,False,False,False,False,False,False,False,False,True,False,False,False,False,False,False,False,False,False,False,False,False,True,False,False,False,False,True,False,True,False
d_1098,116,2014-01-30,11353,6,1,2014,0,1,0,71.0,109.0,110.0,123.42857142857143,112.64285714285714,45.715996991778724,False,False,False,True,False,False,False,False,False,False,False,False,False,False,False,False,False,False,False,False,False,False,False,False,True,False,False,False,False,False,False,False,False,False,False,False,False,True,False,False,False,False,True,False,True,False
d_1099,128,2014-01-31,11353,7,1,2014,0,1,0,116.0,159.0,201.0,124.42857142857143,112.85714285714286,45.4234049173513,False,False,False,False,False,False,False,False,False,False,False,False,False,False,False,False,False,False,False,False,False,False,False,False,True,False,False,False,False,False,False,False,False,False,False,False,False,True,False,False,False,False,True,False,True,False
d_1100,137,2014-02-01,11401,1,2,2014,1,1,1,128.0,175.0,202.0,120.0,110.25,42.93405796489862,False,True,False,False,False,False,False,False,False,False,False,False,False,False,False,False,False,False,False,False,False,False,False,False,True,False,False,False,False,False,False,False,False,False,False,False,False,True,False,False,False,False,True,False,True,False
d_1101,221,2014-02-02,11401,2,2,2014,1,1,1,137.0,168.0,206.0,114.57142857142857,107.92857142857143,36.78250101546011,False,False,True,False,False,False,False,False,False,False,False,False,False,False,False,False,False,False,False,False,False,False,False,False,False,False,False,False,False,False,False,False,True,False,False,False,False,False,False,True,False,False,True,False,True,False
d_1102,147,2014-02-03,11401,3,2,2014,1,1,0,221.0,119.0,55.0,122.14285714285714,108.46428571428571,51.9436507875871,True,False,False,False,False,False,False,False,False,False,False,False,False,False,False,False,False,False,False,False,False,False,False,False,True,False,False,False,False,False,False,False,False,False,False,False,False,True,False,False,False,False,True,False,True,False
d_1103,127,2014-02-04,11401,4,2,2014,1,1,0,147.0,63.0,0.0,126.14285714285714,111.75,52.73338149416803,False,False,False,False,True,False,False,False,False,False,False,False,False,False,False,False,False,False,False,False,False,False,False,False,True,False,False,False,False,False,False,False,False,False,False,False,False,True,False,False,False,False,True,False,True,False
d_1104,90,2014-02-05,11401,5,2,2014,1,1,0,127.0,71.0,0.0,135.28571428571428,116.28571428571429,44.932224092567445,False,False,False,False,False,True,False,False,False,False,False,False,False,False,False,False,False,False,False,False,False,False,False,False,True,False,False,False,False,False,False,False,False,False,False,False,False,True,False,False,False,False,True,False,True,False
d_1105,111,2014-02-06,11401,6,2,2014,1,1,0,90.0,116.0,0.0,138.0,119.5,40.78398378448664,False,False,False,True,False,False,False,False,False,False,False,False,False,False,False,False,False,False,False,False,False,False,False,False,True,False,False,False,False,False,False,False,False,False,False,False,False,True,False,False,False,False,True,False,True,False
d_1106,1,2014-02-07,11401,7,2,2014,1,1,0,111.0,128.0,0.0,137.28571428571428,123.46428571428571,41.27434346626684,False,False,False,False,False,False,False,False,False,False,False,False,False,False,False,False,False,False,False,False,False,False,False,False,True,False,False,False,False,False,False,False,False,False,False,False,False,True,False,False,False,False,True,False,True,False
d_1107,3,2014-02-08,11402,1,2,2014,1,1,1,1.0,137.0,168.0,119.14285714285714,123.5,66.33859754177402,False,True,False,False,False,False,False,False,False,False,False,False,False,False,False,False,False,False,False,False,False,False,False,False,True,False,False,False,False,False,False,False,False,False,False,False,False,True,False,False,False,False,True,False,True,False
d_1108,0,2014-02-09,11402,2,2,2014,1,1,1,3.0,221.0,121.0,100.0,117.60714285714286,78.53873778800676,False,False,True,False,False,False,False,False,False,False,False,False,False,False,False,False,False,False,False,False,False,False,False,False,True,False,False,False,False,False,False,False,False,False,False,False,False,True,False,False,False,False,True,False,True,False
d_1109,0,2014-02-10,11402,3,2,2014,1,1,0,0.0,147.0,85.0,68.42857142857143,113.28571428571429,65.05345787083372,True,False,False,False,False,False,False,False,False,False,False,False,False,False,False,False,False,False,False,False,False,False,False,False,True,False,False,False,False,False,False,False,False,False,False,False,False,True,False,False,False,False,True,False,True,False
d_1110,0,2014-02-11,11402,4,2,2014,0,1,0,0.0,127.0,95.0,47.42857142857143,110.25,58.89781304048858,False,False,False,False,True,False,False,False,False,False,False,False,False,False,False,False,False,False,False,False,False,False,False,False,True,False,False,False,False,False,False,False,False,False,False,False,False,True,False,False,False,False,True,False,True,False
d_1111,0,2014-02-12,11402,5,2,2014,0,1,0,0.0,90.0,126.0,29.285714285714285,106.85714285714286,49.036429606685275,False,False,False,False,False,True,False,False,False,False,False,False,False,False,False,False,False,False,False,False,False,False,False,False,True,False,False,False,False,False,False,False,False,False,False,False,False,True,False,False,False,False,True,False,True,False
d_1112,7,2014-02-13,11402,6,2,2014,0,1,0,0.0,111.0,118.0,16.428571428571427,102.35714285714286,41.716731826518846,False,False,False,True,False,False,False,False,False,False,False,False,False,False,False,False,False,False,False,False,False,False,False,False,True,False,False,False,False,False,False,False,False,False,False,False,False,True,False,False,False,False,True,False,True,False
d_1113,3,2014-02-14,11402,7,2,2014,0,1,0,7.0,1.0,211.0,1.5714285714285714,98.39285714285714,2.63673679997865,False,False,False,False,False,False,False,False,False,False,False,False,False,False,False,False,False,False,False,False,False,False,False,False,False,False,False,False,False,False,False,False,False,False,True,False,False,False,False,False,False,False,True,False,True,False
d_1114,7,2014-02-15,11403,1,2,2014,0,1,1,3.0,3.0,211.0,1.8571428571428572,90.96428571428571,2.672612419120615,False,True,False,False,False,False,False,False,False,False,False,False,False,False,False,False,False,False,False,False,False,False,False,False,True,False,False,False,False,False,False,False,False,False,False,False,False,True,False,False,False,False,True,False,True,False
d_1115,2,2014-02-16,11403,2,2,2014,0,1,1,7.0,0.0,149.0,2.4285714285714284,83.67857142857143,3.3094381626435267,False,False,True,False,False,False,False,False,False,False,False,False,False,False,False,False,False,False,False,False,False,False,False,False,True,False,False,False,False,False,False,False,False,False,False,False,False,True,False,False,False,False,True,False,True,False
d_1116,4,2014-02-17,11403,3,2,2014,0,1,0,2.0,0.0,47.0,2.7142857142857144,78.42857142857143,3.147183169874645,True,False,False,False,False,False,False,False,False,False,False,False,False,False,False,False,False,False,False,False,False,False,False,False,False,False,False,False,True,False,False,False,False,False,False,False,True,False,False,False,False,False,True,False,True,False
d_1117,4,2014-02-18,11403,4,2,2014,0,1,0,4.0,0.0,73.0,3.2857142857142856,76.89285714285714,2.9277002188422045,False,False,False,False,True,False,False,False,False,False,False,False,False,False,False,False,False,False,False,False,False,False,False,False,True,False,False,False,False,False,False,False,False,False,False,False,False,True,False,False,False,False,True,False,True,False
d_1118,1,2014-02-19,11403,5,2,2014,0,1,0,4.0,0.0,112.0,3.857142857142857,74.42857142857143,2.5448360411174633,False,False,False,False,False,True,False,False,False,False,False,False,False,False,False,False,False,False,False,False,False,False,False,False,True,False,False,False,False,False,False,False,False,False,False,False,False,True,False,False,False,False,True,False,True,False
d_1119,10,2014-02-20,11403,6,2,2014,0,1,0,1.0,7.0,109.0,4.0,70.46428571428571,2.309401076754147,False,False,False,True,False,False,False,False,False,False,False,False,False,False,False,False,False,False,False,False,False,False,False,False,True,False,False,False,False,False,False,False,False,False,False,False,False,True,False,False,False,False,True,False,True,False
d_1120,3,2014-02-21,11403,7,2,2014,0,1,0,10.0,3.0,159.0,4.428571428571429,66.92857142857143,3.101458950079358,False,False,False,False,False,False,False,False,False,False,False,False,False,False,False,False,False,False,False,False,False,False,False,False,True,False,False,False,False,False,False,False,False,False,False,False,False,True,False,False,False,False,True,False,True,False
d_1121,4,2014-02-22,11404,1,2,2014,0,1,1,3.0,7.0,175.0,4.428571428571429,61.357142857142854,3.101458950079358,False,True,False,False,False,False,False,False,False,False,False,False,False,False,False,False,False,False,False,False,False,False,False,False,True,False,False,False,False,False,False,False,False,False,False,False,False,True,False,False,False,False,True,False,True,False
d_1122,5,2014-02-23,11404,2,2,2014,0,1,1,4.0,2.0,168.0,4.0,55.25,2.886751345944644,False,False,True,False,False,False,False,False,False,False,False,False,False,False,False,False,False,False,False,False,False,False,False,False,True,False,False,False,False,False,False,False,False,False,False,False,False,True,False,False,False,False,True,False,True,False
d_1123,0,2014-02-24,11404,3,2,2014,0,1,0,5.0,4.0,119.0,4.428571428571429,49.42857142857143,2.760262237365746,True,False,False,False,False,False,False,False,False,False,False,False,False,False,False,False,False,False,False,False,False,False,False,False,True,False,False,False,False,False,False,False,False,False,False,False,False,True,False,False,False,False,True,False,True,False
d_1124,21,2014-02-25,11404,4,2,2014,0,1,0,0.0,4.0,63.0,3.857142857142857,45.17857142857143,3.2366943748476475,False,False,False,False,True,False,False,False,False,False,False,False,False,False,False,False,False,False,False,False,False,False,False,False,True,False,False,False,False,False,False,False,False,False,False,False,False,True,False,False,False,False,True,False,True,False
d_1125,5,2014-02-26,11404,5,2,2014,0,1,0,21.0,1.0,71.0,6.285714285714286,43.67857142857143,7.2506157373982845,False,False,False,False,False,True,False,False,False,False,False,False,False,False,False,False,False,False,False,False,False,False,False,False,True,False,False,False,False,False,False,False,False,False,False,False,False,True,False,False,False,False,True,False,True,False
d_1126,3,2014-02-27,11404,6,2,2014,0,1,0,5.0,10.0,116.0,6.857142857142857,41.32142857142857,6.9144431308314855,False,False,False,True,False,False,False,False,False,False,False,False,False,False,False,False,False,False,False,False,False,False,False,False,True,False,False,False,False,False,False,False,False,False,False,False,False,True,False,False,False,False,True,False,True,False
d_1127,3,2014-02-28,11404,7,2,2014,0,1,0,3.0,3.0,128.0,5.857142857142857,37.285714285714285,6.890296835127622,False,False,False,False,False,False,False,False,False,False,False,False,False,False,False,False,False,False,False,False,False,False,False,False,True,False,False,False,False,False,False,False,False,False,False,False,False,True,False,False,False,False,True,False,True,False
d_1128,7,2014-03-01,11405,1,3,2014,1,1,1,3.0,4.0,137.0,5.857142857142857,32.82142857142857,6.890296835127622,False,True,False,False,False,False,False,False,False,False,False,False,False,False,False,False,False,False,False,False,False,False,False,False,True,False,False,False,False,False,False,False,False,False,False,False,False,True,False,False,False,False,True,False,True,False
d_1129,2,2014-03-02,11405,2,3,2014,1,1,1,7.0,5.0,221.0,6.285714285714286,28.178571428571427,6.848705126134503,False,False,True,False,False,False,False,False,False,False,False,False,False,False,False,False,False,False,False,False,False,False,False,False,True,False,False,False,False,False,False,False,False,False,False,False,False,True,False,False,False,False,True,False,True,False
d_1130,2,2014-03-03,11405,3,3,2014,1,1,0,2.0,0.0,147.0,5.857142857142857,20.357142857142858,7.033931367035772,True,False,False,False,False,False,False,False,False,False,False,False,False,False,False,False,False,False,False,False,False,False,False,False,True,False,False,False,False,False,False,False,False,False,False,False,False,True,False,False,False,False,True,False,True,False
d_1131,12,2014-03-04,11405,4,3,2014,1,1,0,2.0,21.0,127.0,6.142857142857143,15.178571428571429,6.792853387409175,False,False,False,False,True,False,False,False,False,False,False,False,False,False,False,False,False,False,False,False,False,False,False,False,True,False,False,False,False,False,False,False,False,False,False,False,False,True,False,False,False,False,True,False,True,False
d_1132,0,2014-03-05,11405,5,3,2014,1,1,0,12.0,5.0,90.0,4.857142857142857,11.071428571428571,3.625307868697047,False,False,False,False,False,True,False,False,False,False,False,False,False,False,False,False,True,False,False,False,False,False,False,False,False,False,False,False,False,False,False,False,False,False,False,False,False,False,True,False,False,False,True,False,True,False
d_1133,0,2014-03-06,11405,6,3,2014,1,1,0,0.0,3.0,111.0,4.142857142857143,7.857142857142857,4.0590873944977215,False,False,False,True,False,False,False,False,False,False,False,False,False,False,False,False,False,False,False,False,False,False,False,False,True,False,False,False,False,False,False,False,False,False,False,False,False,True,False,False,False,False,True,False,True,False
d_1134,5,2014-03-07,11405,7,3,2014,1,1,0,0.0,3.0,1.0,3.7142857142857144,3.892857142857143,4.347960660440924,False,False,False,False,False,False,False,False,False,False,False,False,False,False,False,False,False,False,False,False,False,False,False,False,True,False,False,False,False,False,False,False,False,False,False,False,False,True,False,False,False,False,True,False,True,False
d_1135,0,2014-03-08,11406,1,3,2014,1,1,1,5.0,7.0,3.0,4.0,4.035714285714286,4.358898943538365,False,True,False,False,False,False,False,False,False,False,False,False,False,False,False,False,False,False,False,False,False,False,False,False,True,False,False,False,False,False,False,False,False,False,False,False,False,True,False,False,False,False,True,False,True,False
d_1136,376,2014-03-09,11406,2,3,2014,1,1,1,0.0,2.0,0.0,3.0,3.9285714285714284,4.358898943538403,False,False,True,False,False,False,False,False,False,False,False,False,False,False,False,False,False,False,False,False,False,False,False,False,True,False,False,False,False,False,False,False,False,False,False,False,False,True,False,False,False,False,True,False,True,False
d_1137,200,2014-03-10,11406,3,3,2014,1,1,0,376.0,2.0,0.0,56.42857142857143,17.357142857142858,140.98446385194012,True,False,False,False,False,False,False,False,False,False,False,False,False,False,False,False,False,False,False,False,False,False,False,False,True,False,False,False,False,False,False,False,False,False,False,False,False,True,False,False,False,False,True,False,True,False
d_1138,114,2014-03-11,11406,4,3,2014,0,1,0,200.0,12.0,0.0,84.71428571428571,24.5,147.93547499469057,False,False,False,False,True,False,False,False,False,False,False,False,False,False,False,False,False,False,False,False,False,False,False,False,True,False,False,False,False,False,False,False,False,False,False,False,False,True,False,False,False,False,True,False,True,False
d_1139,112,2014-03-12,11406,5,3,2014,0,1,0,114.0,0.0,0.0,99.28571428571429,28.571428571428573,144.56453493822303,False,False,False,False,False,True,False,False,False,False,False,False,False,False,False,False,False,True,False,False,False,False,False,False,False,False,False,False,False,False,False,False,False,False,False,False,False,False,True,False,False,False,True,False,True,False
d_1140,121,2014-03-13,11406,6,3,2014,0,1,0,112.0,0.0,7.0,115.28571428571429,32.57142857142857,137.78330122056894,False,False,False,True,False,False,False,False,False,False,False,False,False,False,False,False,False,False,False,False,False,False,False,False,True,False,False,False,False,False,False,False,False,False,False,False,False,True,False,False,False,False,True,False,True,False
d_1141,116,2014-03-14,11406,7,3,2014,0,1,0,121.0,5.0,3.0,132.57142857142858,36.642857142857146,128.1637717178779,False,False,False,False,False,False,False,False,False,False,False,False,False,False,False,False,False,False,False,False,False,False,False,False,True,False,False,False,False,False,False,False,False,False,False,False,False,True,False,False,False,False,True,False,True,False
d_1142,154,2014-03-15,11407,1,3,2014,0,1,1,116.0,0.0,7.0,148.42857142857142,40.67857142857143,116.04289026455827,False,True,False,False,False,False,False,False,False,False,False,False,False,False,False,False,False,False,False,False,False,False,False,False,True,False,False,False,False,False,False,False,False,False,False,False,False,True,False,False,False,False,True,False,True,False
d_1143,188,2014-03-16,11407,2,3,2014,0,1,1,154.0,376.0,2.0,170.42857142857142,45.92857142857143,96.09692527661315,False,False,True,False,False,False,False,False,False,False,False,False,False,False,False,False,False,False,False,False,False,False,False,False,False,False,False,False,False,True,False,False,False,False,False,False,False,False,True,False,False,False,True,False,True,False
d_1144,121,2014-03-17,11407,3,3,2014,0,1,0,188.0,200.0,4.0,143.57142857142858,52.57142857142857,37.43375100475035,True,False,False,False,False,False,False,False,False,False,False,False,False,False,False,False,False,False,False,False,False,False,False,False,False,False,False,False,False,False,False,True,False,False,False,False,False,False,False,False,False,False,True,False,True,False
d_1145,88,2014-03-18,11407,4,3,2014,0,1,0,121.0,114.0,4.0,132.28571428571428,56.75,28.40606910335711,False,False,False,False,True,False,False,False,False,False,False,False,False,False,False,False,False,False,False,False,False,False,False,False,True,False,False,False,False,False,False,False,False,False,False,False,False,True,False,False,False,False,True,False,True,False
d_1146,87,2014-03-19,11407,5,3,2014,0,1,0,88.0,112.0,1.0,128.57142857142858,59.75,32.5876108506334,False,False,False,False,False,True,False,False,False,False,False,False,False,False,False,False,False,False,False,False,False,False,False,False,True,False,False,False,False,False,False,False,False,False,False,False,False,True,False,False,False,False,True,False,True,False
d_1147,127,2014-03-20,11407,6,3,2014,0,1,0,87.0,121.0,10.0,125.0,62.82142857142857,35.90728802531978,False,False,False,True,False,False,False,False,False,False,False,False,False,False,False,False,False,False,False,False,False,False,False,False,True,False,False,False,False,False,False,False,False,False,False,False,False,True,False,False,False,False,True,False,True,False
d_1148,160,2014-03-21,11407,7,3,2014,0,1,0,127.0,116.0,3.0,125.85714285714286,67.0,35.867480960838755,False,False,False,False,False,False,False,False,False,False,False,False,False,False,False,False,False,False,False,False,False,False,False,False,True,False,False,False,False,False,False,False,False,False,False,False,False,True,False,False,False,False,True,False,True,False
d_1149,195,2014-03-22,11408,1,3,2014,0,1,1,160.0,154.0,4.0,132.14285714285714,72.60714285714286,37.662663082635675,False,True,False,False,False,False,False,False,False,False,False,False,False,False,False,False,False,False,False,False,False,False,False,False,True,False,False,False,False,False,False,False,False,False,False,False,False,True,False,False,False,False,True,False,True,False
d_1150,150,2014-03-23,11408,2,3,2014,0,1,1,195.0,188.0,5.0,138.0,79.42857142857143,44.24176006143142,False,False,True,False,False,False,False,False,False,False,False,False,False,False,False,False,False,False,False,False,False,False,False,False,True,False,False,False,False,False,False,False,False,False,False,False,False,True,False,False,False,False,True,False,True,False
d_1151,106,2014-03-24,11408,3,3,2014,0,1,0,150.0,121.0,0.0,132.57142857142858,84.60714285714286,39.11886647495874,True,False,False,False,False,False,False,False,False,False,False,False,False,False,False,False,False,False,False,False,False,False,False,False,True,False,False,False,False,False,False,False,False,False,False,False,False,True,False,False,False,False,True,False,True,False
d_1152,54,2014-03-25,11408,4,3,2014,0,1,0,106.0,88.0,21.0,130.42857142857142,88.39285714285714,40.2527727527639,False,False,False,False,True,False,False,False,False,False,False,False,False,False,False,False,False,False,False,False,False,False,False,False,True,False,False,False,False,False,False,False,False,False,False,False,False,True,False,False,False,False,True,False,True,False
d_1153,93,2014-03-26,11408,5,3,2014,0,1,0,54.0,87.0,5.0,125.57142857142857,89.57142857142857,47.605521888596634,False,False,False,False,False,True,False,False,False,False,False,False,False,False,False,False,False,False,False,False,False,False,False,False,True,False,False,False,False,False,False,False,False,False,False,False,False,True,False,False,False,False,True,False,True,False
d_1154,81,2014-03-27,11408,6,3,2014,0,1,0,93.0,127.0,3.0,126.42857142857143,92.71428571428571,46.84320350152894,False,False,False,True,False,False,False,False,False,False,False,False,False,False,False,False,False,False,False,False,False,False,False,False,True,False,False,False,False,False,False,False,False,False,False,False,False,True,False,False,False,False,True,False,True,False
d_1155,125,2014-03-28,11408,7,3,2014,0,1,0,81.0,160.0,3.0,119.85714285714286,95.5,49.87794626695715,False,False,False,False,False,False,False,False,False,False,False,False,False,False,False,False,False,False,False,False,False,False,False,False,True,False,False,False,False,False,False,False,False,False,False,False,False,True,False,False,False,False,True,False,True,False
d_1156,159,2014-03-29,11409,1,3,2014,0,1,1,125.0,195.0,7.0,114.85714285714286,99.85714285714286,46.845236582561235,False,True,False,False,False,False,False,False,False,False,False,False,False,False,False,False,False,False,False,False,False,False,False,False,True,False,False,False,False,False,False,False,False,False,False,False,False,True,False,False,False,False,True,False,True,False
d_1157,145,2014-03-30,11409,2,3,2014,0,1,1,159.0,150.0,2.0,109.71428571428571,105.28571428571429,37.655076177119945,False,False,True,False,False,False,False,False,False,False,False,False,False,False,False,False,False,False,False,False,False,False,False,False,True,False,False,False,False,False,False,False,False,False,False,False,False,True,False,False,False,False,True,False,True,False
d_1158,78,2014-03-31,11409,3,3,2014,0,1,0,145.0,106.0,2.0,109.0,110.39285714285714,36.8012680940926,True,False,False,False,False,False,False,False,False,False,False,False,False,False,False,False,False,False,False,False,False,False,False,False,True,False,False,False,False,False,False,False,False,False,False,False,False,True,False,False,False,False,True,False,True,False
d_1159,86,2014-04-01,11409,4,4,2014,1,2,0,78.0,54.0,12.0,105.0,113.10714285714286,38.65660788705185,False,False,False,False,True,False,False,False,False,False,False,False,False,False,False,False,False,False,False,False,False,False,False,False,True,False,False,False,False,False,False,False,False,False,False,False,False,True,False,False,False,False,True,False,True,False
d_1160,106,2014-04-02,11409,5,4,2014,1,2,0,86.0,93.0,0.0,109.57142857142857,115.75,33.115238903245015,False,False,False,False,False,True,False,False,False,False,False,False,False,False,False,False,False,False,False,False,False,False,False,False,True,False,False,False,False,False,False,False,False,False,False,False,False,True,False,False,False,False,True,False,True,False
d_1161,112,2014-04-03,11409,6,4,2014,1,2,0,106.0,81.0,0.0,111.42857142857143,119.53571428571429,32.38753434505821,False,False,False,True,False,False,False,False,False,False,False,False,False,False,False,False,False,False,False,False,False,False,False,False,True,False,False,False,False,False,False,False,False,False,False,False,False,True,False,False,False,False,True,False,True,False
d_1162,177,2014-04-04,11409,7,4,2014,1,2,0,112.0,125.0,5.0,115.85714285714286,123.53571428571429,29.526420775459158,False,False,False,False,False,False,False,False,False,False,False,False,False,False,False,False,False,False,False,False,False,False,False,False,True,False,False,False,False,False,False,False,False,False,False,False,False,True,False,False,False,False,True,False,True,False
d_1163,217,2014-04-05,11410,1,4,2014,1,2,1,177.0,159.0,0.0,123.28571428571429,129.67857142857142,37.637367450067075,False,True,False,False,False,False,False,False,False,False,False,False,False,False,False,False,False,False,False,False,False,False,False,False,True,False,False,False,False,False,False,False,False,False,False,False,False,True,False,False,False,False,True,False,True,False
d_1164,116,2014-04-06,11410,2,4,2014,1,2,1,217.0,145.0,376.0,131.57142857142858,137.42857142857142,50.86864503423484,False,False,True,False,False,False,False,False,False,False,False,False,False,False,False,False,False,False,False,False,False,False,False,False,True,False,False,False,False,False,False,False,False,False,False,False,False,True,False,False,False,False,True,False,True,False
d_1165,98,2014-04-07,11410,3,4,2014,1,2,0,116.0,78.0,200.0,127.42857142857143,128.14285714285714,50.77354016564454,True,False,False,False,False,False,False,False,False,False,False,False,False,False,False,False,False,False,False,False,False,False,False,False,True,False,False,False,False,False,False,False,False,False,False,False,False,True,False,False,False,False,True,False,True,False
d_1166,168,2014-04-08,11410,4,4,2014,1,2,0,98.0,86.0,114.0,130.28571428571428,124.5,48.01636625746856,False,False,False,False,True,False,False,False,False,False,False,False,False,False,False,False,False,False,False,False,False,False,False,False,True,False,False,False,False,False,False,False,False,False,False,False,False,True,False,False,False,False,True,False,True,False
d_1167,142,2014-04-09,11410,5,4,2014,1,2,0,168.0,106.0,112.0,142.0,126.42857142857143,45.33946037026245,False,False,False,False,False,True,False,False,False,False,False,False,False,False,False,False,False,False,False,False,False,False,False,False,True,False,False,False,False,False,False,False,False,False,False,False,False,True,False,False,False,False,True,False,True,False
d_1168,140,2014-04-10,11410,6,4,2014,1,2,0,142.0,112.0,121.0,147.14285714285714,127.5,42.53010138489508,False,False,False,True,False,False,False,False,False,False,False,False,False,False,False,False,False,False,False,False,False,False,False,False,True,False,False,False,False,False,False,False,False,False,False,False,False,True,False,False,False,False,True,False,True,False
d_1169,162,2014-04-11,11410,7,4,2014,0,2,0,140.0,177.0,116.0,151.14285714285714,128.17857142857142,39.910017837749116,False,False,False,False,False,False,False,False,False,False,False,False,False,False,False,False,False,False,False,False,False,False,False,False,True,False,False,False,False,False,False,False,False,False,False,False,False,True,False,False,False,False,True,False,True,False
d_1170,200,2014-04-12,11411,1,4,2014,0,2,1,162.0,217.0,154.0,149.0,129.82142857142858,38.673849907483955,False,True,False,False,False,False,False,False,False,False,False,False,False,False,False,False,False,False,False,False,False,False,False,False,True,False,False,False,False,False,False,False,False,False,False,False,False,True,False,False,False,False,True,False,True,False
d_1171,136,2014-04-13,11411,2,4,2014,0,2,1,200.0,116.0,188.0,146.57142857142858,131.46428571428572,33.93551307434409,False,False,True,False,False,False,False,False,False,False,False,False,False,False,False,False,False,False,False,False,False,False,False,False,True,False,False,False,False,False,False,False,False,False,False,False,False,True,False,False,False,False,True,False,True,False
d_1172,75,2014-04-14,11411,3,4,2014,0,2,0,136.0,98.0,121.0,149.42857142857142,129.60714285714286,31.700983911423176,True,False,False,False,False,False,False,False,False,False,False,False,False,False,False,False,False,False,False,False,False,False,False,False,True,False,False,False,False,False,False,False,False,False,False,False,False,True,False,False,False,False,True,False,True,False
d_1173,120,2014-04-15,11411,4,4,2014,0,2,0,75.0,168.0,88.0,146.14285714285714,127.96428571428571,38.403248870498636,False,False,False,False,True,False,False,False,False,False,False,False,False,False,False,False,False,False,False,False,False,False,False,False,True,False,False,False,False,False,False,False,False,False,False,False,False,True,False,False,False,False,True,False,True,False
d_1174,118,2014-04-16,11411,5,4,2014,0,2,0,120.0,142.0,87.0,139.28571428571428,129.10714285714286,38.13447384241755,False,False,False,False,False,True,False,False,False,False,False,False,False,False,False,False,False,False,False,False,False,False,False,False,True,False,False,False,False,False,False,False,False,False,False,False,False,True,False,False,False,False,True,False,True,False
d_1175,93,2014-04-17,11411,6,4,2014,0,2,0,118.0,140.0,127.0,135.85714285714286,130.21428571428572,38.92055400183119,False,False,False,True,False,False,False,False,False,False,False,False,False,False,False,False,False,False,False,False,False,False,False,False,True,False,False,False,False,False,False,False,False,False,False,False,False,True,False,False,False,False,True,False,True,False
d_1176,120,2014-04-18,11411,7,4,2014,0,2,0,93.0,162.0,160.0,129.14285714285714,129.0,42.01757002107721,False,False,False,False,False,False,False,False,False,False,False,False,False,False,False,False,False,False,False,False,False,False,False,False,True,False,False,False,False,False,False,False,False,False,False,False,False,True,False,False,False,False,True,False,True,False
d_1177,243,2014-04-19,11412,1,4,2014,0,2,1,120.0,200.0,195.0,123.14285714285714,127.57142857142857,39.46487286785716,False,True,False,False,False,False,False,False,False,False,False,False,False,False,False,False,False,False,False,False,False,False,False,False,True,False,False,False,False,False,False,False,False,False,False,False,False,True,False,False,False,False,True,False,True,False
d_1178,245,2014-04-20,11412,2,4,2014,0,2,1,243.0,136.0,150.0,129.28571428571428,129.28571428571428,54.06697786299907,False,False,True,False,False,False,False,False,False,True,False,False,False,False,False,False,False,False,False,False,False,False,False,False,False,False,False,False,False,False,False,False,False,False,False,False,False,False,False,False,False,False,False,True,False,True
d_1179,80,2014-04-21,11412,3,4,2014,0,2,0,245.0,75.0,106.0,144.85714285714286,132.67857142857142,69.74579693770889,True,False,False,False,False,False,False,False,False,False,False,False,False,False,False,False,False,False,False,False,False,False,False,False,True,False,False,False,False,False,False,False,False,False,False,False,False,True,False,False,False,False,True,False,True,False
d_1180,84,2014-04-22,11412,4,4,2014,0,2,0,80.0,120.0,54.0,145.57142857142858,131.75,68.93198856567956,False,False,False,False,True,False,False,False,False,False,False,False,False,False,False,False,False,False,False,False,False,False,False,False,False,False,False,True,False,False,False,False,False,False,False,False,False,False,True,False,False,False,True,False,True,False
d_1181,130,2014-04-23,11412,5,4,2014,0,2,0,84.0,118.0,93.0,140.42857142857142,132.82142857142858,72.41283758850346,False,False,False,False,False,True,False,False,False,False,False,False,False,False,False,False,False,False,False,False,False,False,False,False,True,False,False,False,False,False,False,False,False,False,False,False,False,True,False,False,False,False,True,False,True,False
d_1182,120,2014-04-24,11412,6,4,2014,0,2,0,130.0,93.0,81.0,142.14285714285714,134.14285714285714,71.93383202969325,False,False,False,True,False,False,False,False,False,False,False,False,False,False,False,False,False,False,False,False,False,False,False,False,True,False,False,False,False,False,False,False,False,False,False,False,False,True,False,False,False,False,True,False,True,False
d_1183,94,2014-04-25,11412,7,4,2014,0,2,0,120.0,120.0,125.0,146.0,135.53571428571428,69.54375121700916,False,False,False,False,False,False,False,False,False,False,False,False,False,False,False,False,False,False,False,False,False,False,False,False,True,False,False,False,False,False,False,False,False,False,False,False,False,True,False,False,False,False,True,False,True,False
d_1184,216,2014-04-26,11413,1,4,2014,0,2,1,94.0,243.0,159.0,142.28571428571428,134.42857142857142,71.82087506594463,False,True,False,False,False,False,False,False,False,False,False,False,False,False,False,False,False,False,False,False,False,False,False,False,True,False,False,False,False,False,False,False,False,False,False,False,False,True,False,False,False,False,True,False,True,False
d_1185,153,2014-04-27,11413,2,4,2014,0,2,1,216.0,245.0,145.0,138.42857142857142,136.46428571428572,65.99963924865283,False,False,True,False,False,False,False,False,False,False,False,False,False,False,False,False,False,False,False,False,False,False,False,False,True,False,False,False,False,False,False,False,False,False,False,False,False,True,False,False,False,False,True,False,True,False
d_1186,176,2014-04-28,11413,3,4,2014,0,2,0,153.0,80.0,78.0,125.28571428571429,136.75,47.9260342810116,True,False,False,False,False,False,False,False,False,False,False,False,False,False,False,False,False,False,False,False,False,False,False,False,True,False,False,False,False,False,False,False,False,False,False,False,False,True,False,False,False,False,True,False,True,False
d_1187,86,2014-04-29,11413,4,4,2014,0,2,0,176.0,84.0,86.0,139.0,140.25,46.522396040329504,False,False,False,False,True,False,False,False,False,False,False,False,False,False,False,False,False,False,False,False,False,False,False,False,True,False,False,False,False,False,False,False,False,False,False,False,False,True,False,False,False,False,True,False,True,False
d_1188,134,2014-04-30,11413,5,4,2014,0,2,0,86.0,130.0,106.0,139.28571428571428,140.25,46.132830990933435,False,False,False,False,False,True,False,False,False,False,False,False,False,False,False,False,False,False,False,False,False,False,False,False,True,False,False,False,False,False,False,False,False,False,False,False,False,True,False,False,False,False,True,False,True,False
d_1189,141,2014-05-01,11413,6,5,2014,1,2,0,134.0,120.0,112.0,139.85714285714286,141.25,46.02328603156005,False,False,False,True,False,False,False,False,False,False,False,False,False,False,False,False,False,False,False,False,False,False,False,False,True,False,False,False,False,False,False,False,False,False,False,False,False,True,False,False,False,False,True,False,True,False
d_1190,205,2014-05-02,11413,7,5,2014,1,2,0,141.0,94.0,177.0,142.85714285714286,142.28571428571428,45.19007476363354,False,False,False,False,False,False,False,False,False,False,False,False,False,False,False,False,False,False,False,False,False,False,False,False,True,False,False,False,False,False,False,False,False,False,False,False,False,True,False,False,False,False,True,False,True,False
d_1191,160,2014-05-03,11414,1,5,2014,1,2,1,205.0,216.0,217.0,158.71428571428572,143.28571428571428,44.66062503561001,False,True,False,False,False,False,False,False,False,False,False,False,False,False,False,False,False,False,False,False,False,False,False,False,True,False,False,False,False,False,False,False,False,False,False,False,False,True,False,False,False,False,True,False,True,False
d_1192,114,2014-05-04,11414,2,5,2014,1,2,1,160.0,153.0,116.0,150.71428571428572,141.25,37.05722730100061,False,False,True,False,False,False,False,False,False,False,False,False,False,False,False,False,False,False,False,False,False,False,False,False,True,False,False,False,False,False,False,False,False,False,False,False,False,True,False,False,False,False,True,False,True,False
d_1193,143,2014-05-05,11414,3,5,2014,1,2,0,114.0,176.0,98.0,145.14285714285714,141.17857142857142,39.507081945006455,True,False,False,False,False,False,False,True,False,False,False,False,False,False,False,False,False,False,False,False,False,False,False,False,False,False,False,False,False,False,False,False,False,False,False,False,False,False,False,False,False,False,True,False,True,False
d_1194,92,2014-05-06,11414,4,5,2014,1,2,0,143.0,86.0,168.0,140.42857142857142,142.78571428571428,37.10730899637312,False,False,False,False,True,False,False,False,False,False,False,False,False,False,False,False,False,False,False,False,False,False,False,False,True,False,False,False,False,False,False,False,False,False,False,False,False,True,False,False,False,False,True,False,True,False
d_1195,69,2014-05-07,11414,5,5,2014,1,2,0,92.0,134.0,142.0,141.28571428571428,140.07142857142858,35.682462012002865,False,False,False,False,False,True,False,False,False,False,False,False,False,False,False,False,False,False,False,False,False,False,False,False,True,False,False,False,False,False,False,False,False,False,False,False,False,True,False,False,False,False,True,False,True,False
d_1196,112,2014-05-08,11414,6,5,2014,1,2,0,69.0,141.0,140.0,132.0,137.46428571428572,45.10727953076535,False,False,False,True,False,False,False,False,False,False,False,False,False,False,False,False,False,False,False,False,False,False,False,False,True,False,False,False,False,False,False,False,False,False,False,False,False,True,False,False,False,False,True,False,True,False
d_1197,192,2014-05-09,11414,7,5,2014,1,2,0,112.0,205.0,162.0,127.85714285714286,136.46428571428572,45.47317367206143,False,False,False,False,False,False,False,False,False,False,False,False,False,False,False,False,False,False,False,False,False,False,False,False,True,False,False,False,False,False,False,False,False,False,False,False,False,True,False,False,False,False,True,False,True,False
d_1198,226,2014-05-10,11415,1,5,2014,1,2,1,192.0,160.0,200.0,126.0,137.53571428571428,41.92453537806477,False,True,False,False,False,False,False,False,False,False,False,False,False,False,False,False,False,False,False,False,False,False,False,False,True,False,False,False,False,False,False,False,False,False,False,False,False,True,False,False,False,False,True,False,True,False
d_1199,162,2014-05-11,11415,2,5,2014,0,2,1,226.0,114.0,136.0,135.42857142857142,138.46428571428572,55.928100101400865,False,False,True,False,False,False,False,False,False,False,False,False,False,False,False,False,False,False,False,False,True,False,False,False,False,False,False,False,False,False,False,False,False,False,False,False,False,False,False,False,False,False,True,False,True,False
d_1200,123,2014-05-12,11415,3,5,2014,0,2,0,162.0,143.0,75.0,142.28571428571428,139.39285714285714,55.80535901898695,True,False,False,False,False,False,False,False,False,False,False,False,False,False,False,False,False,False,False,False,False,False,False,False,True,False,False,False,False,False,False,False,False,False,False,False,False,True,False,False,False,False,True,False,True,False
d_1201,2,2014-05-13,11415,4,5,2014,0,2,0,123.0,92.0,120.0,139.42857142857142,141.10714285714286,56.272720279181286,False,False,False,False,True,False,False,False,False,False,False,False,False,False,False,False,False,False,False,False,False,False,False,False,True,False,False,False,False,False,False,False,False,False,False,False,False,True,False,False,False,False,True,False,True,False
d_1202,0,2014-05-14,11415,5,5,2014,0,2,0,2.0,69.0,118.0,126.57142857142857,136.89285714285714,75.80645782266168,False,False,False,False,False,True,False,False,False,False,False,False,False,False,False,False,False,False,False,False,False,False,False,False,True,False,False,False,False,False,False,False,False,False,False,False,False,True,False,False,False,False,True,False,True,False
d_1203,0,2014-05-15,11415,6,5,2014,0,2,0,0.0,112.0,93.0,116.71428571428571,132.67857142857142,88.03922286063583,False,False,False,True,False,False,False,False,False,False,False,False,False,False,False,False,False,False,False,False,False,False,False,False,True,False,False,False,False,False,False,False,False,False,False,False,False,True,False,False,False,False,True,False,True,False
d_1204,0,2014-05-16,11415,7,5,2014,0,2,0,0.0,192.0,120.0,100.71428571428571,129.35714285714286,98.58450568879832,False,False,False,False,False,False,False,False,False,False,False,False,False,False,False,False,False,False,False,False,False,False,False,False,True,False,False,False,False,False,False,False,False,False,False,False,False,True,False,False,False,False,True,False,True,False
d_1205,28,2014-05-17,11416,1,5,2014,0,2,1,0.0,226.0,243.0,73.28571428571429,125.07142857142857,95.6185377523873,False,True,False,False,False,False,False,False,False,False,False,False,False,False,False,False,False,False,False,False,False,False,False,False,True,False,False,False,False,False,False,False,False,False,False,False,False,True,False,False,False,False,True,False,True,False
d_1206,2,2014-05-18,11416,2,5,2014,0,2,1,28.0,162.0,245.0,45.0,117.39285714285714,68.29592471980517,False,False,True,False,False,False,False,False,False,False,False,False,False,False,False,False,False,False,False,False,False,False,False,False,True,False,False,False,False,False,False,False,False,False,False,False,False,True,False,False,False,False,True,False,True,False
d_1207,8,2014-05-19,11416,3,5,2014,0,2,0,2.0,123.0,80.0,22.142857142857142,108.71428571428571,45.623197942232835,True,False,False,False,False,False,False,False,False,False,False,False,False,False,False,False,False,False,False,False,False,False,False,False,True,False,False,False,False,False,False,False,False,False,False,False,False,True,False,False,False,False,True,False,True,False
d_1208,0,2014-05-20,11416,4,5,2014,0,2,0,8.0,2.0,84.0,5.714285714285714,106.14285714285714,10.226017238954826,False,False,False,False,True,False,False,False,False,False,False,False,False,False,False,False,False,False,False,False,False,False,False,False,True,False,False,False,False,False,False,False,False,False,False,False,False,True,False,False,False,False,True,False,True,False
d_1209,0,2014-05-21,11416,5,5,2014,0,2,0,0.0,0.0,130.0,5.428571428571429,103.14285714285714,10.373960074099978,False,False,False,False,False,True,False,False,False,False,False,False,False,False,False,False,False,False,False,False,False,False,False,False,True,False,False,False,False,False,False,False,False,False,False,False,False,True,False,False,False,False,True,False,True,False
d_1210,2,2014-05-22,11416,6,5,2014,0,2,0,0.0,0.0,120.0,5.428571428571429,98.5,10.373960074099978,False,False,False,True,False,False,False,False,False,False,False,False,False,False,False,False,False,False,False,False,False,False,False,False,True,False,False,False,False,False,False,False,False,False,False,False,False,True,False,False,False,False,True,False,True,False
d_1211,9,2014-05-23,11416,7,5,2014,0,2,0,2.0,0.0,94.0,5.714285714285714,94.28571428571429,10.226017238954826,False,False,False,False,False,False,False,False,False,False,False,False,False,False,False,False,False,False,False,False,False,False,False,False,True,False,False,False,False,False,False,False,False,False,False,False,False,True,False,False,False,False,True,False,True,False
d_1212,3,2014-05-24,11417,1,5,2014,0,2,1,9.0,28.0,216.0,7.0,91.25,9.94987437106481,False,True,False,False,False,False,False,False,False,False,False,False,False,False,False,False,False,False,False,False,False,False,False,False,True,False,False,False,False,False,False,False,False,False,False,False,False,True,False,False,False,False,True,False,True,False
d_1213,43,2014-05-25,11417,2,5,2014,0,2,1,3.0,2.0,153.0,3.4285714285714284,83.64285714285714,3.644957377760081,False,False,True,False,False,False,False,False,False,False,False,False,False,False,False,False,False,False,False,False,False,False,False,False,True,False,False,False,False,False,False,False,False,False,False,False,False,True,False,False,False,False,True,False,True,False
d_1214,0,2014-05-26,11417,3,5,2014,0,2,0,43.0,8.0,176.0,9.285714285714286,79.71428571428571,15.293945269443514,True,False,False,False,False,False,False,False,False,False,False,False,False,False,False,False,False,False,False,True,False,False,False,False,False,False,False,False,False,False,False,False,False,False,False,False,True,False,False,False,False,False,True,False,True,False
d_1215,3,2014-05-27,11417,4,5,2014,0,2,0,0.0,0.0,86.0,8.142857142857142,73.42857142857143,15.699560200087216,False,False,False,False,True,False,False,False,False,False,False,False,False,False,False,False,False,False,False,False,False,False,False,False,True,False,False,False,False,False,False,False,False,False,False,False,False,True,False,False,False,False,True,False,True,False
d_1216,5,2014-05-28,11417,5,5,2014,0,2,0,3.0,0.0,134.0,8.571428571428571,70.46428571428571,15.479633316684849,False,False,False,False,False,True,False,False,False,False,False,False,False,False,False,False,False,False,False,False,False,False,False,False,True,False,False,False,False,False,False,False,False,False,False,False,False,True,False,False,False,False,True,False,True,False
d_1217,9,2014-05-29,11417,6,5,2014,0,2,0,5.0,2.0,141.0,9.285714285714286,65.85714285714286,15.129598867938757,False,False,False,True,False,False,False,False,False,False,False,False,False,False,False,False,False,False,False,False,False,False,False,False,True,False,False,False,False,False,False,False,False,False,False,False,False,True,False,False,False,False,True,False,True,False
d_1218,5,2014-05-30,11417,7,5,2014,0,2,0,9.0,9.0,205.0,10.285714285714286,61.142857142857146,14.795430439995092,False,False,False,False,False,False,False,False,False,False,False,False,False,False,False,False,False,False,False,False,False,False,False,False,True,False,False,False,False,False,False,False,False,False,False,False,False,True,False,False,False,False,True,False,True,False
d_1219,3,2014-05-31,11418,1,5,2014,0,2,1,5.0,3.0,160.0,9.714285714285714,54.0,14.929995375241532,False,True,False,False,False,False,False,False,False,False,False,False,False,False,False,False,False,False,False,False,False,False,False,False,True,False,False,False,False,False,False,False,False,False,False,False,False,True,False,False,False,False,True,False,True,False
d_1220,2,2014-06-01,11418,2,6,2014,1,2,1,3.0,43.0,114.0,9.714285714285714,48.392857142857146,14.92999537524153,False,False,True,False,False,False,False,False,False,False,False,False,False,False,False,False,False,False,False,False,False,False,False,False,True,False,False,False,False,False,False,False,False,False,False,False,False,True,False,False,False,False,True,False,True,False
d_1221,5,2014-06-02,11418,3,6,2014,1,2,0,2.0,0.0,143.0,3.857142857142857,44.392857142857146,2.8535691936293377,True,False,False,False,False,False,False,False,False,False,False,False,False,False,False,False,False,False,False,False,False,False,False,False,True,False,False,False,False,False,False,False,False,False,False,False,False,True,False,False,False,False,True,False,True,False
d_1222,2,2014-06-03,11418,4,6,2014,1,2,0,5.0,3.0,92.0,4.571428571428571,39.464285714285715,2.2990681341985773,False,False,False,False,True,False,False,False,False,False,False,False,False,False,False,False,False,False,False,False,False,False,False,False,True,False,False,False,False,False,False,False,False,False,False,False,False,True,False,False,False,False,True,False,True,False
d_1223,0,2014-06-04,11418,5,6,2014,1,2,0,2.0,5.0,69.0,4.428571428571429,36.25,2.4397501823658163,False,False,False,False,False,True,False,False,False,False,False,False,False,False,False,False,False,False,False,False,False,False,False,False,True,False,False,False,False,False,False,False,False,False,False,False,False,True,False,False,False,False,True,False,True,False
d_1224,2,2014-06-05,11418,6,6,2014,1,2,0,0.0,9.0,112.0,3.7142857142857144,33.785714285714285,2.9277002188410375,False,False,False,True,False,False,False,False,False,False,False,False,False,False,False,False,False,False,False,False,False,False,True,False,False,False,False,False,False,False,False,False,False,False,False,False,False,False,False,True,False,False,True,False,True,False
d_1225,4,2014-06-06,11418,7,6,2014,1,2,0,2.0,5.0,192.0,2.7142857142857144,29.857142857142858,1.799470821677531,False,False,False,False,False,False,False,False,False,False,False,False,False,False,False,False,False,False,False,False,False,False,False,False,True,False,False,False,False,False,False,False,False,False,False,False,False,True,False,False,False,False,True,False,True,False
d_1226,0,2014-06-07,11419,1,6,2014,1,2,1,4.0,3.0,226.0,2.5714285714285716,23.142857142857142,1.6183471874172213,False,True,False,False,False,False,False,False,False,False,False,False,False,False,False,False,False,False,False,False,False,False,False,False,True,False,False,False,False,False,False,False,False,False,False,False,False,True,False,False,False,False,True,False,True,False
d_1227,0,2014-06-08,11419,2,6,2014,1,2,1,0.0,2.0,162.0,2.142857142857143,15.071428571428571,1.8644544714645648,False,False,True,False,False,False,False,False,False,False,False,False,False,False,False,False,False,False,False,False,False,False,False,False,True,False,False,False,False,False,False,False,False,False,False,False,False,True,False,False,False,False,True,False,True,False
d_1228,0,2014-06-09,11419,3,6,2014,1,2,0,0.0,5.0,123.0,1.8571428571428572,9.285714285714286,2.035400978389997,True,False,False,False,False,False,False,False,False,False,False,False,False,False,False,False,False,False,False,False,False,False,False,False,True,False,False,False,False,False,False,False,False,False,False,False,False,True,False,False,False,False,True,False,True,False
d_1229,0,2014-06-10,11419,4,6,2014,1,2,0,0.0,2.0,2.0,1.1428571428571428,4.892857142857143,1.5735915849306308,False,False,False,False,True,False,False,False,False,False,False,False,False,False,False,False,False,False,False,False,False,False,False,False,True,False,False,False,False,False,False,False,False,False,False,False,False,True,False,False,False,False,True,False,True,False
d_1230,147,2014-06-11,11419,5,6,2014,0,2,0,0.0,0.0,0.0,0.8571428571428571,4.821428571428571,1.5735915849306568,False,False,False,False,False,True,False,False,False,False,False,False,False,False,False,False,False,False,False,False,False,False,False,False,True,False,False,False,False,False,False,False,False,False,False,False,False,True,False,False,False,False,True,False,True,False
d_1231,184,2014-06-12,11419,6,6,2014,0,2,0,147.0,2.0,0.0,21.857142857142858,10.071428571428571,55.20395085930135,False,False,False,True,False,False,False,False,False,False,False,False,False,False,False,False,False,False,False,False,False,False,False,False,True,False,False,False,False,False,False,False,False,False,False,False,False,True,False,False,False,False,True,False,True,False
d_1232,203,2014-06-13,11419,7,6,2014,0,2,0,184.0,4.0,0.0,47.857142857142854,16.642857142857142,81.08519916612086,False,False,False,False,False,False,False,False,False,False,False,False,False,False,False,False,False,False,False,False,False,False,False,False,True,False,False,False,False,False,False,False,False,False,False,False,False,True,False,False,False,False,True,False,True,False
d_1233,203,2014-06-14,11420,1,6,2014,0,2,1,203.0,0.0,28.0,76.28571428571429,23.892857142857142,96.55519023804321,False,True,False,False,False,False,False,False,False,False,False,False,False,False,False,False,False,False,False,False,False,False,False,False,True,False,False,False,False,False,False,False,False,False,False,False,False,True,False,False,False,False,True,False,True,False
d_1234,168,2014-06-15,11420,2,6,2014,0,2,1,203.0,0.0,2.0,105.28571428571429,30.142857142857142,100.23923763629044,False,False,True,False,False,False,False,False,False,False,False,False,False,False,False,False,False,False,False,False,False,True,False,False,False,False,False,False,False,False,False,False,False,False,False,False,False,False,False,True,False,True,False,False,False,False
d_1235,103,2014-06-16,11420,3,6,2014,0,2,0,168.0,0.0,8.0,129.28571428571428,36.07142857142857,90.46493664345707,True,False,False,False,False,False,False,False,False,False,False,False,False,False,False,False,False,False,False,False,False,False,False,False,True,False,False,False,False,False,False,False,False,False,False,False,False,True,False,False,False,False,True,False,True,False
d_1236,110,2014-06-17,11420,4,6,2014,0,2,0,103.0,0.0,0.0,144.0,39.464285714285715,72.53045337419725,False,False,False,False,True,False,False,False,False,False,False,False,False,False,False,False,False,False,False,False,False,False,False,False,True,False,False,False,False,False,False,False,False,False,False,False,False,True,False,False,False,False,True,False,True,False
d_1237,102,2014-06-18,11420,5,6,2014,0,2,0,110.0,147.0,0.0,159.71428571428572,43.392857142857146,41.342932833049304,False,False,False,False,False,True,False,False,False,False,False,False,False,False,False,False,False,False,False,False,False,False,False,False,True,False,False,False,False,False,False,False,False,False,False,False,False,True,False,False,False,False,True,False,True,False
d_1238,110,2014-06-19,11420,6,6,2014,0,2,0,102.0,184.0,2.0,153.28571428571428,47.035714285714285,46.78929466489133,False,False,False,True,False,False,False,False,False,False,False,False,False,False,False,False,False,False,False,False,False,False,False,False,True,False,False,False,False,False,False,False,False,False,False,False,False,True,False,False,False,False,True,False,True,False
d_1239,169,2014-06-20,11420,7,6,2014,0,2,0,110.0,203.0,9.0,142.71428571428572,50.892857142857146,47.05214938666138,False,False,False,False,False,False,False,False,False,False,False,False,False,False,False,False,False,False,False,False,False,False,False,False,True,False,False,False,False,False,False,False,False,False,False,False,False,True,False,False,False,False,True,False,True,False
d_1240,245,2014-06-21,11421,1,6,2014,0,2,1,169.0,203.0,3.0,137.85714285714286,56.607142857142854,41.180207913625964,False,True,False,False,False,False,False,False,False,False,False,False,False,False,False,False,False,False,False,False,False,False,False,False,True,False,False,False,False,False,False,False,False,False,False,False,False,True,False,False,False,False,True,False,True,False
d_1241,126,2014-06-22,11421,2,6,2014,0,2,1,245.0,168.0,43.0,143.85714285714286,65.25,53.477186947421416,False,False,True,False,False,False,False,False,False,False,False,False,False,False,False,False,False,False,False,False,False,False,False,False,True,False,False,False,False,False,False,False,False,False,False,False,False,True,False,False,False,False,True,False,True,False
d_1242,120,2014-06-23,11421,3,6,2014,0,2,0,126.0,103.0,0.0,137.85714285714286,68.21428571428571,52.666968052181076,True,False,False,False,False,False,False,False,False,False,False,False,False,False,False,False,False,False,False,False,False,False,False,False,True,False,False,False,False,False,False,False,False,False,False,False,False,True,False,False,False,False,True,False,True,False
d_1243,103,2014-06-24,11421,4,6,2014,0,2,0,120.0,110.0,3.0,140.28571428571428,72.5,51.16220703381908,False,False,False,False,True,False,False,False,False,False,False,False,False,False,False,False,False,False,False,False,False,False,False,False,True,False,False,False,False,False,False,False,False,False,False,False,False,True,False,False,False,False,True,False,True,False
d_1244,79,2014-06-25,11421,5,6,2014,0,2,0,103.0,102.0,5.0,139.28571428571428,76.07142857142857,51.9156825558331,False,False,False,False,False,True,False,False,False,False,False,False,False,False,False,False,False,False,False,False,False,False,False,False,True,False,False,False,False,False,False,False,False,False,False,False,False,True,False,False,False,False,True,False,True,False
d_1245,149,2014-06-26,11421,6,6,2014,0,2,0,79.0,110.0,9.0,136.0,78.71428571428571,55.28712930390405,False,False,False,True,False,False,False,False,False,False,False,False,False,False,False,False,False,False,False,False,False,False,False,False,True,False,False,False,False,False,False,False,False,False,False,False,False,True,False,False,False,False,True,False,True,False
d_1246,150,2014-06-27,11421,7,6,2014,0,2,0,149.0,169.0,5.0,141.57142857142858,83.71428571428571,54.184429322013884,False,False,False,False,False,False,False,False,False,False,False,False,False,False,False,False,False,False,False,False,False,False,False,False,True,False,False,False,False,False,False,False,False,False,False,False,False,True,False,False,False,False,True,False,True,False
d_1247,195,2014-06-28,11422,1,6,2014,0,2,1,150.0,245.0,3.0,138.85714285714286,88.89285714285714,53.04535346106633,False,True,False,False,False,False,False,False,False,False,False,False,False,False,False,False,False,False,False,False,False,False,False,False,True,False,False,False,False,False,False,False,False,False,False,False,False,True,False,False,False,False,True,False,True,False
d_1248,109,2014-06-29,11422,2,6,2014,0,2,1,195.0,126.0,2.0,131.71428571428572,95.75,37.44201866759728,False,False,True,False,False,False,False,False,False,False,False,False,False,False,False,False,False,False,False,False,False,False,False,False,False,False,False,False,False,False,True,False,False,False,False,False,False,False,True,False,False,False,True,False,True,False
d_1249,88,2014-06-30,11422,3,6,2014,0,2,0,109.0,120.0,5.0,129.28571428571428,99.57142857142857,38.413167385303844,True,False,False,False,False,False,False,False,False,False,False,False,False,False,False,False,False,False,False,False,False,False,False,False,True,False,False,False,False,False,False,False,False,False,False,False,False,True,False,False,False,False,True,False,True,False
d_1250,144,2014-07-01,11422,4,7,2014,1,3,0,88.0,103.0,2.0,124.71428571428571,102.53571428571429,41.483789145938765,False,False,False,False,True,False,False,False,False,False,False,False,False,False,False,False,False,False,False,False,False,False,False,False,True,False,False,False,False,False,False,False,False,False,False,False,False,True,False,False,False,False,True,False,True,False
d_1251,106,2014-07-02,11422,5,7,2014,1,3,0,144.0,79.0,0.0,130.57142857142858,107.60714285714286,40.79565803226682,False,False,False,False,False,True,False,False,False,False,False,False,False,False,False,False,False,False,False,False,False,False,False,False,True,False,False,False,False,False,False,False,False,False,False,False,False,True,False,False,False,False,True,False,True,False
d_1252,207,2014-07-03,11422,6,7,2014,1,3,0,106.0,149.0,2.0,134.42857142857142,111.39285714285714,36.114896016542176,False,False,False,True,False,False,False,False,False,False,False,False,False,False,False,False,False,False,False,False,False,False,False,False,True,False,False,False,False,False,False,False,False,False,False,False,False,True,False,False,False,False,True,False,True,False
d_1253,229,2014-07-04,11422,7,7,2014,1,3,0,207.0,150.0,4.0,142.71428571428572,118.71428571428571,45.45955816515779,False,False,False,False,False,False,False,False,False,False,False,False,False,False,True,False,False,False,False,False,False,False,False,False,False,False,False,False,False,False,False,False,False,False,False,False,True,False,False,False,False,False,True,False,True,False
d_1254,138,2014-07-05,11423,1,7,2014,1,3,1,229.0,195.0,0.0,154.0,126.75,56.124860801608484,False,True,False,False,False,False,False,False,False,False,False,False,False,False,False,False,False,False,False,False,False,False,False,False,True,False,False,False,False,False,False,False,False,False,False,False,False,True,False,False,False,False,True,False,True,False
d_1255,157,2014-07-06,11423,2,7,2014,1,3,1,138.0,109.0,0.0,145.85714285714286,131.67857142857142,53.24605954568648,False,False,True,False,False,False,False,False,False,False,False,False,False,False,False,False,False,False,False,False,False,False,False,False,True,False,False,False,False,False,False,False,False,False,False,False,False,True,False,False,False,False,True,False,True,False
d_1256,107,2014-07-07,11423,3,7,2014,1,3,0,157.0,88.0,0.0,152.71428571428572,137.28571428571428,50.740234809974595,True,False,False,False,False,False,False,False,False,False,False,False,False,False,False,False,False,False,False,False,False,False,False,False,True,False,False,False,False,False,False,False,False,False,False,False,False,True,False,False,False,False,True,False,True,False
d_1257,123,2014-07-08,11423,4,7,2014,1,3,0,107.0,144.0,0.0,155.42857142857142,141.10714285714286,47.077443795151424,False,False,False,False,True,False,False,False,False,False,False,False,False,False,False,False,False,False,False,False,False,False,False,False,True,False,False,False,False,False,False,False,False,False,False,False,False,True,False,False,False,False,True,False,True,False
d_1258,132,2014-07-09,11423,5,7,2014,1,3,0,123.0,106.0,147.0,152.42857142857142,145.5,48.572478980237804,False,False,False,False,False,True,False,False,False,False,False,False,False,False,False,False,False,False,False,False,False,False,False,False,True,False,False,False,False,False,False,False,False,False,False,False,False,True,False,False,False,False,True,False,True,False
d_1259,165,2014-07-10,11423,6,7,2014,1,3,0,132.0,207.0,184.0,156.14285714285714,144.96428571428572,45.31529753268886,False,False,False,True,False,False,False,False,False,False,False,False,False,False,False,False,False,False,False,False,False,False,False,False,True,False,False,False,False,False,False,False,False,False,False,False,False,True,False,False,False,False,True,False,True,False
d_1260,165,2014-07-11,11423,7,7,2014,0,3,0,165.0,229.0,203.0,150.14285714285714,144.28571428571428,39.91836908587475,False,False,False,False,False,False,False,False,False,False,False,False,False,False,False,False,False,False,False,False,False,False,False,False,True,False,False,False,False,False,False,False,False,False,False,False,False,True,False,False,False,False,True,False,True,False
d_1261,181,2014-07-12,11424,1,7,2014,0,3,1,165.0,138.0,203.0,141.0,142.92857142857142,22.278539748674483,False,True,False,False,False,False,False,False,False,False,False,False,False,False,False,False,False,False,False,False,False,False,False,False,True,False,False,False,False,False,False,False,False,False,False,False,False,True,False,False,False,False,True,False,True,False
d_1262,134,2014-07-13,11424,2,7,2014,0,3,1,181.0,157.0,168.0,147.14285714285714,142.14285714285714,26.78574603172595,False,False,True,False,False,False,False,False,False,False,False,False,False,False,False,False,False,False,False,False,False,False,False,False,True,False,False,False,False,False,False,False,False,False,False,False,False,True,False,False,False,False,True,False,True,False
d_1263,103,2014-07-14,11424,3,7,2014,0,3,0,134.0,107.0,103.0,143.85714285714286,140.92857142857142,26.785746031725985,True,False,False,False,False,False,False,False,False,False,False,False,False,False,False,False,False,False,False,False,False,False,False,False,True,False,False,False,False,False,False,False,False,False,False,False,False,True,False,False,False,False,True,False,True,False
d_1264,129,2014-07-15,11424,4,7,2014,0,3,0,103.0,123.0,110.0,143.28571428571428,140.92857142857142,27.72913200777652,False,False,False,False,True,False,False,False,False,False,False,False,False,False,False,False,False,False,False,False,False,False,False,False,True,False,False,False,False,False,False,False,False,False,False,False,False,True,False,False,False,False,True,False,True,False
d_1265,111,2014-07-16,11424,5,7,2014,0,3,0,129.0,132.0,102.0,144.14285714285714,141.60714285714286,27.082765561813,False,False,False,False,False,True,False,False,False,False,False,False,False,False,False,False,False,False,False,False,False,False,False,False,True,False,False,False,False,False,False,False,False,False,False,False,False,True,False,False,False,False,True,False,True,False
d_1266,113,2014-07-17,11424,6,7,2014,0,3,0,111.0,165.0,110.0,141.14285714285714,141.92857142857142,29.689664708044887,False,False,False,True,False,False,False,False,False,False,False,False,False,False,False,False,False,False,False,False,False,False,False,False,True,False,False,False,False,False,False,False,False,False,False,False,False,True,False,False,False,False,True,False,True,False
d_1267,226,2014-07-18,11424,7,7,2014,0,3,0,113.0,165.0,169.0,133.71428571428572,142.03571428571428,29.227351834164438,False,False,False,False,False,False,False,False,False,False,False,False,False,False,False,False,False,False,False,False,False,False,False,False,True,False,False,False,False,False,False,False,False,False,False,False,False,True,False,False,False,False,True,False,True,False
d_1268,276,2014-07-19,11425,1,7,2014,0,3,1,226.0,181.0,245.0,142.42857142857142,144.07142857142858,44.966124815824585,False,True,False,False,False,False,False,False,False,False,False,False,False,False,False,False,False,False,False,False,False,False,False,False,True,False,False,False,False,False,False,False,False,False,False,False,False,True,False,False,False,False,True,False,True,False
d_1269,115,2014-07-20,11425,2,7,2014,0,3,1,276.0,134.0,126.0,156.0,145.17857142857142,67.32508200267263,False,False,True,False,False,False,False,False,False,False,False,False,False,False,False,False,False,False,False,False,False,False,False,False,True,False,False,False,False,False,False,False,False,False,False,False,False,True,False,False,False,False,True,False,True,False
d_1270,114,2014-07-21,11425,3,7,2014,0,3,0,115.0,103.0,120.0,153.28571428571428,144.78571428571428,68.72824331067511,True,False,False,False,False,False,False,False,False,False,False,False,False,False,False,False,False,False,False,False,False,False,False,False,True,False,False,False,False,False,False,False,False,False,False,False,False,True,False,False,False,False,True,False,True,False
d_1271,106,2014-07-22,11425,4,7,2014,0,3,0,114.0,129.0,103.0,154.85714285714286,144.57142857142858,67.50167546421436,False,False,False,False,True,False,False,False,False,False,False,False,False,False,False,False,False,False,False,False,False,False,False,False,True,False,False,False,False,False,False,False,False,False,False,False,False,True,False,False,False,False,True,False,True,False
d_1272,76,2014-07-23,11425,5,7,2014,0,3,0,106.0,111.0,79.0,151.57142857142858,144.67857142857142,69.50025693683185,False,False,False,False,False,True,False,False,False,False,False,False,False,False,False,False,False,False,False,False,False,False,False,False,True,False,False,False,False,False,False,False,False,False,False,False,False,True,False,False,False,False,True,False,True,False
d_1273,114,2014-07-24,11425,6,7,2014,0,3,0,76.0,113.0,149.0,146.57142857142858,144.57142857142858,74.01769415226997,False,False,False,True,False,False,False,False,False,False,False,False,False,False,False,False,False,False,False,False,False,False,False,False,True,False,False,False,False,False,False,False,False,False,False,False,False,True,False,False,False,False,True,False,True,False
d_1274,172,2014-07-25,11425,7,7,2014,0,3,0,114.0,226.0,150.0,146.71428571428572,143.32142857142858,73.9430282621111,False,False,False,False,False,False,False,False,False,False,False,False,False,False,False,False,False,False,False,False,False,False,False,False,True,False,False,False,False,False,False,False,False,False,False,False,False,True,False,False,False,False,True,False,True,False
d_1275,165,2014-07-26,11426,1,7,2014,0,3,1,172.0,276.0,195.0,139.0,144.10714285714286,66.7607669218976,False,True,False,False,False,False,False,False,False,False,False,False,False,False,False,False,False,False,False,False,False,False,False,False,True,False,False,False,False,False,False,False,False,False,False,False,False,True,False,False,False,False,True,False,True,False
d_1276,152,2014-07-27,11426,2,7,2014,0,3,1,165.0,115.0,109.0,123.14285714285714,143.03571428571428,33.88425677424257,False,False,True,False,False,False,False,False,False,False,False,False,False,False,False,False,False,False,False,False,False,False,False,False,True,False,False,False,False,False,False,False,False,False,False,False,False,True,False,False,False,False,True,False,True,False
d_1277,106,2014-07-28,11426,3,7,2014,0,3,0,152.0,114.0,88.0,128.42857142857142,144.57142857142858,35.26025686641629,True,False,False,False,False,False,False,False,False,False,False,False,False,False,False,False,False,False,False,False,False,False,False,False,True,False,False,False,False,False,False,False,False,False,False,False,False,True,False,False,False,False,True,False,True,False
d_1278,98,2014-07-29,11426,4,7,2014,0,3,0,106.0,106.0,144.0,127.28571428571429,145.21428571428572,35.92916311166607,False,False,False,False,True,False,False,False,False,False,True,False,False,False,False,False,False,False,False,False,False,False,False,False,False,False,False,False,False,False,False,False,False,False,False,False,False,False,True,False,False,False,True,False,True,False
d_1279,120,2014-07-30,11426,5,7,2014,0,3,0,98.0,76.0,106.0,126.14285714285714,143.57142857142858,36.834895463533876,False,False,False,False,False,True,False,False,False,False,False,False,False,False,False,False,False,False,False,False,False,False,False,False,True,False,False,False,False,False,False,False,False,False,False,False,False,True,False,False,False,False,True,False,True,False
d_1280,119,2014-07-31,11426,6,7,2014,0,3,0,120.0,114.0,207.0,132.42857142857142,144.07142857142858,29.96585358290869,False,False,False,True,False,False,False,False,False,False,False,False,False,False,False,False,False,False,False,False,False,False,False,False,True,False,False,False,False,False,False,False,False,False,False,False,False,True,False,False,False,False,True,False,True,False
d_1281,182,2014-08-01,11426,7,8,2014,1,3,0,119.0,172.0,229.0,133.14285714285714,140.92857142857142,29.509481930550116,False,False,False,False,False,False,False,False,False,False,False,False,False,False,False,False,False,False,False,False,False,False,False,False,True,False,False,False,False,False,False,False,False,False,False,False,False,True,False,False,False,False,True,False,True,False
d_1282,174,2014-08-02,11427,1,8,2014,1,3,1,182.0,165.0,138.0,134.57142857142858,139.25,31.853085370478425,False,True,False,False,False,False,False,False,False,False,False,False,False,False,False,False,False,False,False,False,False,False,False,False,True,False,False,False,False,False,False,False,False,False,False,False,False,True,False,False,False,False,True,False,True,False
d_1283,164,2014-08-03,11427,2,8,2014,1,3,1,174.0,152.0,157.0,135.85714285714286,140.53571428571428,33.4286731785174,False,False,True,False,False,False,False,False,False,False,False,False,False,False,False,False,False,False,False,False,False,False,False,False,True,False,False,False,False,False,False,False,False,False,False,False,False,True,False,False,False,False,True,False,True,False
d_1284,91,2014-08-04,11427,3,8,2014,1,3,0,164.0,106.0,107.0,137.57142857142858,140.78571428571428,34.67879824358082,True,False,False,False,False,False,False,False,False,False,False,False,False,False,False,False,False,False,False,False,False,False,False,False,True,False,False,False,False,False,False,False,False,False,False,False,False,True,False,False,False,False,True,False,True,False
d_1285,152,2014-08-05,11427,4,8,2014,1,3,0,91.0,98.0,123.0,135.42857142857142,140.21428571428572,37.31781139910252,False,False,False,False,True,False,False,False,False,False,False,False,False,False,False,False,False,False,False,False,False,False,False,False,True,False,False,False,False,False,False,False,False,False,False,False,False,True,False,False,False,False,True,False,True,False
d_1286,76,2014-08-06,11427,5,8,2014,1,3,0,152.0,120.0,132.0,143.14285714285714,141.25,33.69682760255219,False,False,False,False,False,True,False,False,False,False,False,False,False,False,False,False,False,False,False,False,False,False,False,False,True,False,False,False,False,False,False,False,False,False,False,False,False,True,False,False,False,False,True,False,True,False
d_1287,94,2014-08-07,11427,6,8,2014,1,3,0,76.0,119.0,165.0,136.85714285714286,139.25,41.85064145835913,False,False,False,True,False,False,False,False,False,False,False,False,False,False,False,False,False,False,False,False,False,False,False,False,True,False,False,False,False,False,False,False,False,False,False,False,False,True,False,False,False,False,True,False,True,False
d_1288,206,2014-08-08,11427,7,8,2014,1,3,0,94.0,182.0,165.0,133.28571428571428,136.71428571428572,44.60461218945154,False,False,False,False,False,False,False,False,False,False,False,False,False,False,False,False,False,False,False,False,False,False,False,False,True,False,False,False,False,False,False,False,False,False,False,False,False,True,False,False,False,False,True,False,True,False
d_1289,174,2014-08-09,11428,1,8,2014,1,3,1,206.0,174.0,181.0,136.71428571428572,138.17857142857142,49.61422607046658,False,True,False,False,False,False,False,False,False,False,False,False,False,False,False,False,False,False,False,False,False,False,False,False,True,False,False,False,False,False,False,False,False,False,False,False,False,True,False,False,False,False,True,False,True,False
d_1290,112,2014-08-10,11428,2,8,2014,1,3,1,174.0,164.0,134.0,136.71428571428572,137.92857142857142,49.61422607046658,False,False,True,False,False,False,False,False,False,False,False,False,False,False,False,False,False,False,False,False,False,False,False,False,True,False,False,False,False,False,False,False,False,False,False,False,False,True,False,False,False,False,True,False,True,False
d_1291,96,2014-08-11,11428,3,8,2014,0,3,0,112.0,91.0,103.0,129.28571428571428,137.14285714285714,48.73299459200824,True,False,False,False,False,False,False,False,False,False,False,False,False,False,False,False,False,False,False,False,False,False,False,False,True,False,False,False,False,False,False,False,False,False,False,False,False,True,False,False,False,False,True,False,True,False
d_1292,99,2014-08-12,11428,4,8,2014,0,3,0,96.0,152.0,129.0,130.0,136.89285714285714,48.110982807115974,False,False,False,False,True,False,False,False,False,False,False,False,False,False,False,False,False,False,False,False,False,False,False,False,True,False,False,False,False,False,False,False,False,False,False,False,False,True,False,False,False,False,True,False,True,False
d_1293,96,2014-08-13,11428,5,8,2014,0,3,0,99.0,76.0,111.0,122.42857142857143,135.82142857142858,48.24194973553268,False,False,False,False,False,True,False,False,False,False,False,False,False,False,False,False,False,False,False,False,False,False,False,False,True,False,False,False,False,False,False,False,False,False,False,False,False,True,False,False,False,False,True,False,True,False
d_1294,115,2014-08-14,11428,6,8,2014,0,3,0,96.0,94.0,113.0,125.28571428571429,135.28571428571428,45.55112250982084,False,False,False,True,False,False,False,False,False,False,False,False,False,False,False,False,False,False,False,False,False,False,False,False,True,False,False,False,False,False,False,False,False,False,False,False,False,True,False,False,False,False,True,False,True,False
d_1295,185,2014-08-15,11428,7,8,2014,0,3,0,115.0,206.0,226.0,128.28571428571428,135.35714285714286,43.805305179906064,False,False,False,False,False,False,False,False,False,False,False,False,False,False,False,False,False,False,False,False,False,False,False,False,True,False,False,False,False,False,False,False,False,False,False,False,False,True,False,False,False,False,True,False,True,False
d_1296,143,2014-08-16,11429,1,8,2014,0,3,1,185.0,174.0,276.0,125.28571428571429,133.89285714285714,37.9197146864887,False,True,False,False,False,False,False,False,False,False,False,False,False,False,False,False,False,False,False,False,False,False,False,False,True,False,False,False,False,False,False,False,False,False,False,False,False,True,False,False,False,False,True,False,True,False
d_1297,147,2014-08-17,11429,2,8,2014,0,3,1,143.0,112.0,115.0,120.85714285714286,129.14285714285714,32.73850216197241,False,False,True,False,False,False,False,False,False,False,False,False,False,False,False,False,False,False,False,False,False,False,False,False,True,False,False,False,False,False,False,False,False,False,False,False,False,True,False,False,False,False,True,False,True,False
d_1298,106,2014-08-18,11429,3,8,2014,0,3,0,147.0,96.0,114.0,125.85714285714286,130.28571428571428,33.81532478738206,True,False,False,False,False,False,False,False,False,False,False,False,False,False,False,False,False,False,False,False,False,False,False,False,True,False,False,False,False,False,False,False,False,False,False,False,False,True,False,False,False,False,True,False,True,False
d_1299,87,2014-08-19,11429,4,8,2014,0,3,0,106.0,99.0,106.0,127.28571428571429,130.0,32.5305717016784,False,False,False,False,True,False,False,False,False,False,False,False,False,False,False,False,False,False,False,False,False,False,False,False,True,False,False,False,False,False,False,False,False,False,False,False,False,True,False,False,False,False,True,False,True,False
d_1300,76,2014-08-20,11429,5,8,2014,0,3,0,87.0,96.0,76.0,125.57142857142857,129.32142857142858,34.52466337203487,False,False,False,False,False,True,False,False,False,False,False,False,False,False,False,False,False,False,False,False,False,False,False,False,True,False,False,False,False,False,False,False,False,False,False,False,False,True,False,False,False,False,True,False,True,False
d_1301,129,2014-08-21,11429,6,8,2014,0,3,0,76.0,115.0,114.0,122.71428571428571,129.32142857142858,38.02943721958086,False,False,False,True,False,False,False,False,False,False,False,False,False,False,False,False,False,False,False,False,False,False,False,False,True,False,False,False,False,False,False,False,False,False,False,False,False,True,False,False,False,False,True,False,True,False
d_1302,198,2014-08-22,11429,7,8,2014,0,3,0,129.0,185.0,172.0,124.71428571428571,129.85714285714286,37.924109682865875,False,False,False,False,False,False,False,False,False,False,False,False,False,False,False,False,False,False,False,False,False,False,False,False,True,False,False,False,False,False,False,False,False,False,False,False,False,True,False,False,False,False,True,False,True,False
d_1303,147,2014-08-23,11430,1,8,2014,0,3,1,198.0,143.0,165.0,126.57142857142857,130.78571428571428,41.5164912729748,False,True,False,False,False,False,False,False,False,False,False,False,False,False,False,False,False,False,False,False,False,False,False,False,True,False,False,False,False,False,False,False,False,False,False,False,False,True,False,False,False,False,True,False,True,False
d_1304,124,2014-08-24,11430,2,8,2014,0,3,1,147.0,147.0,152.0,127.14285714285714,130.14285714285714,41.80681193070656,False,False,True,False,False,False,False,False,False,False,False,False,False,False,False,False,False,False,False,False,False,False,False,False,True,False,False,False,False,False,False,False,False,False,False,False,False,True,False,False,False,False,True,False,True,False
d_1305,116,2014-08-25,11430,3,8,2014,0,3,0,124.0,106.0,106.0,123.85714285714286,129.14285714285714,40.879614200023994,True,False,False,False,False,False,False,False,False,False,False,False,False,False,False,False,False,False,False,False,False,False,False,False,True,False,False,False,False,False,False,False,False,False,False,False,False,True,False,False,False,False,True,False,True,False
d_1306,68,2014-08-26,11430,4,8,2014,0,3,0,116.0,87.0,98.0,125.28571428571429,129.5,40.32250937013602,False,False,False,False,True,False,False,False,False,False,False,False,False,False,False,False,False,False,False,False,False,False,False,False,True,False,False,False,False,False,False,False,False,False,False,False,False,True,False,False,False,False,True,False,True,False
d_1307,82,2014-08-27,11430,5,8,2014,0,3,0,68.0,76.0,120.0,122.57142857142857,128.42857142857142,43.81726122149042,False,False,False,False,False,True,False,False,False,False,False,False,False,False,False,False,False,False,False,False,False,False,False,False,True,False,False,False,False,False,False,False,False,False,False,False,False,True,False,False,False,False,True,False,True,False
d_1308,114,2014-08-28,11430,6,8,2014,0,3,0,82.0,129.0,119.0,123.42857142857143,127.07142857142857,42.80131284145765,False,False,False,True,False,False,False,False,False,False,False,False,False,False,False,False,False,False,False,False,False,False,False,False,True,False,False,False,False,False,False,False,False,False,False,False,False,True,False,False,False,False,True,False,True,False
d_1309,151,2014-08-29,11430,7,8,2014,0,3,0,114.0,198.0,182.0,121.28571428571429,126.89285714285714,42.851348814687775,False,False,False,False,False,False,False,False,False,False,False,False,False,False,False,False,False,False,False,False,False,False,False,False,True,False,False,False,False,False,False,False,False,False,False,False,False,True,False,False,False,False,True,False,True,False
d_1310,216,2014-08-30,11431,1,8,2014,0,3,1,151.0,147.0,174.0,114.57142857142857,125.78571428571429,30.82129752220587,False,True,False,False,False,False,False,False,False,False,False,False,False,False,False,False,False,False,False,False,False,False,False,False,True,False,False,False,False,False,False,False,False,False,False,False,False,True,False,False,False,False,True,False,True,False
d_1311,104,2014-08-31,11431,2,8,2014,0,3,1,216.0,124.0,164.0,124.42857142857143,127.28571428571429,48.743741967070264,False,False,True,False,False,False,False,False,False,False,False,False,False,False,False,False,False,False,False,False,False,False,False,False,True,False,False,False,False,False,False,False,False,False,False,False,False,True,False,False,False,False,True,False,True,False
d_1312,141,2014-09-01,11431,3,9,2014,1,3,0,104.0,116.0,91.0,121.57142857142857,125.14285714285714,49.35536830935748,True,False,False,False,False,False,False,False,False,False,False,False,False,False,False,True,False,False,False,False,False,False,False,False,False,False,False,False,False,False,False,False,False,False,False,False,True,False,False,False,False,False,True,False,True,False
d_1313,135,2014-09-02,11431,4,9,2014,1,3,0,141.0,68.0,152.0,125.14285714285714,126.92857142857143,49.7876442886131,False,False,False,False,True,False,False,False,False,False,False,False,False,False,False,False,False,False,False,False,False,False,False,False,True,False,False,False,False,False,False,False,False,False,False,False,False,True,False,False,False,False,True,False,True,False
d_1314,78,2014-09-03,11431,5,9,2014,1,3,0,135.0,82.0,76.0,134.71428571428572,126.32142857142857,42.940712172770255,False,False,False,False,False,True,False,False,False,False,False,False,False,False,False,False,False,False,False,False,False,False,False,False,True,False,False,False,False,False,False,False,False,False,False,False,False,True,False,False,False,False,True,False,True,False
d_1315,121,2014-09-04,11431,6,9,2014,1,3,0,78.0,114.0,94.0,134.14285714285714,126.39285714285714,43.77757634310205,False,False,False,True,False,False,False,False,False,False,False,False,False,False,False,False,False,False,False,False,False,False,False,False,True,False,False,False,False,False,False,False,False,False,False,False,False,True,False,False,False,False,True,False,True,False
d_1316,179,2014-09-05,11431,7,9,2014,1,3,0,121.0,151.0,206.0,135.14285714285714,127.35714285714286,43.31831241491441,False,False,False,False,False,False,False,False,False,False,False,False,False,False,False,False,False,False,False,False,False,False,False,False,True,False,False,False,False,False,False,False,False,False,False,False,False,True,False,False,False,False,True,False,True,False
d_1317,208,2014-09-06,11432,1,9,2014,1,3,1,179.0,216.0,174.0,139.14285714285714,126.39285714285714,46.222031440387006,False,True,False,False,False,False,False,False,False,False,False,False,False,False,False,False,False,False,False,False,False,False,False,False,True,False,False,False,False,False,False,False,False,False,False,False,False,True,False,False,False,False,True,False,True,False
d_1318,169,2014-09-07,11432,2,9,2014,1,3,1,208.0,104.0,112.0,138.0,127.60714285714286,44.05299838452091,False,False,True,False,False,False,False,False,False,False,False,False,False,False,False,False,False,False,False,False,False,False,False,False,True,False,False,False,False,False,False,False,False,False,False,False,False,True,False,False,False,False,True,False,True,False
d_1319,85,2014-09-08,11432,3,9,2014,1,3,0,169.0,141.0,96.0,147.28571428571428,129.64285714285714,42.515543376174286,True,False,False,False,False,False,False,False,False,False,False,False,False,False,False,False,False,False,False,False,False,False,False,False,True,False,False,False,False,False,False,False,False,False,False,False,False,True,False,False,False,False,True,False,True,False
d_1320,87,2014-09-09,11432,4,9,2014,1,3,0,85.0,135.0,99.0,139.28571428571428,129.25,48.712470291545436,False,False,False,False,True,False,False,False,False,False,False,False,False,False,False,False,False,False,False,False,False,False,False,False,True,False,False,False,False,False,False,False,False,False,False,False,False,True,False,False,False,False,True,False,True,False
d_1321,107,2014-09-10,11432,5,9,2014,1,3,0,87.0,78.0,96.0,132.42857142857142,128.82142857142858,52.636670179818424,False,False,False,False,False,True,False,False,False,False,False,False,False,False,False,False,False,False,False,False,False,False,False,False,True,False,False,False,False,False,False,False,False,False,False,False,False,True,False,False,False,False,True,False,True,False
d_1322,146,2014-09-11,11432,6,9,2014,0,3,0,107.0,121.0,115.0,136.57142857142858,129.21428571428572,48.62734876197739,False,False,False,True,False,False,False,False,False,False,False,False,False,False,False,False,False,False,False,False,False,False,False,False,True,False,False,False,False,False,False,False,False,False,False,False,False,True,False,False,False,False,True,False,True,False
d_1323,268,2014-09-12,11432,7,9,2014,0,3,0,146.0,179.0,185.0,140.14285714285714,130.32142857142858,48.20936482824464,False,False,False,False,False,False,False,False,False,False,False,False,False,False,False,False,False,False,False,False,False,False,False,False,True,False,False,False,False,False,False,False,False,False,False,False,False,True,False,False,False,False,True,False,True,False
d_1324,234,2014-09-13,11433,1,9,2014,0,3,1,268.0,208.0,143.0,152.85714285714286,133.28571428571428,67.88575837741017,False,True,False,False,False,False,False,False,False,False,False,False,False,False,False,False,False,False,False,False,False,False,False,False,True,False,False,False,False,False,False,False,False,False,False,False,False,True,False,False,False,False,True,False,True,False
d_1325,83,2014-09-14,11433,2,9,2014,0,3,1,234.0,169.0,147.0,156.57142857142858,136.53571428571428,71.99272450013476,False,False,True,False,False,False,False,False,False,False,False,False,False,False,False,False,False,False,False,False,False,False,False,False,True,False,False,False,False,False,False,False,False,False,False,False,False,True,False,False,False,False,True,False,True,False
d_1326,117,2014-09-15,11433,3,9,2014,0,3,0,83.0,85.0,106.0,144.28571428571428,134.25,76.70226916615978,True,False,False,False,False,False,False,False,False,False,False,False,False,False,False,False,False,False,False,False,False,False,False,False,True,False,False,False,False,False,False,False,False,False,False,False,False,True,False,False,False,False,True,False,True,False
d_1327,105,2014-09-16,11433,4,9,2014,0,3,0,117.0,87.0,87.0,148.85714285714286,134.64285714285714,73.46524931654955,False,False,False,False,True,False,False,False,False,False,False,False,False,False,False,False,False,False,False,False,False,False,False,False,True,False,False,False,False,False,False,False,False,False,False,False,False,True,False,False,False,False,True,False,True,False
d_1328,149,2014-09-17,11433,5,9,2014,0,3,0,105.0,107.0,76.0,151.42857142857142,135.28571428571428,71.2199811449402,False,False,False,False,False,True,False,False,False,False,False,False,False,False,False,False,False,False,False,False,False,False,False,False,True,False,False,False,False,False,False,False,False,False,False,False,False,True,False,False,False,False,True,False,True,False
d_1329,208,2014-09-18,11433,6,9,2014,0,3,0,149.0,146.0,129.0,157.42857142857142,137.89285714285714,68.57321426246283,False,False,False,True,False,False,False,False,False,False,False,False,False,False,False,False,False,False,False,False,False,False,False,False,True,False,False,False,False,False,False,False,False,False,False,False,False,True,False,False,False,False,True,False,True,False
d_1330,176,2014-09-19,11433,7,9,2014,0,3,0,208.0,268.0,198.0,166.28571428571428,140.71428571428572,70.8183457533287,False,False,False,False,False,False,False,False,False,False,False,False,False,False,False,False,False,False,False,False,False,False,False,False,True,False,False,False,False,False,False,False,False,False,False,False,False,True,False,False,False,False,True,False,True,False
d_1331,291,2014-09-20,11434,1,9,2014,0,3,1,176.0,234.0,147.0,153.14285714285714,139.92857142857142,55.72380870994714,False,True,False,False,False,False,False,False,False,False,False,False,False,False,False,False,False,False,False,False,False,False,False,False,True,False,False,False,False,False,False,False,False,False,False,False,False,True,False,False,False,False,True,False,True,False
d_1332,169,2014-09-21,11434,2,9,2014,0,3,1,291.0,83.0,124.0,161.28571428571428,145.07142857142858,71.45328144019243,False,False,True,False,False,False,False,False,False,False,False,False,False,False,False,False,False,False,False,False,False,False,False,False,True,False,False,False,False,False,False,False,False,False,False,False,False,True,False,False,False,False,True,False,True,False
d_1333,152,2014-09-22,11434,3,9,2014,0,3,0,169.0,117.0,116.0,173.57142857142858,146.67857142857142,62.59354903624087,True,False,False,False,False,False,False,False,False,False,False,False,False,False,False,False,False,False,False,False,False,False,False,False,True,False,False,False,False,False,False,False,False,False,False,False,False,True,False,False,False,False,True,False,True,False
d_1334,139,2014-09-23,11434,4,9,2014,0,3,0,152.0,105.0,68.0,178.57142857142858,147.96428571428572,58.59140193707851,False,False,False,False,True,False,False,False,False,False,False,False,False,False,False,False,False,False,False,False,False,False,False,False,True,False,False,False,False,False,False,False,False,False,False,False,False,True,False,False,False,False,True,False,True,False
d_1335,119,2014-09-24,11434,5,9,2014,0,3,0,139.0,149.0,82.0,183.42857142857142,150.5,52.576474913078926,False,False,False,False,False,True,False,False,False,False,False,False,False,False,False,False,False,False,False,False,False,False,False,False,True,False,False,False,False,False,False,False,False,False,False,False,False,True,False,False,False,False,True,False,True,False
d_1336,93,2014-09-25,11434,6,9,2014,0,3,0,119.0,208.0,114.0,179.14285714285714,151.82142857142858,56.895894905896014,False,False,False,True,False,False,False,False,False,False,False,False,False,False,False,False,False,False,False,False,False,False,False,False,True,False,False,False,False,False,False,False,False,False,False,False,False,True,False,False,False,False,True,False,True,False
d_1337,246,2014-09-26,11434,7,9,2014,0,3,0,93.0,176.0,151.0,162.71428571428572,151.07142857142858,63.405347528722004,False,False,False,False,False,False,False,False,False,False,False,False,False,False,False,False,False,False,False,False,False,False,False,False,True,False,False,False,False,False,False,False,False,False,False,False,False,True,False,False,False,False,True,False,True,False
d_1338,197,2014-09-27,11435,1,9,2014,0,3,1,246.0,291.0,216.0,172.71428571428572,154.46428571428572,70.92417144555168,False,True,False,False,False,False,False,False,False,False,False,False,False,False,False,False,False,False,False,False,False,False,False,False,True,False,False,False,False,False,False,False,False,False,False,False,False,True,False,False,False,False,True,False,True,False
d_1339,130,2014-09-28,11435,2,9,2014,0,3,1,197.0,169.0,104.0,159.28571428571428,153.78571428571428,50.855069513648445,False,False,True,False,False,False,False,False,False,False,False,False,False,False,False,False,False,False,False,False,False,False,False,False,True,False,False,False,False,False,False,False,False,False,False,False,False,True,False,False,False,False,True,False,True,False
d_1340,141,2014-09-29,11435,3,9,2014,0,3,0,130.0,152.0,141.0,153.71428571428572,154.71428571428572,51.74203412350562,True,False,False,False,False,False,False,False,False,False,False,False,False,False,False,False,False,False,False,False,False,False,False,False,True,False,False,False,False,False,False,False,False,False,False,False,False,True,False,False,False,False,True,False,True,False
d_1341,121,2014-09-30,11435,4,9,2014,0,3,0,141.0,139.0,135.0,152.14285714285714,154.71428571428572,51.969313289762155,False,False,False,False,True,False,False,False,False,False,False,False,False,False,False,False,False,False,False,False,False,False,False,False,True,False,False,False,False,False,False,False,False,False,False,False,False,True,False,False,False,False,True,False,True,False
d_1342,111,2014-10-01,11435,5,10,2014,1,4,0,121.0,119.0,78.0,149.57142857142858,154.21428571428572,53.15968755506666,False,False,False,False,False,True,False,False,False,False,False,False,False,False,False,False,False,False,False,False,False,False,False,False,True,False,False,False,False,False,False,False,False,False,False,False,False,True,False,False,False,False,True,False,True,False
d_1343,131,2014-10-02,11435,6,10,2014,1,4,0,111.0,93.0,121.0,148.42857142857142,155.39285714285714,54.00573161821786,False,False,False,True,False,False,False,False,False,False,False,False,False,False,False,False,False,False,False,False,False,False,False,False,True,False,False,False,False,False,False,False,False,False,False,False,False,True,False,False,False,False,True,False,True,False
d_1344,193,2014-10-03,11435,7,10,2014,1,4,0,131.0,246.0,179.0,153.85714285714286,155.75,49.2017227727795,False,False,False,False,False,False,False,False,False,False,False,False,False,False,False,False,False,False,False,False,False,False,False,False,True,False,False,False,False,False,False,False,False,False,False,False,False,True,False,False,False,False,True,False,True,False
d_1345,286,2014-10-04,11436,1,10,2014,1,4,1,193.0,197.0,208.0,146.28571428571428,156.25,34.557750147224944,False,True,False,False,False,False,False,False,False,False,False,True,False,False,False,False,False,False,False,False,False,False,False,False,False,False,False,False,False,False,False,False,False,False,False,False,False,False,True,False,False,False,True,False,True,False
d_1346,233,2014-10-05,11436,2,10,2014,1,4,1,286.0,130.0,169.0,159.0,159.03571428571428,61.88968680913852,False,False,True,False,False,False,False,False,False,False,False,False,False,False,False,False,False,False,False,False,False,False,False,False,True,False,False,False,False,False,False,False,False,False,False,False,False,True,False,False,False,False,True,False,True,False
d_1347,102,2014-10-06,11436,3,10,2014,1,4,0,233.0,141.0,85.0,173.71428571428572,161.32142857142858,65.95633476200754,True,False,False,False,False,False,False,False,False,False,False,False,False,False,False,False,False,False,False,False,False,False,False,False,True,False,False,False,False,False,False,False,False,False,False,False,False,True,False,False,False,False,True,False,True,False
d_1348,123,2014-10-07,11436,4,10,2014,1,4,0,102.0,121.0,87.0,168.14285714285714,161.92857142857142,70.65981548100332,False,False,False,False,True,False,False,False,False,False,False,False,False,False,False,False,False,False,False,False,False,False,False,False,True,False,False,False,False,False,False,False,False,False,False,False,False,True,False,False,False,False,True,False,True,False
d_1349,243,2014-10-08,11436,5,10,2014,1,4,0,123.0,111.0,107.0,168.42857142857142,163.21428571428572,70.44112705623253,False,False,False,False,False,True,False,False,False,False,False,False,False,False,False,False,False,False,False,False,False,False,False,False,True,False,False,False,False,False,False,False,False,False,False,False,False,True,False,False,False,False,True,False,True,False
d_1350,132,2014-10-09,11436,6,10,2014,1,4,0,243.0,131.0,146.0,187.28571428571428,168.07142857142858,70.17291568146499,False,False,False,True,False,False,False,False,False,False,False,False,False,False,False,False,False,False,False,False,False,False,False,False,True,False,False,False,False,False,False,False,False,False,False,False,False,True,False,False,False,False,True,False,True,False
d_1351,254,2014-10-10,11436,7,10,2014,1,4,0,132.0,193.0,268.0,187.42857142857142,167.57142857142858,70.04012455456477,False,False,False,False,False,False,False,False,False,False,False,False,False,False,False,False,False,False,False,False,False,False,False,False,True,False,False,False,False,False,False,False,False,False,False,False,False,True,False,False,False,False,True,False,True,False
d_1352,180,2014-10-11,11437,1,10,2014,0,4,1,254.0,286.0,234.0,196.14285714285714,167.07142857142858,74.50151804142035,False,True,False,False,False,False,False,False,False,False,False,False,False,False,False,False,False,False,False,False,False,False,False,False,True,False,False,False,False,False,False,False,False,False,False,False,False,True,False,False,False,False,True,False,True,False
d_1353,131,2014-10-12,11437,2,10,2014,0,4,1,180.0,233.0,83.0,181.0,165.14285714285714,63.09252464964902,False,False,True,False,False,False,False,False,False,False,False,False,False,False,False,False,False,False,False,False,False,False,False,False,True,False,False,False,False,False,False,False,False,False,False,False,False,True,False,False,False,False,True,False,True,False
d_1354,93,2014-10-13,11437,3,10,2014,0,4,0,131.0,102.0,117.0,166.42857142857142,166.85714285714286,60.819013317812846,True,False,False,False,False,False,False,False,True,False,False,False,False,False,False,False,False,False,False,False,False,False,False,False,False,False,False,False,False,False,False,False,False,False,False,False,True,False,False,False,False,False,True,False,True,False
d_1355,92,2014-10-14,11437,4,10,2014,0,4,0,93.0,123.0,105.0,165.14285714285714,166.0,62.48047314008946,False,False,False,False,True,False,False,False,False,False,False,False,False,False,False,False,False,False,False,False,False,False,False,False,True,False,False,False,False,False,False,False,False,False,False,False,False,True,False,False,False,False,True,False,True,False
d_1356,55,2014-10-15,11437,5,10,2014,0,4,0,92.0,243.0,149.0,160.71428571428572,165.53571428571428,66.90718517895779,False,False,False,False,False,True,False,False,False,False,False,False,False,False,False,False,False,False,False,False,False,False,False,False,True,False,False,False,False,False,False,False,False,False,False,False,False,True,False,False,False,False,True,False,True,False
d_1357,1,2014-10-16,11437,6,10,2014,0,4,0,55.0,132.0,208.0,133.85714285714286,162.17857142857142,66.09949210956766,False,False,False,True,False,False,False,False,False,False,False,False,False,False,False,False,False,False,False,False,False,False,False,False,True,False,False,False,False,False,False,False,False,False,False,False,False,True,False,False,False,False,True,False,True,False
d_1358,0,2014-10-17,11437,7,10,2014,0,4,0,1.0,254.0,176.0,115.14285714285714,154.78571428571428,83.07712996853876,False,False,False,False,False,False,False,False,False,False,False,False,False,False,False,False,False,False,False,False,False,False,False,False,True,False,False,False,False,False,False,False,False,False,False,False,False,True,False,False,False,False,True,False,True,False
d_1359,130,2014-10-18,11438,1,10,2014,0,4,1,0.0,180.0,291.0,78.85714285714286,148.5,66.0439968794251,False,True,False,False,False,False,False,False,False,False,False,False,False,False,False,False,False,False,False,False,False,False,False,False,True,False,False,False,False,False,False,False,False,False,False,False,False,True,False,False,False,False,True,False,True,False
d_1360,181,2014-10-19,11438,2,10,2014,0,4,1,130.0,131.0,169.0,71.71428571428571,142.75,55.07484085531331,False,False,True,False,False,False,False,False,False,False,False,False,False,False,False,False,False,False,False,False,False,False,False,False,True,False,False,False,False,False,False,False,False,False,False,False,False,True,False,False,False,False,True,False,True,False
d_1361,116,2014-10-20,11438,3,10,2014,0,4,0,181.0,93.0,152.0,78.85714285714286,143.17857142857142,66.17005508896133,True,False,False,False,False,False,False,False,False,False,False,False,False,False,False,False,False,False,False,False,False,False,False,False,True,False,False,False,False,False,False,False,False,False,False,False,False,True,False,False,False,False,True,False,True,False
d_1362,125,2014-10-21,11438,4,10,2014,0,4,0,116.0,92.0,139.0,82.14285714285714,141.89285714285714,67.546104184299,False,False,False,False,True,False,False,False,False,False,False,False,False,False,False,False,False,False,False,False,False,False,False,False,True,False,False,False,False,False,False,False,False,False,False,False,False,True,False,False,False,False,True,False,True,False
d_1363,84,2014-10-22,11438,5,10,2014,0,4,0,125.0,55.0,119.0,86.85714285714286,141.39285714285714,69.4728449861971,False,False,False,False,False,True,False,False,False,False,False,False,False,False,False,False,False,False,False,False,False,False,False,False,True,False,False,False,False,False,False,False,False,False,False,False,False,True,False,False,False,False,True,False,True,False
d_1364,110,2014-10-23,11438,6,10,2014,0,4,0,84.0,1.0,93.0,91.0,140.14285714285714,68.10775775685649,False,False,False,True,False,False,False,False,False,False,False,False,False,False,False,False,False,False,False,False,False,False,False,False,True,False,False,False,False,False,False,False,False,False,False,False,False,True,False,False,False,False,True,False,True,False
d_1365,143,2014-10-24,11438,7,10,2014,0,4,0,110.0,0.0,246.0,106.57142857142857,140.75,55.37104280174201,False,False,False,False,False,False,False,False,False,False,False,False,False,False,False,False,False,False,False,False,False,False,False,False,True,False,False,False,False,False,False,False,False,False,False,False,False,True,False,False,False,False,True,False,True,False
d_1366,116,2014-10-25,11439,1,10,2014,0,4,1,143.0,130.0,197.0,127.0,137.07142857142858,30.12197426021875,False,True,False,False,False,False,False,False,False,False,False,False,False,False,False,False,False,False,False,False,False,False,False,False,True,False,False,False,False,False,False,False,False,False,False,False,False,True,False,False,False,False,True,False,True,False
d_1367,120,2014-10-26,11439,2,10,2014,0,4,1,116.0,181.0,130.0,125.0,134.17857142857142,30.353473167551726,False,False,True,False,False,False,False,False,False,False,False,False,False,False,False,False,False,False,False,False,False,False,False,False,True,False,False,False,False,False,False,False,False,False,False,False,False,True,False,False,False,False,True,False,True,False
d_1368,134,2014-10-27,11439,3,10,2014,0,4,0,120.0,116.0,141.0,116.28571428571429,133.82142857142858,17.726762119407248,True,False,False,False,False,False,False,False,False,False,False,False,False,False,False,False,False,False,False,False,False,False,False,False,True,False,False,False,False,False,False,False,False,False,False,False,False,True,False,False,False,False,True,False,True,False
d_1369,94,2014-10-28,11439,4,10,2014,0,4,0,134.0,125.0,121.0,118.85714285714286,133.57142857142858,18.942268180169926,False,False,False,False,True,False,False,False,False,False,False,False,False,False,False,False,False,False,False,False,False,False,False,False,True,False,False,False,False,False,False,False,False,False,False,False,False,True,False,False,False,False,True,False,True,False
d_1370,95,2014-10-29,11439,5,10,2014,0,4,0,94.0,84.0,111.0,114.42857142857143,132.60714285714286,20.79949633089719,False,False,False,False,False,True,False,False,False,False,False,False,False,False,False,False,False,False,False,False,False,False,False,False,True,False,False,False,False,False,False,False,False,False,False,False,False,True,False,False,False,False,True,False,True,False
d_1371,140,2014-10-30,11439,6,10,2014,0,4,0,95.0,110.0,131.0,116.0,132.03571428571428,18.39383954842735,False,False,False,True,False,False,False,False,False,False,False,False,False,False,False,False,False,False,False,False,False,False,False,False,True,False,False,False,False,False,False,False,False,False,False,False,False,True,False,False,False,False,True,False,True,False
d_1372,200,2014-10-31,11439,7,10,2014,0,4,0,140.0,143.0,193.0,120.28571428571429,132.35714285714286,20.171880475174223,False,False,False,False,False,False,False,False,False,False,False,False,False,True,False,False,False,False,False,False,False,False,False,False,False,False,False,False,False,False,False,False,False,False,False,False,False,False,False,False,False,False,True,False,True,False
d_1373,186,2014-11-01,11440,1,11,2014,1,4,1,200.0,116.0,286.0,128.42857142857142,132.60714285714286,36.09181413588121,False,True,False,False,False,False,False,False,False,False,False,False,False,False,False,False,False,False,False,False,False,False,False,False,True,False,False,False,False,False,False,False,False,False,False,False,False,True,False,False,False,False,True,False,True,False
d_1374,137,2014-11-02,11440,2,11,2014,1,4,1,186.0,120.0,233.0,138.42857142857142,129.03571428571428,41.38380175405574,False,False,True,False,False,False,False,False,False,False,False,False,False,False,False,False,False,False,False,False,False,False,False,False,True,False,False,False,False,False,False,False,False,False,False,False,False,True,False,False,False,False,True,False,True,False
d_1375,90,2014-11-03,11440,3,11,2014,1,4,0,137.0,134.0,102.0,140.85714285714286,125.60714285714286,40.613743861852086,True,False,False,False,False,False,False,False,False,False,False,False,False,False,False,False,False,False,False,False,False,False,False,False,True,False,False,False,False,False,False,False,False,False,False,False,False,True,False,False,False,False,True,False,True,False
d_1376,155,2014-11-04,11440,4,11,2014,1,4,0,90.0,94.0,123.0,134.57142857142858,125.17857142857143,45.017985823657085,False,False,False,False,True,False,False,False,False,False,False,False,False,False,False,False,False,False,False,False,False,False,False,False,True,False,False,False,False,False,False,False,False,False,False,False,False,True,False,False,False,False,True,False,True,False
d_1377,85,2014-11-05,11440,5,11,2014,1,4,0,155.0,95.0,243.0,143.28571428571428,126.32142857142857,41.632176201083105,False,False,False,False,False,True,False,False,False,False,False,False,False,False,False,False,False,False,False,False,False,False,False,False,True,False,False,False,False,False,False,False,False,False,False,False,False,True,False,False,False,False,True,False,True,False
d_1378,95,2014-11-06,11440,6,11,2014,1,4,0,85.0,140.0,132.0,141.85714285714286,120.67857142857143,43.68610981165669,False,False,False,True,False,False,False,False,False,False,False,False,False,False,False,False,False,False,False,False,False,False,False,False,True,False,False,False,False,False,False,False,False,False,False,False,False,True,False,False,False,False,True,False,True,False
d_1379,155,2014-11-07,11440,7,11,2014,1,4,0,95.0,200.0,254.0,135.42857142857142,119.35714285714286,47.17646709556566,False,False,False,False,False,False,False,False,False,False,False,False,False,False,False,False,False,False,False,False,False,False,False,False,True,False,False,False,False,False,False,False,False,False,False,False,False,True,False,False,False,False,True,False,True,False
d_1380,126,2014-11-08,11441,1,11,2014,1,4,1,155.0,186.0,180.0,129.0,115.82142857142857,39.32344508474914,False,True,False,False,False,False,False,False,False,False,False,False,False,False,False,False,False,False,False,False,False,False,False,False,True,False,False,False,False,False,False,False,False,False,False,False,False,True,False,False,False,False,True,False,True,False
d_1381,137,2014-11-09,11441,2,11,2014,1,4,1,126.0,137.0,131.0,120.42857142857143,113.89285714285714,30.34170475795655,False,False,True,False,False,False,False,False,False,False,False,False,False,False,False,False,False,False,False,False,False,False,False,False,True,False,False,False,False,False,False,False,False,False,False,False,False,True,False,False,False,False,True,False,True,False
d_1382,145,2014-11-10,11441,3,11,2014,1,4,0,137.0,90.0,93.0,120.42857142857143,114.10714285714286,30.34170475795655,True,False,False,False,False,False,False,False,False,False,False,False,False,False,False,False,False,False,False,False,False,False,False,False,True,False,False,False,False,False,False,False,False,False,False,False,False,True,False,False,False,False,True,False,True,False
d_1383,99,2014-11-11,11441,4,11,2014,0,4,0,145.0,155.0,92.0,128.28571428571428,115.96428571428571,28.194055435582705,False,False,False,False,True,False,False,False,False,False,False,False,False,False,False,False,False,False,False,False,False,False,False,False,False,False,False,False,False,False,False,False,False,False,False,True,True,False,False,False,False,False,True,False,True,False
d_1384,72,2014-11-12,11441,5,11,2014,0,4,0,99.0,85.0,55.0,120.28571428571429,116.21428571428571,27.280727542315486,False,False,False,False,False,True,False,False,False,False,False,False,False,False,False,False,False,False,False,False,False,False,False,False,True,False,False,False,False,False,False,False,False,False,False,False,False,True,False,False,False,False,True,False,True,False
d_1385,148,2014-11-13,11441,6,11,2014,0,4,0,72.0,95.0,1.0,118.42857142857143,116.82142857142857,30.352688748868218,False,False,False,True,False,False,False,False,False,False,False,False,False,False,False,False,False,False,False,False,False,False,False,False,True,False,False,False,False,False,False,False,False,False,False,False,False,True,False,False,False,False,True,False,True,False
d_1386,178,2014-11-14,11441,7,11,2014,0,4,0,148.0,155.0,0.0,126.0,122.07142857142857,30.144098372096273,False,False,False,False,False,False,False,False,False,False,False,False,False,False,False,False,False,False,False,False,False,False,False,False,True,False,False,False,False,False,False,False,False,False,False,False,False,True,False,False,False,False,True,False,True,False
d_1387,76,2014-11-15,11442,1,11,2014,0,4,1,178.0,126.0,130.0,129.28571428571428,128.42857142857142,34.7357370523698,False,True,False,False,False,False,False,False,False,False,False,False,False,False,False,False,False,False,False,False,False,False,False,False,True,False,False,False,False,False,False,False,False,False,False,False,False,True,False,False,False,False,True,False,True,False
d_1388,98,2014-11-16,11442,2,11,2014,0,4,1,76.0,137.0,181.0,122.14285714285714,126.5,40.23028946547793,False,False,True,False,False,False,False,False,False,False,False,False,False,False,False,False,False,False,False,False,False,False,False,False,True,False,False,False,False,False,False,False,False,False,False,False,False,True,False,False,False,False,True,False,True,False
d_1389,106,2014-11-17,11442,3,11,2014,0,4,0,98.0,145.0,116.0,116.57142857142857,123.53571428571429,40.529236948393276,True,False,False,False,False,False,False,False,False,False,False,False,False,False,False,False,False,False,False,False,False,False,False,False,True,False,False,False,False,False,False,False,False,False,False,False,False,True,False,False,False,False,True,False,True,False
d_1390,83,2014-11-18,11442,4,11,2014,0,4,0,106.0,99.0,125.0,111.0,123.17857142857143,38.604835621114844,False,False,False,False,True,False,False,False,False,False,False,False,False,False,False,False,False,False,False,False,False,False,False,False,True,False,False,False,False,False,False,False,False,False,False,False,False,True,False,False,False,False,True,False,True,False
d_1391,76,2014-11-19,11442,5,11,2014,0,4,0,83.0,72.0,84.0,108.71428571428571,121.67857142857143,39.88614749389477,False,False,False,False,False,True,False,False,False,False,False,False,False,False,False,False,False,False,False,False,False,False,False,False,True,False,False,False,False,False,False,False,False,False,False,False,False,True,False,False,False,False,True,False,True,False
d_1392,85,2014-11-20,11442,6,11,2014,0,4,0,76.0,148.0,110.0,109.28571428571429,121.39285714285714,39.29679497412048,False,False,False,True,False,False,False,False,False,False,False,False,False,False,False,False,False,False,False,False,False,False,False,False,True,False,False,False,False,False,False,False,False,False,False,False,False,True,False,False,False,False,True,False,True,False
d_1393,120,2014-11-21,11442,7,11,2014,0,4,0,85.0,178.0,143.0,100.28571428571429,120.5,36.031071247439606,False,False,False,False,False,False,False,False,False,False,False,False,False,False,False,False,False,False,False,False,False,False,False,False,True,False,False,False,False,False,False,False,False,False,False,False,False,True,False,False,False,False,True,False,True,False
d_1394,132,2014-11-22,11443,1,11,2014,0,4,1,120.0,76.0,116.0,92.0,119.67857142857143,16.623276853055017,False,True,False,False,False,False,False,False,False,False,False,False,False,False,False,False,False,False,False,False,False,False,False,False,True,False,False,False,False,False,False,False,False,False,False,False,False,True,False,False,False,False,True,False,True,False
d_1395,126,2014-11-23,11443,2,11,2014,0,4,1,132.0,98.0,120.0,100.0,120.25,20.631690833924413,False,False,True,False,False,False,False,False,False,False,False,False,False,False,False,False,False,False,False,False,False,False,False,False,True,False,False,False,False,False,False,False,False,False,False,False,False,True,False,False,False,False,True,False,True,False
d_1396,104,2014-11-24,11443,3,11,2014,0,4,0,126.0,106.0,134.0,104.0,120.46428571428571,22.781571499788384,True,False,False,False,False,False,False,False,False,False,False,False,False,False,False,False,False,False,False,False,False,False,False,False,True,False,False,False,False,False,False,False,False,False,False,False,False,True,False,False,False,False,True,False,True,False
d_1397,148,2014-11-25,11443,4,11,2014,0,4,0,104.0,83.0,94.0,103.71428571428571,119.39285714285714,22.764843404646246,False,False,False,False,True,False,False,False,False,False,False,False,False,False,False,False,False,False,False,False,False,False,False,False,True,False,False,False,False,False,False,False,False,False,False,False,False,True,False,False,False,False,True,False,True,False
d_1398,287,2014-11-26,11443,5,11,2014,0,4,0,148.0,76.0,95.0,113.0,121.32142857142857,25.94224354214496,False,False,False,False,False,True,False,False,False,False,False,False,False,False,False,False,False,False,False,False,False,False,False,False,True,False,False,False,False,False,False,False,False,False,False,False,False,True,False,False,False,False,True,False,True,False
d_1399,257,2014-11-27,11443,6,11,2014,0,4,0,287.0,85.0,140.0,143.14285714285714,128.17857142857142,66.56432621013644,False,False,False,True,False,False,False,False,False,False,False,False,False,False,False,False,False,False,False,False,False,False,False,False,False,False,False,False,False,False,False,False,False,True,False,False,True,False,False,False,False,False,True,False,True,False
d_1400,103,2014-11-28,11443,7,11,2014,0,4,0,257.0,120.0,200.0,167.71428571428572,132.35714285714286,72.96280852990337,False,False,False,False,False,False,False,False,False,False,False,False,False,False,False,False,False,False,False,False,False,False,False,False,True,False,False,False,False,False,False,False,False,False,False,False,False,True,False,False,False,False,True,False,True,False
d_1401,167,2014-11-29,11444,1,11,2014,0,4,1,103.0,132.0,186.0,165.28571428571428,128.89285714285714,75.0682229391239,False,True,False,False,False,False,False,False,False,False,False,False,False,False,False,False,False,False,False,False,False,False,False,False,True,False,False,False,False,False,False,False,False,False,False,False,False,True,False,False,False,False,True,False,True,False
d_1402,135,2014-11-30,11444,2,11,2014,0,4,1,167.0,126.0,137.0,170.28571428571428,128.21428571428572,73.63358447002746,False,False,True,False,False,False,False,False,False,False,False,False,False,False,False,False,False,False,False,False,False,False,False,False,True,False,False,False,False,False,False,False,False,False,False,False,False,True,False,False,False,False,True,False,True,False
d_1403,0,2014-12-01,11444,3,12,2014,1,4,0,135.0,104.0,90.0,171.57142857142858,128.14285714285714,72.80535040516565,True,False,False,False,False,False,False,False,False,False,False,False,False,False,False,False,False,False,False,False,False,False,False,False,True,False,False,False,False,False,False,False,False,False,False,False,False,True,False,False,False,False,True,False,True,False
d_1404,0,2014-12-02,11444,4,12,2014,1,4,0,0.0,148.0,155.0,156.71428571428572,124.92857142857143,95.85529768999739,False,False,False,False,True,False,False,False,False,False,False,False,False,False,False,False,False,False,False,False,False,False,False,False,True,False,False,False,False,False,False,False,False,False,False,False,False,True,False,False,False,False,True,False,True,False
d_1405,0,2014-12-03,11444,5,12,2014,1,4,0,0.0,287.0,85.0,135.57142857142858,119.39285714285714,112.90387820746308,False,False,False,False,False,True,False,False,False,False,False,False,False,False,False,False,False,False,False,False,False,False,False,False,True,False,False,False,False,False,False,False,False,False,False,False,False,True,False,False,False,False,True,False,True,False
d_1406,0,2014-12-04,11444,6,12,2014,1,4,0,0.0,257.0,95.0,94.57142857142857,116.35714285714286,100.13800001807022,False,False,False,True,False,False,False,False,False,False,False,False,False,False,False,False,False,False,False,False,False,False,False,False,True,False,False,False,False,False,False,False,False,False,False,False,False,True,False,False,False,False,True,False,True,False
d_1407,0,2014-12-05,11444,7,12,2014,1,4,0,0.0,103.0,155.0,57.857142857142854,112.96428571428571,74.4880942867799,False,False,False,False,False,False,False,False,False,False,False,False,False,False,False,False,False,False,False,False,False,False,False,False,True,False,False,False,False,False,False,False,False,False,False,False,False,True,False,False,False,False,True,False,True,False
d_1408,2,2014-12-06,11445,1,12,2014,1,4,1,0.0,167.0,126.0,43.142857142857146,107.42857142857143,74.25727477589581,False,True,False,False,False,False,False,False,False,False,False,False,False,False,False,False,False,False,False,False,False,False,False,False,True,False,False,False,False,False,False,False,False,False,False,False,False,True,False,False,False,False,True,False,True,False
d_1409,0,2014-12-07,11445,2,12,2014,1,4,1,2.0,135.0,137.0,19.571428571428573,103.0,50.90467281385643,False,False,True,False,False,False,False,False,False,False,False,False,False,False,False,False,False,False,False,False,False,False,False,False,True,False,False,False,False,False,False,False,False,False,False,False,False,True,False,False,False,False,True,False,True,False
d_1410,0,2014-12-08,11445,3,12,2014,1,4,0,0.0,0.0,145.0,0.2857142857142857,98.10714285714286,0.7559289460706897,True,False,False,False,False,False,False,False,False,False,False,False,False,False,False,False,False,False,False,False,False,False,False,False,True,False,False,False,False,False,False,False,False,False,False,False,False,True,False,False,False,False,True,False,True,False
d_1411,0,2014-12-09,11445,4,12,2014,1,4,0,0.0,0.0,99.0,0.2857142857142857,92.92857142857143,0.7559289460706897,False,False,False,False,True,False,False,False,False,False,False,False,False,False,False,False,False,False,False,False,False,False,False,False,True,False,False,False,False,False,False,False,False,False,False,False,False,True,False,False,False,False,True,False,True,False
d_1412,4,2014-12-10,11445,5,12,2014,1,4,0,0.0,0.0,72.0,0.2857142857142857,89.39285714285714,0.7559289460706897,False,False,False,False,False,True,False,False,False,False,False,False,False,False,False,False,False,False,False,False,False,False,False,False,True,False,False,False,False,False,False,False,False,False,False,False,False,True,False,False,False,False,True,False,True,False
d_1413,0,2014-12-11,11445,6,12,2014,0,4,0,4.0,0.0,148.0,0.8571428571428571,86.96428571428571,1.5735915849637951,False,False,False,True,False,False,False,False,False,False,False,False,False,False,False,False,False,False,False,False,False,False,False,False,True,False,False,False,False,False,False,False,False,False,False,False,False,True,False,False,False,False,True,False,True,False
d_1414,0,2014-12-12,11445,7,12,2014,0,4,0,0.0,0.0,178.0,0.8571428571428571,81.67857142857143,1.5735915849637951,False,False,False,False,False,False,False,False,False,False,False,False,False,False,False,False,False,False,False,False,False,False,False,False,True,False,False,False,False,False,False,False,False,False,False,False,False,True,False,False,False,False,True,False,True,False
d_1415,24,2014-12-13,11446,1,12,2014,0,4,1,0.0,2.0,76.0,0.8571428571428571,75.32142857142857,1.5735915849637951,False,True,False,False,False,False,False,False,False,False,False,False,False,False,False,False,False,False,False,False,False,False,False,False,True,False,False,False,False,False,False,False,False,False,False,False,False,True,False,False,False,False,True,False,True,False
d_1416,1,2014-12-14,11446,2,12,2014,0,4,1,24.0,0.0,98.0,4.0,73.46428571428571,8.944271910003364,False,False,True,False,False,False,False,False,False,False,False,False,False,False,False,False,False,False,False,False,False,False,False,False,True,False,False,False,False,False,False,False,False,False,False,False,False,True,False,False,False,False,True,False,True,False
d_1417,6,2014-12-15,11446,3,12,2014,0,4,0,1.0,0.0,106.0,4.142857142857143,70.0,8.877472827871616,True,False,False,False,False,False,False,False,False,False,False,False,False,False,False,False,False,False,False,False,False,False,False,False,True,False,False,False,False,False,False,False,False,False,False,False,False,True,False,False,False,False,True,False,True,False
d_1418,1,2014-12-16,11446,4,12,2014,0,4,0,6.0,0.0,83.0,5.0,66.42857142857143,8.698658900470857,False,False,False,False,True,False,False,False,False,False,False,False,False,False,False,False,False,False,False,False,False,False,False,False,True,False,False,False,False,False,False,False,False,False,False,False,False,True,False,False,False,False,True,False,True,False
d_1419,1,2014-12-17,11446,5,12,2014,0,4,0,1.0,4.0,76.0,5.142857142857143,63.5,8.610624666244092,False,False,False,False,False,True,False,False,False,False,False,False,False,False,False,False,False,False,False,False,False,False,False,False,True,False,False,False,False,False,False,False,False,False,False,False,False,True,False,False,False,False,True,False,True,False
d_1420,0,2014-12-18,11446,6,12,2014,0,4,0,1.0,0.0,85.0,4.714285714285714,60.82142857142857,8.750510189212001,False,False,False,True,False,False,False,False,False,False,False,False,False,False,False,False,False,False,False,False,False,False,False,False,True,False,False,False,False,False,False,False,False,False,False,False,False,True,False,False,False,False,True,False,True,False
d_1421,0,2014-12-19,11446,7,12,2014,0,4,0,0.0,0.0,120.0,4.714285714285714,57.785714285714285,8.750510189212001,False,False,False,False,False,False,False,False,False,False,False,False,False,False,False,False,False,False,False,False,False,False,False,False,True,False,False,False,False,False,False,False,False,False,False,False,False,True,False,False,False,False,True,False,True,False
d_1422,6,2014-12-20,11447,1,12,2014,0,4,1,0.0,24.0,132.0,4.714285714285714,53.5,8.750510189212001,False,True,False,False,False,False,False,False,False,False,False,False,False,False,False,False,False,False,False,False,False,False,False,False,True,False,False,False,False,False,False,False,False,False,False,False,False,True,False,False,False,False,True,False,True,False
d_1423,2,2014-12-21,11447,2,12,2014,0,4,1,6.0,1.0,126.0,2.142857142857143,49.0,2.6726124191386647,False,False,True,False,False,False,False,False,False,False,False,False,False,False,False,False,False,False,False,False,False,False,False,False,True,False,False,False,False,False,False,False,False,False,False,False,False,True,False,False,False,False,True,False,True,False
d_1424,0,2014-12-22,11447,3,12,2014,0,4,0,2.0,6.0,104.0,2.2857142857142856,44.57142857142857,2.627691364075858,True,False,False,False,False,False,False,False,False,False,False,False,False,False,False,False,False,False,False,False,False,False,False,False,True,False,False,False,False,False,False,False,False,False,False,False,False,True,False,False,False,False,True,False,True,False
d_1425,0,2014-12-23,11447,4,12,2014,0,4,0,0.0,1.0,148.0,1.4285714285714286,40.857142857142854,2.149196970760341,False,False,False,False,True,False,False,False,False,False,False,False,False,False,False,False,False,False,False,False,False,False,False,False,True,False,False,False,False,False,False,False,False,False,False,False,False,True,False,False,False,False,True,False,True,False
d_1426,0,2014-12-24,11447,5,12,2014,0,4,0,0.0,1.0,287.0,1.2857142857142858,35.57142857142857,2.2146697055858815,False,False,False,False,False,True,False,False,False,False,False,False,False,False,False,False,False,False,False,False,False,False,False,False,False,False,False,False,False,False,False,False,False,False,False,False,False,False,True,False,False,False,True,False,True,False
d_1427,0,2014-12-25,11447,6,12,2014,0,4,0,0.0,0.0,257.0,1.1428571428571428,25.321428571428573,2.2677868380725816,False,False,False,True,False,False,True,False,False,False,False,False,False,False,False,False,False,False,False,False,False,False,False,False,False,False,False,False,False,False,False,False,False,False,False,False,True,False,False,False,False,False,True,False,True,False
d_1428,1,2014-12-26,11447,7,12,2014,0,4,0,0.0,0.0,103.0,1.1428571428571428,16.142857142857142,2.2677868380725816,False,False,False,False,False,False,False,False,False,False,False,False,False,False,False,False,False,False,False,False,False,False,False,False,True,False,False,False,False,False,False,False,False,False,False,False,False,True,False,False,False,False,True,False,True,False
d_1429,0,2014-12-27,11448,1,12,2014,0,4,1,1.0,6.0,167.0,1.2857142857142858,12.5,2.2146697055858815,False,True,False,False,False,False,False,False,False,False,False,False,False,False,False,False,False,False,False,False,False,False,False,False,True,False,False,False,False,False,False,False,False,False,False,False,False,True,False,False,False,False,True,False,True,False
d_1430,1,2014-12-28,11448,2,12,2014,0,4,1,0.0,2.0,135.0,0.42857142857142855,6.535714285714286,0.7867957925195317,False,False,True,False,False,False,False,False,False,False,False,False,False,False,False,False,False,False,False,False,False,False,False,False,True,False,False,False,False,False,False,False,False,False,False,False,False,True,False,False,False,False,True,False,True,False
d_1431,3,2014-12-29,11448,3,12,2014,0,4,0,1.0,0.0,0.0,0.2857142857142857,1.75,0.48795003655518004,True,False,False,False,False,False,False,False,False,False,False,False,False,False,False,False,False,False,False,False,False,False,False,False,True,False,False,False,False,False,False,False,False,False,False,False,False,True,False,False,False,False,True,False,True,False
d_1432,2,2014-12-30,11448,4,12,2014,0,4,0,3.0,0.0,0.0,0.7142857142857143,1.8571428571428572,1.1126972805636615,False,False,False,False,True,False,False,False,False,False,False,False,False,False,False,False,False,False,False,False,False,False,False,False,True,False,False,False,False,False,False,False,False,False,False,False,False,True,False,False,False,False,True,False,True,False
d_1433,0,2014-12-31,11448,5,12,2014,0,4,0,2.0,0.0,0.0,1.0,1.9285714285714286,1.1547005384131306,False,False,False,False,False,True,False,False,False,False,False,False,False,False,False,False,False,False,False,False,False,False,False,False,True,False,False,False,False,False,False,False,False,False,False,False,False,True,False,False,False,False,True,False,True,False
d_1434,0,2015-01-01,11448,6,1,2015,1,1,0,0.0,0.0,0.0,1.0,1.9285714285714286,1.1547005384131306,False,False,False,True,False,False,False,False,False,False,False,False,False,False,False,False,False,False,False,False,False,False,False,True,False,False,False,False,False,False,False,False,False,False,False,False,True,False,False,False,False,False,True,False,True,False
d_1435,0,2015-01-02,11448,7,1,2015,1,1,0,0.0,1.0,0.0,1.0,1.9285714285714286,1.1547005384131306,False,False,False,False,False,False,False,False,False,False,False,False,False,False,False,False,False,False,False,False,False,False,False,False,True,False,False,False,False,False,False,False,False,False,False,False,False,True,False,False,False,False,True,False,True,False
d_1436,0,2015-01-03,11449,1,1,2015,1,1,1,0.0,0.0,2.0,0.8571428571428571,1.9285714285714286,1.2149857926201693,False,True,False,False,False,False,False,False,False,False,False,False,False,False,False,False,False,False,False,False,False,False,False,False,True,False,False,False,False,False,False,False,False,False,False,False,False,True,False,False,False,False,True,False,True,False
d_1437,0,2015-01-04,11449,2,1,2015,1,1,1,0.0,1.0,0.0,0.8571428571428571,1.8571428571428572,1.2149857926201693,False,False,True,False,False,False,False,False,False,False,False,False,False,False,False,False,False,False,False,False,False,False,False,False,True,False,False,False,False,False,False,False,False,False,False,False,False,True,False,False,False,False,True,False,True,False
d_1438,59,2015-01-05,11449,3,1,2015,1,1,0,0.0,3.0,0.0,0.7142857142857143,1.8571428571428572,1.2535663410873397,True,False,False,False,False,False,False,False,False,False,False,False,False,False,False,False,False,False,False,False,False,False,False,False,True,False,False,False,False,False,False,False,False,False,False,False,False,True,False,False,False,False,True,False,True,False
d_1439,119,2015-01-06,11449,4,1,2015,1,1,0,59.0,2.0,0.0,8.714285714285714,3.9642857142857144,22.18643944480875,False,False,False,False,True,False,False,False,False,False,False,False,False,False,False,False,False,False,False,False,False,False,False,False,True,False,False,False,False,False,False,False,False,False,False,False,False,True,False,False,False,False,True,False,True,False
d_1440,43,2015-01-07,11449,5,1,2015,1,1,0,119.0,0.0,4.0,25.428571428571427,8.214285714285714,46.7541696638111,False,False,False,False,False,True,False,False,False,False,False,False,False,False,False,False,False,False,False,False,False,False,False,False,False,True,False,False,False,False,False,False,False,False,False,False,False,False,True,False,False,False,True,False,True,False
d_1441,83,2015-01-08,11449,6,1,2015,1,1,0,43.0,0.0,0.0,31.571428571428573,9.607142857142858,45.668578340245,False,False,False,True,False,False,False,False,False,False,False,False,False,False,False,False,False,False,False,False,False,False,False,False,True,False,False,False,False,False,False,False,False,False,False,False,False,True,False,False,False,False,True,False,True,False
d_1442,154,2015-01-09,11449,7,1,2015,1,1,0,83.0,0.0,0.0,43.42857142857143,12.571428571428571,46.86454645343054,False,False,False,False,False,False,False,False,False,False,False,False,False,False,False,False,False,False,False,False,False,False,False,False,True,False,False,False,False,False,False,False,False,False,False,False,False,True,False,False,False,False,True,False,True,False
d_1443,171,2015-01-10,11450,1,1,2015,1,1,1,154.0,0.0,24.0,65.42857142857143,18.071428571428573,57.921950769569165,False,True,False,False,False,False,False,False,False,False,False,False,False,False,False,False,False,False,False,False,False,False,False,False,True,False,False,False,False,False,False,False,False,False,False,False,False,True,False,False,False,False,True,False,True,False
d_1444,127,2015-01-11,11450,2,1,2015,0,1,1,171.0,0.0,1.0,89.85714285714286,23.321428571428573,61.66692406638677,False,False,True,False,False,False,False,False,False,False,False,False,False,False,False,False,False,False,False,False,False,False,False,False,True,False,False,False,False,False,False,False,False,False,False,False,False,True,False,False,False,False,True,False,True,False
d_1445,89,2015-01-12,11450,3,1,2015,0,1,0,127.0,59.0,6.0,108.0,27.821428571428573,47.98958220280698,True,False,False,False,False,False,False,False,False,False,False,False,False,False,False,False,False,False,False,False,False,False,False,False,True,False,False,False,False,False,False,False,False,False,False,False,False,True,False,False,False,False,True,False,True,False
d_1446,103,2015-01-13,11450,4,1,2015,0,1,0,89.0,119.0,1.0,112.28571428571429,30.785714285714285,44.063266204077436,False,False,False,False,True,False,False,False,False,False,False,False,False,False,False,False,False,False,False,False,False,False,False,False,True,False,False,False,False,False,False,False,False,False,False,False,False,True,False,False,False,False,True,False,True,False
d_1447,107,2015-01-14,11450,5,1,2015,0,1,0,103.0,43.0,1.0,110.0,34.42857142857143,44.07191093353339,False,False,False,False,False,True,False,False,False,False,False,False,False,False,False,False,False,False,False,False,False,False,False,False,True,False,False,False,False,False,False,False,False,False,False,False,False,True,False,False,False,False,True,False,True,False
d_1448,88,2015-01-15,11450,6,1,2015,0,1,0,107.0,83.0,0.0,119.14285714285714,38.214285714285715,33.13823859445179,False,False,False,True,False,False,False,False,False,False,False,False,False,False,False,False,False,False,False,False,False,False,False,False,True,False,False,False,False,False,False,False,False,False,False,False,False,True,False,False,False,False,True,False,True,False
d_1449,114,2015-01-16,11450,7,1,2015,0,1,0,88.0,154.0,0.0,119.85714285714286,41.357142857142854,32.27191023903213,False,False,False,False,False,False,False,False,False,False,False,False,False,False,False,False,False,False,False,False,False,False,False,False,True,False,False,False,False,False,False,False,False,False,False,False,False,True,False,False,False,False,True,False,True,False
d_1450,149,2015-01-17,11451,1,1,2015,0,1,1,114.0,171.0,6.0,114.14285714285714,45.42857142857143,28.54486860732566,False,True,False,False,False,False,False,False,False,False,False,False,False,False,False,False,False,False,False,False,False,False,False,False,True,False,False,False,False,False,False,False,False,False,False,False,False,True,False,False,False,False,True,False,True,False
d_1451,145,2015-01-18,11451,2,1,2015,0,1,1,149.0,127.0,2.0,111.0,50.535714285714285,21.61018278497351,False,False,True,False,False,False,False,False,False,False,False,False,False,False,False,False,False,False,False,False,False,False,False,False,True,False,False,False,False,False,False,False,False,False,False,False,False,True,False,False,False,False,True,False,True,False
d_1452,102,2015-01-19,11451,3,1,2015,0,1,0,145.0,89.0,0.0,113.57142857142857,55.642857142857146,24.68371354325919,True,False,False,False,False,False,False,False,False,False,False,False,False,False,False,False,False,False,True,False,False,False,False,False,False,False,False,False,False,False,False,False,False,False,False,False,True,False,False,False,False,False,True,False,True,False
d_1453,82,2015-01-20,11451,4,1,2015,0,1,0,102.0,103.0,0.0,115.42857142857143,59.285714285714285,22.955443383919686,False,False,False,False,True,False,False,False,False,False,False,False,False,False,False,False,False,False,False,False,False,False,False,False,True,False,False,False,False,False,False,False,False,False,False,False,False,True,False,False,False,False,True,False,True,False
d_1454,105,2015-01-21,11451,5,1,2015,0,1,0,82.0,107.0,0.0,112.42857142857143,62.214285714285715,26.01830857208718,False,False,False,False,False,True,False,False,False,False,False,False,False,False,False,False,False,False,False,False,False,False,False,False,True,False,False,False,False,False,False,False,False,False,False,False,False,True,False,False,False,False,True,False,True,False
d_1455,131,2015-01-22,11451,6,1,2015,0,1,0,105.0,88.0,0.0,112.14285714285714,65.96428571428571,26.09871370667186,False,False,False,True,False,False,False,False,False,False,False,False,False,False,False,False,False,False,False,False,False,False,False,False,True,False,False,False,False,False,False,False,False,False,False,False,False,True,False,False,False,False,True,False,True,False
d_1456,167,2015-01-23,11451,7,1,2015,0,1,0,131.0,114.0,1.0,118.28571428571429,70.64285714285714,24.47934017162337,False,False,False,False,False,False,False,False,False,False,False,False,False,False,False,False,False,False,False,False,False,False,False,False,True,False,False,False,False,False,False,False,False,False,False,False,False,True,False,False,False,False,True,False,True,False
d_1457,182,2015-01-24,11452,1,1,2015,0,1,1,167.0,149.0,0.0,125.85714285714286,76.57142857142857,30.410681080986574,False,True,False,False,False,False,False,False,False,False,False,False,False,False,False,False,False,False,False,False,False,False,False,False,True,False,False,False,False,False,False,False,False,False,False,False,False,True,False,False,False,False,True,False,True,False
d_1458,111,2015-01-25,11452,2,1,2015,0,1,1,182.0,145.0,1.0,130.57142857142858,83.07142857142857,36.537000163564706,False,False,True,False,False,False,False,False,False,False,False,False,False,False,False,False,False,False,False,False,False,False,False,False,True,False,False,False,False,False,False,False,False,False,False,False,False,True,False,False,False,False,True,False,True,False
d_1459,76,2015-01-26,11452,3,1,2015,0,1,0,111.0,102.0,3.0,125.71428571428571,87.0,36.55914972440387,True,False,False,False,False,False,False,False,False,False,False,False,False,False,False,False,False,False,False,False,False,False,False,False,True,False,False,False,False,False,False,False,False,False,False,False,False,True,False,False,False,False,True,False,True,False
d_1460,77,2015-01-27,11452,4,1,2015,0,1,0,76.0,82.0,2.0,122.0,89.60714285714286,40.48044795536015,False,False,False,False,True,False,False,False,False,False,False,False,False,False,False,False,False,False,False,False,False,False,False,False,True,False,False,False,False,False,False,False,False,False,False,False,False,True,False,False,False,False,True,False,True,False
d_1461,60,2015-01-28,11452,5,1,2015,0,1,0,77.0,105.0,0.0,121.28571428571429,92.28571428571429,41.338901314678374,False,False,False,False,False,True,False,False,False,False,False,False,False,False,False,False,False,False,False,False,False,False,False,False,True,False,False,False,False,False,False,False,False,False,False,False,False,True,False,False,False,False,True,False,True,False
d_1462,84,2015-01-29,11452,6,1,2015,0,1,0,60.0,131.0,0.0,114.85714285714286,94.42857142857143,47.35479057578179,False,False,False,True,False,False,False,False,False,False,False,False,False,False,False,False,False,False,False,False,False,False,False,False,True,False,False,False,False,False,False,False,False,False,False,False,False,True,False,False,False,False,True,False,True,False
d_1463,135,2015-01-30,11452,7,1,2015,0,1,0,84.0,167.0,0.0,108.14285714285714,97.42857142857143,48.01190328598549,False,False,False,False,False,False,False,False,False,False,False,False,False,False,False,False,False,False,False,False,False,False,False,False,True,False,False,False,False,False,False,False,False,False,False,False,False,True,False,False,False,False,True,False,True,False
d_1464,173,2015-01-31,11501,1,1,2015,0,1,1,135.0,182.0,0.0,103.57142857142857,102.25,42.70385284279417,False,True,False,False,False,False,False,False,False,False,False,False,False,False,False,False,False,False,False,False,False,False,False,False,True,False,False,False,False,False,False,False,False,False,False,False,False,True,False,False,False,False,True,False,True,False
d_1465,194,2015-02-01,11501,2,2,2015,1,1,1,173.0,111.0,0.0,102.28571428571429,108.42857142857143,39.998809506093245,False,False,True,False,False,False,False,False,False,False,False,False,False,False,False,False,False,False,False,False,False,False,False,False,False,False,False,False,False,False,False,False,True,False,False,False,False,False,False,True,False,False,True,False,True,False
d_1466,148,2015-02-02,11501,3,2,2015,1,1,0,194.0,76.0,59.0,114.14285714285714,115.35714285714286,53.15207293363843,True,False,False,False,False,False,False,False,False,False,False,False,False,False,False,False,False,False,False,False,False,False,False,False,True,False,False,False,False,False,False,False,False,False,False,False,False,True,False,False,False,False,True,False,True,False
d_1467,57,2015-02-03,11501,4,2,2015,1,1,0,148.0,77.0,119.0,124.42857142857143,118.53571428571429,51.48092573260183,False,False,False,False,True,False,False,False,False,False,False,False,False,False,False,False,False,False,False,False,False,False,False,False,True,False,False,False,False,False,False,False,False,False,False,False,False,True,False,False,False,False,True,False,True,False
d_1468,91,2015-02-04,11501,5,2,2015,1,1,0,57.0,60.0,43.0,121.57142857142857,116.32142857142857,54.98744445433886,False,False,False,False,False,True,False,False,False,False,False,False,False,False,False,False,False,False,False,False,False,False,False,False,True,False,False,False,False,False,False,False,False,False,False,False,False,True,False,False,False,False,True,False,True,False
d_1469,140,2015-02-05,11501,6,2,2015,1,1,0,91.0,84.0,83.0,126.0,118.03571428571429,50.246061205497654,False,False,False,True,False,False,False,False,False,False,False,False,False,False,False,False,False,False,False,False,False,False,False,False,True,False,False,False,False,False,False,False,False,False,False,False,False,True,False,False,False,False,True,False,True,False
d_1470,132,2015-02-06,11501,7,2,2015,1,1,0,140.0,135.0,154.0,134.0,120.07142857142857,46.78318786344736,False,False,False,False,False,False,False,False,False,False,False,False,False,False,False,False,False,False,False,False,False,False,False,False,True,False,False,False,False,False,False,False,False,False,False,False,False,True,False,False,False,False,True,False,True,False
d_1471,213,2015-02-07,11502,1,2,2015,1,1,1,132.0,173.0,171.0,133.57142857142858,119.28571428571429,46.78624136380612,False,True,False,False,False,False,False,False,False,False,False,False,False,False,False,False,False,False,False,False,False,False,False,False,True,False,False,False,False,False,False,False,False,False,False,False,False,True,False,False,False,False,True,False,True,False
d_1472,173,2015-02-08,11502,2,2,2015,1,1,1,213.0,194.0,127.0,139.28571428571428,120.78571428571429,54.251618365151394,False,False,True,False,False,False,False,False,False,False,False,False,False,False,False,False,False,False,False,False,False,False,False,False,True,False,False,False,False,False,False,False,False,False,False,False,False,True,False,False,False,False,True,False,True,False
d_1473,72,2015-02-09,11502,3,2,2015,1,1,0,173.0,148.0,89.0,136.28571428571428,122.42857142857143,51.21755651373886,True,False,False,False,False,False,False,False,False,False,False,False,False,False,False,False,False,False,False,False,False,False,False,False,True,False,False,False,False,False,False,False,False,False,False,False,False,True,False,False,False,False,True,False,True,False
d_1474,113,2015-02-10,11502,4,2,2015,1,1,0,72.0,57.0,103.0,125.42857142857143,121.82142857142857,56.13928257128869,False,False,False,False,True,False,False,False,False,False,False,False,False,False,False,False,False,False,False,False,False,False,False,False,True,False,False,False,False,False,False,False,False,False,False,False,False,True,False,False,False,False,True,False,True,False
d_1475,69,2015-02-11,11502,5,2,2015,0,1,0,113.0,91.0,107.0,133.42857142857142,122.17857142857143,48.1900997538463,False,False,False,False,False,True,False,False,False,False,False,False,False,False,False,False,False,False,False,False,False,False,False,False,True,False,False,False,False,False,False,False,False,False,False,False,False,True,False,False,False,False,True,False,True,False
d_1476,0,2015-02-12,11502,6,2,2015,0,1,0,69.0,140.0,88.0,130.28571428571428,120.82142857142857,51.986261921505516,False,False,False,True,False,False,False,False,False,False,False,False,False,False,False,False,False,False,False,False,False,False,False,False,True,False,False,False,False,False,False,False,False,False,False,False,False,True,False,False,False,False,True,False,True,False
d_1477,0,2015-02-13,11502,7,2,2015,0,1,0,0.0,132.0,114.0,110.28571428571429,117.67857142857143,71.05799107234921,False,False,False,False,False,False,False,False,False,False,False,False,False,False,False,False,False,False,False,False,False,False,False,False,True,False,False,False,False,False,False,False,False,False,False,False,False,True,False,False,False,False,True,False,True,False
d_1478,0,2015-02-14,11503,1,2,2015,0,1,1,0.0,213.0,149.0,91.42857142857143,113.60714285714286,81.13539536449159,False,True,False,False,False,False,False,False,False,False,False,False,False,False,False,False,False,False,False,False,False,False,False,False,False,False,False,False,False,False,False,False,False,False,True,False,False,False,False,False,False,False,True,False,True,False
d_1479,2,2015-02-15,11503,2,2,2015,0,1,1,0.0,173.0,145.0,61.0,108.28571428571429,66.5782747348313,False,False,True,False,False,False,False,False,False,False,False,False,False,False,False,False,False,False,False,False,False,False,False,False,True,False,False,False,False,False,False,False,False,False,False,False,False,True,False,False,False,False,True,False,True,False
d_1480,3,2015-02-16,11503,3,2,2015,0,1,0,2.0,72.0,102.0,36.57142857142857,103.17857142857143,47.179999798139185,True,False,False,False,False,False,False,False,False,False,False,False,False,False,False,False,False,False,False,False,False,False,False,False,False,False,False,False,True,False,False,False,False,False,False,False,True,False,False,False,False,False,True,False,True,False
d_1481,2,2015-02-17,11503,4,2,2015,0,1,0,3.0,113.0,82.0,26.714285714285715,99.64285714285714,45.73005680335568,False,False,False,False,True,False,False,False,False,False,False,False,False,False,False,False,False,False,False,False,False,False,False,False,True,False,False,False,False,False,False,False,False,False,False,False,False,True,False,False,False,False,True,False,True,False
d_1482,5,2015-02-18,11503,5,2,2015,0,1,0,2.0,69.0,105.0,10.857142857142858,96.78571428571429,25.667285088407393,False,False,False,False,False,True,False,False,False,False,False,False,False,False,False,False,True,False,False,False,False,False,False,False,False,False,False,False,False,False,False,False,False,False,False,False,False,False,True,False,False,False,True,False,True,False
d_1483,0,2015-02-19,11503,6,2,2015,0,1,0,5.0,0.0,131.0,1.7142857142857142,93.21428571428571,1.8898223650634127,False,False,False,True,False,False,False,False,False,False,False,False,False,False,False,False,False,False,False,False,False,False,False,False,True,False,False,False,False,False,False,False,False,False,False,False,False,True,False,False,False,False,True,False,True,False
d_1484,0,2015-02-20,11503,7,2,2015,0,1,0,0.0,0.0,167.0,1.7142857142857142,88.53571428571429,1.8898223650634127,False,False,False,False,False,False,False,False,False,False,False,False,False,False,False,False,False,False,False,False,False,False,False,False,True,False,False,False,False,False,False,False,False,False,False,False,False,True,False,False,False,False,True,False,True,False
d_1485,6,2015-02-21,11504,1,2,2015,0,1,1,0.0,0.0,182.0,1.7142857142857142,82.57142857142857,1.8898223650634127,False,True,False,False,False,False,False,False,False,False,False,False,False,False,False,False,False,False,False,False,False,False,False,False,True,False,False,False,False,False,False,False,False,False,False,False,False,True,False,False,False,False,True,False,True,False
d_1486,0,2015-02-22,11504,2,2,2015,0,1,1,6.0,2.0,111.0,2.5714285714285716,76.28571428571429,2.2990681342184667,False,False,True,False,False,False,False,False,False,False,False,False,False,False,False,False,False,False,False,False,False,False,False,False,True,False,False,False,False,False,False,False,False,False,False,False,False,True,False,False,False,False,True,False,True,False
d_1487,0,2015-02-23,11504,3,2,2015,0,1,0,0.0,3.0,76.0,2.2857142857142856,72.32142857142857,2.4976179127640807,True,False,False,False,False,False,False,False,False,False,False,False,False,False,False,False,False,False,False,False,False,False,False,False,True,False,False,False,False,False,False,False,False,False,False,False,False,True,False,False,False,False,True,False,True,False
d_1488,1,2015-02-24,11504,4,2,2015,0,1,0,0.0,2.0,77.0,1.8571428571428572,69.60714285714286,2.6095064302639637,False,False,False,False,True,False,False,False,False,False,False,False,False,False,False,False,False,False,False,False,False,False,False,False,True,False,False,False,False,False,False,False,False,False,False,False,False,True,False,False,False,False,True,False,True,False
d_1489,0,2015-02-25,11504,5,2,2015,0,1,0,1.0,5.0,60.0,1.7142857142857142,66.89285714285714,2.6276913640736432,False,False,False,False,False,True,False,False,False,False,False,False,False,False,False,False,False,True,False,False,False,False,False,False,False,False,False,False,False,False,False,False,False,False,False,False,False,False,True,False,False,False,True,False,True,False
d_1490,1,2015-02-26,11504,6,2,2015,0,1,0,0.0,0.0,84.0,1.0,64.75,2.2360679775145407,False,False,False,True,False,False,False,False,False,False,False,False,False,False,False,False,False,False,False,False,False,False,False,False,True,False,False,False,False,False,False,False,False,False,False,False,False,True,False,False,False,False,True,False,True,False
d_1491,2,2015-02-27,11504,7,2,2015,0,1,0,1.0,0.0,135.0,1.1428571428571428,61.785714285714285,2.1930626551901438,False,False,False,False,False,False,False,False,False,False,False,False,False,False,False,False,False,False,False,False,False,False,False,False,True,False,False,False,False,False,False,False,False,False,False,False,False,True,False,False,False,False,True,False,True,False
d_1492,0,2015-02-28,11505,1,2,2015,0,1,1,2.0,6.0,173.0,1.4285714285714286,57.035714285714285,2.1491969707574934,False,True,False,False,False,False,False,False,False,False,False,False,False,False,False,False,False,False,False,False,False,False,False,False,True,False,False,False,False,False,False,False,False,False,False,False,False,True,False,False,False,False,True,False,True,False
d_1493,2,2015-03-01,11505,2,3,2015,1,1,1,0.0,0.0,194.0,0.5714285714285714,50.857142857142854,0.7867957925116202,False,False,True,False,False,False,False,False,False,False,False,False,False,False,False,False,False,False,False,False,False,False,False,False,True,False,False,False,False,False,False,False,False,False,False,False,False,True,False,False,False,False,True,False,True,False
d_1494,2,2015-03-02,11505,3,3,2015,1,1,0,2.0,0.0,148.0,0.8571428571428571,44.0,0.8997354108791715,True,False,False,False,False,False,False,False,False,False,False,False,False,False,False,False,False,False,False,False,False,False,False,False,True,False,False,False,False,False,False,False,False,False,False,False,False,True,False,False,False,False,True,False,True,False
d_1495,2,2015-03-03,11505,4,3,2015,1,1,0,2.0,1.0,57.0,1.1428571428571428,38.785714285714285,0.8997354108790229,False,False,False,False,True,False,False,False,False,False,False,False,False,False,False,False,False,False,False,False,False,False,False,False,True,False,False,False,False,False,False,False,False,False,False,False,False,True,False,False,False,False,True,False,True,False
d_1496,2,2015-03-04,11505,5,3,2015,1,1,0,2.0,0.0,91.0,1.2857142857142858,36.82142857142857,0.9511897312458779,False,False,False,False,False,True,False,False,False,False,False,False,False,False,False,False,False,False,False,False,False,False,False,False,True,False,False,False,False,False,False,False,False,False,False,False,False,True,False,False,False,False,True,False,True,False
d_1497,1,2015-03-05,11505,6,3,2015,1,1,0,2.0,1.0,140.0,1.5714285714285714,33.642857142857146,0.7867957925110253,False,False,False,True,False,False,False,False,False,False,False,False,False,False,False,False,False,False,False,False,False,False,False,False,False,False,False,False,False,True,False,False,False,False,False,False,False,False,True,False,False,False,True,False,True,False
d_1498,0,2015-03-06,11505,7,3,2015,1,1,0,1.0,2.0,132.0,1.5714285714285714,28.678571428571427,0.7867957925110253,False,False,False,False,False,False,False,False,False,False,False,False,False,False,False,False,False,False,False,False,False,False,False,False,True,False,False,False,False,False,False,False,False,False,False,False,False,True,False,False,False,False,True,False,True,False
d_1499,0,2015-03-07,11506,1,3,2015,1,1,1,0.0,0.0,213.0,1.2857142857142858,23.964285714285715,0.9511897312458779,False,True,False,False,False,False,False,False,False,False,False,False,False,False,False,False,False,False,False,False,False,False,False,False,True,False,False,False,False,False,False,False,False,False,False,False,False,True,False,False,False,False,True,False,True,False
d_1500,0,2015-03-08,11506,2,3,2015,1,1,1,0.0,2.0,173.0,1.2857142857142858,16.357142857142858,0.9511897312458779,False,False,True,False,False,False,False,False,False,False,False,False,False,False,False,False,False,False,False,False,False,False,False,False,True,False,False,False,False,False,False,False,False,False,False,False,False,True,False,False,False,False,True,False,True,False
d_1501,0,2015-03-09,11506,3,3,2015,1,1,0,0.0,2.0,72.0,1.0,10.178571428571429,1.000000000032984,True,False,False,False,False,False,False,False,False,False,False,False,False,False,False,False,False,False,False,False,False,False,False,False,True,False,False,False,False,False,False,False,False,False,False,False,False,True,False,False,False,False,True,False,True,False
d_1502,0,2015-03-10,11506,4,3,2015,1,1,0,0.0,2.0,113.0,0.7142857142857143,7.607142857142857,0.951189731246159,False,False,False,False,True,False,False,False,False,False,False,False,False,False,False,False,False,False,False,False,False,False,False,False,True,False,False,False,False,False,False,False,False,False,False,False,False,True,False,False,False,False,True,False,True,False
d_1503,0,2015-03-11,11506,5,3,2015,0,1,0,0.0,2.0,69.0,0.42857142857142855,3.5714285714285716,0.7867957925117051,False,False,False,False,False,True,False,False,False,False,False,False,False,False,False,False,False,False,False,False,False,False,False,False,True,False,False,False,False,False,False,False,False,False,False,False,False,True,False,False,False,False,True,False,True,False
d_1504,166,2015-03-12,11506,6,3,2015,0,1,0,0.0,1.0,0.0,0.14285714285714285,1.1071428571428572,0.377964473097556,False,False,False,True,False,False,False,False,False,False,False,False,False,False,False,False,False,False,False,False,False,False,False,False,True,False,False,False,False,False,False,False,False,False,False,False,False,True,False,False,False,False,True,False,True,False
d_1505,265,2015-03-13,11506,7,3,2015,0,1,0,166.0,0.0,0.0,23.714285714285715,7.035714285714286,62.742102519532075,False,False,False,False,False,False,False,False,False,False,False,False,False,False,False,False,False,False,False,False,False,False,False,False,True,False,False,False,False,False,False,False,False,False,False,False,False,True,False,False,False,False,True,False,True,False
d_1506,257,2015-03-14,11507,1,3,2015,0,1,1,265.0,0.0,0.0,61.57142857142857,16.5,108.96766667664491,False,True,False,False,False,False,False,False,False,False,False,False,False,False,False,False,False,False,False,False,False,False,False,False,True,False,False,False,False,False,False,False,False,False,False,False,False,True,False,False,False,False,True,False,True,False
d_1507,189,2015-03-15,11507,2,3,2015,0,1,1,257.0,0.0,2.0,98.28571428571429,25.678571428571427,126.62900442594002,False,False,True,False,False,False,False,False,False,False,False,False,False,False,False,False,False,False,False,False,False,False,False,False,True,False,False,False,False,False,False,False,False,False,False,False,False,True,False,False,False,False,True,False,True,False
d_1508,74,2015-03-16,11507,3,3,2015,0,1,0,189.0,0.0,3.0,125.28571428571429,32.357142857142854,122.25344478543218,True,False,False,False,False,False,False,False,False,False,False,False,False,False,False,False,False,False,False,False,False,False,False,False,True,False,False,False,False,False,False,False,False,False,False,False,False,True,False,False,False,False,True,False,True,False
d_1509,85,2015-03-17,11507,4,3,2015,0,1,0,74.0,0.0,2.0,135.85714285714286,34.892857142857146,112.41801245267355,False,False,False,False,True,False,False,False,False,False,False,False,False,False,False,False,False,False,False,False,False,False,False,False,False,False,False,False,False,False,False,True,False,False,False,False,False,False,False,False,False,False,True,False,True,False
d_1510,74,2015-03-18,11507,5,3,2015,0,1,0,85.0,0.0,5.0,148.0,37.857142857142854,99.0992768221171,False,False,False,False,False,True,False,False,False,False,False,False,False,False,False,False,False,False,False,False,False,False,False,False,True,False,False,False,False,False,False,False,False,False,False,False,False,True,False,False,False,False,True,False,True,False
d_1511,72,2015-03-19,11507,6,3,2015,0,1,0,74.0,166.0,0.0,158.57142857142858,40.32142857142857,83.38036767900243,False,False,False,True,False,False,False,False,False,False,False,False,False,False,False,False,False,False,False,False,False,False,False,False,True,False,False,False,False,False,False,False,False,False,False,False,False,True,False,False,False,False,True,False,True,False
d_1512,99,2015-03-20,11507,7,3,2015,0,1,0,72.0,265.0,0.0,145.14285714285714,42.892857142857146,89.34097337621442,False,False,False,False,False,False,False,False,False,False,False,False,False,False,False,False,False,False,False,False,False,False,False,False,True,False,False,False,False,False,False,False,False,False,False,False,False,True,False,False,False,False,True,False,True,False
d_1513,115,2015-03-21,11508,1,3,2015,0,1,1,99.0,257.0,6.0,121.42857142857143,46.42857142857143,72.70684778124867,False,True,False,False,False,False,False,False,False,False,False,False,False,False,False,False,False,False,False,False,False,False,False,False,True,False,False,False,False,False,False,False,False,False,False,False,False,True,False,False,False,False,True,False,True,False
d_1514,105,2015-03-22,11508,2,3,2015,0,1,1,115.0,189.0,0.0,101.14285714285714,50.32142857142857,41.83072463882844,False,False,True,False,False,False,False,False,False,False,False,False,False,False,False,False,False,False,False,False,False,False,False,False,True,False,False,False,False,False,False,False,False,False,False,False,False,True,False,False,False,False,True,False,True,False
d_1515,60,2015-03-23,11508,3,3,2015,0,1,0,105.0,74.0,0.0,89.14285714285714,54.07142857142857,17.257158625031465,True,False,False,False,False,False,False,False,False,False,False,False,False,False,False,False,False,False,False,False,False,False,False,False,True,False,False,False,False,False,False,False,False,False,False,False,False,True,False,False,False,False,True,False,True,False
d_1516,62,2015-03-24,11508,4,3,2015,0,1,0,60.0,85.0,1.0,87.14285714285714,56.214285714285715,19.91170988328642,False,False,False,False,True,False,False,False,False,False,False,False,False,False,False,False,False,False,False,False,False,False,False,False,True,False,False,False,False,False,False,False,False,False,False,False,False,True,False,False,False,False,True,False,True,False
d_1517,62,2015-03-25,11508,5,3,2015,0,1,0,62.0,74.0,0.0,83.85714285714286,58.392857142857146,22.101497471351767,False,False,False,False,False,True,False,False,False,False,False,False,False,False,False,False,False,False,False,False,False,False,False,False,True,False,False,False,False,False,False,False,False,False,False,False,False,True,False,False,False,False,True,False,True,False
d_1518,114,2015-03-26,11508,6,3,2015,0,1,0,62.0,72.0,1.0,82.14285714285714,60.607142857142854,23.419568537361442,False,False,False,True,False,False,False,False,False,False,False,False,False,False,False,False,False,False,False,False,False,False,False,False,True,False,False,False,False,False,False,False,False,False,False,False,False,True,False,False,False,False,True,False,True,False
d_1519,111,2015-03-27,11508,7,3,2015,0,1,0,114.0,99.0,2.0,88.14285714285714,64.64285714285714,25.660790916808573,False,False,False,False,False,False,False,False,False,False,False,False,False,False,False,False,False,False,False,False,False,False,False,False,True,False,False,False,False,False,False,False,False,False,False,False,False,True,False,False,False,False,True,False,True,False
d_1520,101,2015-03-28,11509,1,3,2015,0,1,1,111.0,115.0,0.0,89.85714285714286,68.53571428571429,26.878917211751,False,True,False,False,False,False,False,False,False,False,False,False,False,False,False,False,False,False,False,False,False,False,False,False,True,False,False,False,False,False,False,False,False,False,False,False,False,True,False,False,False,False,True,False,True,False
d_1521,96,2015-03-29,11509,2,3,2015,0,1,1,101.0,105.0,2.0,87.85714285714286,72.14285714285714,25.162330121489788,False,False,True,False,False,False,False,False,False,False,False,False,False,False,False,False,False,False,False,False,False,False,False,False,True,False,False,False,False,False,False,False,False,False,False,False,False,True,False,False,False,False,True,False,True,False
d_1522,79,2015-03-30,11509,3,3,2015,0,1,0,96.0,60.0,2.0,86.57142857142857,75.5,24.35745705704293,True,False,False,False,False,False,False,False,False,False,False,False,False,False,False,False,False,False,False,False,False,False,False,False,True,False,False,False,False,False,False,False,False,False,False,False,False,True,False,False,False,False,True,False,True,False
d_1523,70,2015-03-31,11509,4,3,2015,0,1,0,79.0,62.0,2.0,89.28571428571429,78.25,21.83051599416291,False,False,False,False,True,False,False,False,False,False,False,False,False,False,False,False,False,False,False,False,False,False,False,False,True,False,False,False,False,False,False,False,False,False,False,False,False,True,False,False,False,False,True,False,True,False
d_1524,64,2015-04-01,11509,5,4,2015,1,2,0,70.0,62.0,2.0,90.42857142857143,80.67857142857143,20.321229809053243,False,False,False,False,False,True,False,False,False,False,False,False,False,False,False,False,False,False,False,False,False,False,False,False,True,False,False,False,False,False,False,False,False,False,False,False,False,True,False,False,False,False,True,False,True,False
d_1525,95,2015-04-02,11509,6,4,2015,1,2,0,64.0,114.0,1.0,90.71428571428571,82.89285714285714,19.863822103799702,False,False,False,True,False,False,False,False,False,False,False,False,False,False,False,False,False,False,False,False,False,False,False,False,True,False,False,False,False,False,False,False,False,False,False,False,False,True,False,False,False,False,True,False,True,False
d_1526,141,2015-04-03,11509,7,4,2015,1,2,0,95.0,111.0,0.0,88.0,86.25,17.281975195753574,False,False,False,False,False,False,False,False,False,False,False,False,False,False,False,False,False,False,False,False,False,False,False,False,True,False,False,False,False,False,False,False,False,False,False,False,False,True,False,False,False,False,True,False,True,False
d_1527,159,2015-04-04,11510,1,4,2015,1,2,1,141.0,101.0,0.0,92.28571428571429,91.28571428571429,25.636655305208336,False,True,False,False,False,False,False,False,False,False,False,False,False,False,False,False,False,False,False,False,False,False,False,False,True,False,False,False,False,False,False,False,False,False,False,False,False,True,False,False,False,False,True,False,True,False
d_1528,176,2015-04-05,11510,2,4,2015,1,2,1,159.0,96.0,0.0,100.57142857142857,96.96428571428571,36.14257481538468,False,False,True,False,False,False,False,False,False,True,False,False,False,False,False,False,False,False,False,False,False,False,False,False,False,False,False,False,False,False,False,False,False,False,False,False,False,False,False,False,False,False,True,False,True,False
d_1529,82,2015-04-06,11510,3,4,2015,1,2,0,176.0,79.0,0.0,112.0,103.25,45.81120678029145,True,False,False,False,False,False,False,False,False,False,False,False,False,False,False,False,False,False,False,False,False,False,False,False,True,False,False,False,False,False,False,False,False,False,False,False,False,True,False,False,False,False,True,False,True,False
d_1530,72,2015-04-07,11510,4,4,2015,1,2,0,82.0,70.0,0.0,112.42857142857143,106.17857142857143,45.46374798619593,False,False,False,False,True,False,False,False,False,False,False,False,False,False,False,False,False,False,False,False,False,False,False,False,True,False,False,False,False,False,False,False,False,False,False,False,False,True,False,False,False,False,True,False,True,False
d_1531,109,2015-04-08,11510,5,4,2015,1,2,0,72.0,64.0,0.0,112.71428571428571,108.75,45.15792394738767,False,False,False,False,False,True,False,False,False,False,False,False,False,False,False,False,False,False,False,False,False,False,False,False,True,False,False,False,False,False,False,False,False,False,False,False,False,True,False,False,False,False,True,False,True,False
d_1532,89,2015-04-09,11510,6,4,2015,1,2,0,109.0,95.0,166.0,119.14285714285714,112.64285714285714,39.972609669741004,False,False,False,True,False,False,False,False,False,False,False,False,False,False,False,False,False,False,False,False,False,False,False,False,True,False,False,False,False,False,False,False,False,False,False,False,False,True,False,False,False,False,True,False,True,False
d_1533,128,2015-04-10,11510,7,4,2015,1,2,0,89.0,141.0,265.0,118.28571428571429,109.89285714285714,40.63542906427892,False,False,False,False,False,False,False,False,False,False,False,False,False,False,False,False,False,False,False,False,False,False,False,False,True,False,False,False,False,False,False,False,False,False,False,False,False,True,False,False,False,False,True,False,True,False
d_1534,116,2015-04-11,11511,1,4,2015,0,2,1,128.0,159.0,257.0,116.42857142857143,105.0,39.710859735749004,False,True,False,False,False,False,False,False,False,False,False,False,False,False,False,False,False,False,False,False,False,False,False,False,False,False,False,True,False,False,False,False,False,False,False,False,False,False,True,False,False,False,True,False,True,False
d_1535,131,2015-04-12,11511,2,4,2015,0,2,1,116.0,176.0,189.0,110.28571428571429,99.96428571428571,35.084252334982395,False,False,True,False,False,False,False,False,False,False,False,False,False,False,False,False,False,False,False,False,False,False,False,False,False,False,True,False,False,False,False,False,False,False,False,False,False,False,True,False,False,False,True,False,True,False
d_1536,62,2015-04-13,11511,3,4,2015,0,2,0,131.0,82.0,74.0,103.85714285714286,97.89285714285714,23.11874110924191,True,False,False,False,False,False,False,False,False,False,False,False,False,False,False,False,False,False,False,False,False,False,False,False,True,False,False,False,False,False,False,False,False,False,False,False,False,True,False,False,False,False,True,False,True,False
d_1537,79,2015-04-14,11511,4,4,2015,0,2,0,62.0,72.0,85.0,101.0,97.46428571428571,27.153882472554404,False,False,False,False,True,False,False,False,False,False,False,False,False,False,False,False,False,False,False,False,False,False,False,False,True,False,False,False,False,False,False,False,False,False,False,False,False,True,False,False,False,False,True,False,True,False
d_1538,104,2015-04-15,11511,5,4,2015,0,2,0,79.0,109.0,74.0,102.0,97.25,26.012817353501518,False,False,False,False,False,True,False,False,False,False,False,False,False,False,False,False,False,False,False,False,False,False,False,False,True,False,False,False,False,False,False,False,False,False,False,False,False,True,False,False,False,False,True,False,True,False
d_1539,129,2015-04-16,11511,6,4,2015,0,2,0,104.0,89.0,72.0,101.28571428571429,98.32142857142857,25.856748221139338,False,False,False,True,False,False,False,False,False,False,False,False,False,False,False,False,False,False,False,False,False,False,False,False,True,False,False,False,False,False,False,False,False,False,False,False,False,True,False,False,False,False,True,False,True,False
d_1540,161,2015-04-17,11511,7,4,2015,0,2,0,129.0,128.0,99.0,107.0,100.35714285714286,27.080128015452438,False,False,False,False,False,False,False,False,False,False,False,False,False,False,False,False,False,False,False,False,False,False,False,False,True,False,False,False,False,False,False,False,False,False,False,False,False,True,False,False,False,False,True,False,True,False
d_1541,192,2015-04-18,11512,1,4,2015,0,2,1,161.0,116.0,115.0,111.71428571428571,102.57142857142857,33.464978139910926,False,True,False,False,False,False,False,False,False,False,False,False,False,False,False,False,False,False,False,False,False,False,False,False,True,False,False,False,False,False,False,False,False,False,False,False,False,True,False,False,False,False,True,False,True,False
d_1542,141,2015-04-19,11512,2,4,2015,0,2,1,192.0,131.0,105.0,122.57142857142857,105.32142857142857,45.31687376263936,False,False,True,False,False,False,False,False,False,False,False,False,False,False,False,False,False,False,False,False,False,False,False,False,True,False,False,False,False,False,False,False,False,False,False,False,False,True,False,False,False,False,True,False,True,False
d_1543,63,2015-04-20,11512,3,4,2015,0,2,0,141.0,62.0,60.0,124.0,106.60714285714286,45.782092569037765,True,False,False,False,False,False,False,False,False,False,False,False,False,False,False,False,False,False,False,False,False,False,False,False,True,False,False,False,False,False,False,False,False,False,False,False,False,True,False,False,False,False,True,False,True,False
d_1544,80,2015-04-21,11512,4,4,2015,0,2,0,63.0,79.0,62.0,124.14285714285714,106.71428571428571,45.55739446540082,False,False,False,False,True,False,False,False,False,False,False,False,False,False,False,False,False,False,False,False,False,False,False,False,True,False,False,False,False,False,False,False,False,False,False,False,False,True,False,False,False,False,True,False,True,False
d_1545,127,2015-04-22,11512,5,4,2015,0,2,0,80.0,104.0,62.0,124.28571428571429,107.35714285714286,45.393517472997964,False,False,False,False,False,True,False,False,False,False,False,False,False,False,False,False,False,False,False,False,False,False,False,False,True,False,False,False,False,False,False,False,False,False,False,False,False,True,False,False,False,False,True,False,True,False
d_1546,68,2015-04-23,11512,6,4,2015,0,2,0,127.0,129.0,114.0,127.57142857142857,109.67857142857143,44.50414640928402,False,False,False,True,False,False,False,False,False,False,False,False,False,False,False,False,False,False,False,False,False,False,False,False,True,False,False,False,False,False,False,False,False,False,False,False,False,True,False,False,False,False,True,False,True,False
d_1547,130,2015-04-24,11512,7,4,2015,0,2,0,68.0,161.0,111.0,118.85714285714286,108.03571428571429,49.83114344607,False,False,False,False,False,False,False,False,False,False,False,False,False,False,False,False,False,False,False,False,False,False,False,False,True,False,False,False,False,False,False,False,False,False,False,False,False,True,False,False,False,False,True,False,True,False
d_1548,205,2015-04-25,11513,1,4,2015,0,2,1,130.0,192.0,101.0,114.42857142857143,108.71428571428571,46.74347420712685,False,True,False,False,False,False,False,False,False,False,False,False,False,False,False,False,False,False,False,False,False,False,False,False,True,False,False,False,False,False,False,False,False,False,False,False,False,True,False,False,False,False,True,False,True,False
d_1549,139,2015-04-26,11513,2,4,2015,0,2,1,205.0,141.0,96.0,116.28571428571429,112.42857142857143,50.450352776150595,False,False,True,False,False,False,False,False,False,False,False,False,False,False,False,False,False,False,False,False,False,False,False,False,True,False,False,False,False,False,False,False,False,False,False,False,False,True,False,False,False,False,True,False,True,False
d_1550,113,2015-04-27,11513,3,4,2015,0,2,0,139.0,63.0,79.0,116.0,113.96428571428571,50.2924779001123,True,False,False,False,False,False,False,False,False,False,False,False,False,False,False,False,False,False,False,False,False,False,False,False,True,False,False,False,False,False,False,False,False,False,False,False,False,True,False,False,False,False,True,False,True,False
d_1551,119,2015-04-28,11513,4,4,2015,0,2,0,113.0,80.0,70.0,123.14285714285714,115.17857142857143,44.75648396760855,False,False,False,False,True,False,False,False,False,False,False,False,False,False,False,False,False,False,False,False,False,False,False,False,True,False,False,False,False,False,False,False,False,False,False,False,False,True,False,False,False,False,True,False,True,False
d_1552,96,2015-04-29,11513,5,4,2015,0,2,0,119.0,127.0,64.0,128.71428571428572,116.92857142857143,40.737837799414045,False,False,False,False,False,True,False,False,False,False,False,False,False,False,False,False,False,False,False,False,False,False,False,False,True,False,False,False,False,False,False,False,False,False,False,False,False,True,False,False,False,False,True,False,True,False
d_1553,118,2015-04-30,11513,6,4,2015,0,2,0,96.0,68.0,95.0,124.28571428571429,118.07142857142857,42.59778666282289,False,False,False,True,False,False,False,False,False,False,False,False,False,False,False,False,False,False,False,False,False,False,False,False,True,False,False,False,False,False,False,False,False,False,False,False,False,True,False,False,False,False,True,False,True,False
d_1554,183,2015-05-01,11513,7,5,2015,1,2,0,118.0,130.0,141.0,131.42857142857142,118.89285714285714,35.1229134272626,False,False,False,False,False,False,False,False,False,False,False,False,False,False,False,False,False,False,False,False,False,False,False,False,True,False,False,False,False,False,False,False,False,False,False,False,False,True,False,False,False,False,True,False,True,False
d_1555,241,2015-05-02,11514,1,5,2015,1,2,1,183.0,205.0,159.0,139.0,120.39285714285714,40.120651373907116,False,True,False,False,False,False,False,False,False,False,False,False,False,False,False,False,False,False,False,False,False,False,False,False,True,False,False,False,False,False,False,False,False,False,False,False,False,True,False,False,False,False,True,False,True,False
d_1556,136,2015-05-03,11514,2,5,2015,1,2,1,241.0,139.0,176.0,144.14285714285714,123.32142857142857,50.86068740991854,False,False,True,False,False,False,False,False,False,False,False,False,False,False,False,False,False,False,False,False,False,False,False,False,True,False,False,False,False,False,False,False,False,False,False,False,False,True,False,False,False,False,True,False,True,False
d_1557,203,2015-05-04,11514,3,5,2015,1,2,0,136.0,113.0,82.0,143.71428571428572,121.89285714285714,50.9238460373725,True,False,False,False,False,False,False,False,False,False,False,False,False,False,False,False,False,False,False,False,False,False,False,False,True,False,False,False,False,False,False,False,False,False,False,False,False,True,False,False,False,False,True,False,True,False
d_1558,121,2015-05-05,11514,4,5,2015,1,2,0,203.0,119.0,72.0,156.57142857142858,126.21428571428571,53.187896940490994,False,False,False,False,True,False,False,True,False,False,False,False,False,False,False,False,False,False,False,False,False,False,False,False,False,False,False,False,False,False,False,False,False,False,False,False,False,False,False,False,False,False,True,False,True,False
d_1559,108,2015-05-06,11514,5,5,2015,1,2,0,121.0,96.0,109.0,156.85714285714286,127.96428571428571,52.95730535512641,False,False,False,False,False,True,False,False,False,False,False,False,False,False,False,False,False,False,False,False,False,False,False,False,True,False,False,False,False,False,False,False,False,False,False,False,False,True,False,False,False,False,True,False,True,False
d_1560,104,2015-05-07,11514,6,5,2015,1,2,0,108.0,118.0,89.0,158.57142857142858,127.92857142857143,50.80963538167693,False,False,False,True,False,False,False,False,False,False,False,False,False,False,False,False,False,False,False,False,False,False,False,False,True,False,False,False,False,False,False,False,False,False,False,False,False,True,False,False,False,False,True,False,True,False
d_1561,180,2015-05-08,11514,7,5,2015,1,2,0,104.0,183.0,128.0,156.57142857142858,128.46428571428572,52.905126225653134,False,False,False,False,False,False,False,False,False,False,False,False,False,False,False,False,False,False,False,False,False,False,False,False,True,False,False,False,False,False,False,False,False,False,False,False,False,True,False,False,False,False,True,False,True,False
d_1562,245,2015-05-09,11515,1,5,2015,1,2,1,180.0,241.0,116.0,156.14285714285714,130.32142857142858,52.66696805218082,False,True,False,False,False,False,False,False,False,False,False,False,False,False,False,False,False,False,False,False,False,False,False,False,True,False,False,False,False,False,False,False,False,False,False,False,False,True,False,False,False,False,True,False,True,False
d_1563,126,2015-05-10,11515,2,5,2015,1,2,1,245.0,136.0,131.0,156.71428571428572,134.92857142857142,53.75163341925533,False,False,True,False,False,False,False,False,False,False,False,False,False,False,False,False,False,False,False,False,True,False,False,False,False,False,False,False,False,False,False,False,False,False,False,False,False,False,False,False,False,False,True,False,True,False
d_1564,62,2015-05-11,11515,3,5,2015,0,2,0,126.0,203.0,62.0,155.28571428571428,134.75,54.52129335013377,True,False,False,False,False,False,False,False,False,False,False,False,False,False,False,False,False,False,False,False,False,False,False,False,True,False,False,False,False,False,False,False,False,False,False,False,False,True,False,False,False,False,True,False,True,False
d_1565,178,2015-05-12,11515,4,5,2015,0,2,0,62.0,121.0,79.0,135.14285714285714,134.75,59.75067244092563,False,False,False,False,True,False,False,False,False,False,False,False,False,False,False,False,False,False,False,False,False,False,False,False,True,False,False,False,False,False,False,False,False,False,False,False,False,True,False,False,False,False,True,False,True,False
d_1566,163,2015-05-13,11515,5,5,2015,0,2,0,178.0,108.0,104.0,143.28571428571428,138.28571428571428,61.3642520411628,False,False,False,False,False,True,False,False,False,False,False,False,False,False,False,False,False,False,False,False,False,False,False,False,True,False,False,False,False,False,False,False,False,False,False,False,False,True,False,False,False,False,True,False,True,False
d_1567,0,2015-05-14,11515,6,5,2015,0,2,0,163.0,104.0,129.0,151.14285714285714,140.39285714285714,59.588669424727385,False,False,False,True,False,False,False,False,False,False,False,False,False,False,False,False,False,False,False,False,False,False,False,False,True,False,False,False,False,False,False,False,False,False,False,False,False,True,False,False,False,False,True,False,True,False
d_1568,0,2015-05-15,11515,7,5,2015,0,2,0,0.0,180.0,161.0,136.28571428571428,135.78571428571428,82.03802834806567,False,False,False,False,False,False,False,False,False,False,False,False,False,False,False,False,False,False,False,False,False,False,False,False,True,False,False,False,False,False,False,False,False,False,False,False,False,True,False,False,False,False,True,False,True,False
d_1569,0,2015-05-16,11516,1,5,2015,0,2,1,0.0,245.0,192.0,110.57142857142857,130.03571428571428,93.46631682564761,False,True,False,False,False,False,False,False,False,False,False,False,False,False,False,False,False,False,False,False,False,False,False,False,True,False,False,False,False,False,False,False,False,False,False,False,False,True,False,False,False,False,True,False,True,False
d_1570,1,2015-05-17,11516,2,5,2015,0,2,1,0.0,126.0,141.0,75.57142857142857,123.17857142857143,79.57775472843547,False,False,True,False,False,False,False,False,False,False,False,False,False,False,False,False,False,False,False,False,False,False,False,False,True,False,False,False,False,False,False,False,False,False,False,False,False,True,False,False,False,False,True,False,True,False
d_1571,0,2015-05-18,11516,3,5,2015,0,2,0,1.0,62.0,63.0,57.714285714285715,118.17857142857143,80.39633964659977,True,False,False,False,False,False,False,False,False,False,False,False,False,False,False,False,False,False,False,False,False,False,False,False,True,False,False,False,False,False,False,False,False,False,False,False,False,True,False,False,False,False,True,False,True,False
d_1572,3,2015-05-19,11516,4,5,2015,0,2,0,0.0,178.0,80.0,48.857142857142854,115.92857142857143,83.21143465379544,False,False,False,False,True,False,False,False,False,False,False,False,False,False,False,False,False,False,False,False,False,False,False,False,True,False,False,False,False,False,False,False,False,False,False,False,False,True,False,False,False,False,True,False,True,False
d_1573,0,2015-05-20,11516,5,5,2015,0,2,0,3.0,163.0,127.0,23.857142857142858,113.17857142857143,61.36619202630676,False,False,False,False,False,True,False,False,False,False,False,False,False,False,False,False,False,False,False,False,False,False,False,False,True,False,False,False,False,False,False,False,False,False,False,False,False,True,False,False,False,False,True,False,True,False
d_1574,4,2015-05-21,11516,6,5,2015,0,2,0,0.0,0.0,68.0,0.5714285714285714,108.64285714285714,1.1338934190508898,False,False,False,True,False,False,False,False,False,False,False,False,False,False,False,False,False,False,False,False,False,False,False,False,True,False,False,False,False,False,False,False,False,False,False,False,False,True,False,False,False,False,True,False,True,False
d_1575,1,2015-05-22,11516,7,5,2015,0,2,0,4.0,0.0,130.0,1.1428571428571428,106.35714285714286,1.6761634197106032,False,False,False,False,False,False,False,False,False,False,False,False,False,False,False,False,False,False,False,False,False,False,False,False,True,False,False,False,False,False,False,False,False,False,False,False,False,True,False,False,False,False,True,False,True,False
d_1576,0,2015-05-23,11517,1,5,2015,0,2,1,1.0,0.0,205.0,1.2857142857142858,101.75,1.6035674514907634,False,True,False,False,False,False,False,False,False,False,False,False,False,False,False,False,False,False,False,False,False,False,False,False,True,False,False,False,False,False,False,False,False,False,False,False,False,True,False,False,False,False,True,False,True,False
d_1577,3,2015-05-24,11517,2,5,2015,0,2,1,0.0,1.0,139.0,1.2857142857142858,94.42857142857143,1.6035674514907634,False,False,True,False,False,False,False,False,False,False,False,False,False,False,False,False,False,False,False,False,False,False,False,False,True,False,False,False,False,False,False,False,False,False,False,False,False,True,False,False,False,False,True,False,True,False
d_1578,2,2015-05-25,11517,3,5,2015,0,2,0,3.0,0.0,113.0,1.5714285714285714,89.57142857142857,1.7182493859835115,True,False,False,False,False,False,False,False,False,False,False,False,False,False,False,False,False,False,False,True,False,False,False,False,False,False,False,False,False,False,False,False,False,False,False,False,True,False,False,False,False,False,True,False,True,False
d_1579,2,2015-05-26,11517,4,5,2015,0,2,0,2.0,3.0,119.0,1.8571428571428572,85.60714285714286,1.5735915849552544,False,False,False,False,True,False,False,False,False,False,False,False,False,False,False,False,False,False,False,False,False,False,False,False,True,False,False,False,False,False,False,False,False,False,False,False,False,True,False,False,False,False,True,False,True,False
d_1580,0,2015-05-27,11517,5,5,2015,0,2,0,2.0,0.0,96.0,1.7142857142857142,81.42857142857143,1.4960264831034495,False,False,False,False,False,True,False,False,False,False,False,False,False,False,False,False,False,False,False,False,False,False,False,False,True,False,False,False,False,False,False,False,False,False,False,False,False,True,False,False,False,False,True,False,True,False
d_1581,1,2015-05-28,11517,6,5,2015,0,2,0,0.0,4.0,118.0,1.7142857142857142,78.0,1.4960264831034495,False,False,False,True,False,False,False,False,False,False,False,False,False,False,False,False,False,False,False,False,False,False,False,False,True,False,False,False,False,False,False,False,False,False,False,False,False,True,False,False,False,False,True,False,True,False
d_1582,0,2015-05-29,11517,7,5,2015,0,2,0,1.0,1.0,183.0,1.2857142857142858,73.82142857142857,1.1126972805517452,False,False,False,False,False,False,False,False,False,False,False,False,False,False,False,False,False,False,False,False,False,False,False,False,True,False,False,False,False,False,False,False,False,False,False,False,False,True,False,False,False,False,True,False,True,False
d_1583,1,2015-05-30,11518,1,5,2015,0,2,1,0.0,0.0,241.0,1.1428571428571428,67.28571428571429,1.2149857926093668,False,True,False,False,False,False,False,False,False,False,False,False,False,False,False,False,False,False,False,False,False,False,False,False,True,False,False,False,False,False,False,False,False,False,False,False,False,True,False,False,False,False,True,False,True,False
d_1584,0,2015-05-31,11518,2,5,2015,0,2,1,1.0,3.0,136.0,1.2857142857142858,58.714285714285715,1.1126972805517452,False,False,True,False,False,False,False,False,False,False,False,False,False,False,False,False,False,False,False,False,False,False,False,False,True,False,False,False,False,False,False,False,False,False,False,False,False,True,False,False,False,False,True,False,True,False
d_1585,4,2015-06-01,11518,3,6,2015,1,2,0,0.0,2.0,203.0,0.8571428571428571,53.857142857142854,0.8997354108715482,True,False,False,False,False,False,False,False,False,False,False,False,False,False,False,False,False,False,False,False,False,False,False,False,True,False,False,False,False,False,False,False,False,False,False,False,False,True,False,False,False,False,True,False,True,False
d_1586,0,2015-06-02,11518,4,6,2015,1,2,0,4.0,2.0,121.0,1.1428571428571428,46.75,1.4638501094406073,False,False,False,False,True,False,False,False,False,False,False,False,False,False,False,False,False,False,False,False,False,False,False,False,True,False,False,False,False,False,False,False,False,False,False,False,False,True,False,False,False,False,True,False,True,False
d_1587,3,2015-06-03,11518,5,6,2015,1,2,0,0.0,0.0,108.0,0.8571428571428571,42.42857142857143,1.4638501094406922,False,False,False,False,False,True,False,False,False,False,False,False,False,False,False,False,False,False,False,False,False,False,False,False,True,False,False,False,False,False,False,False,False,False,False,False,False,True,False,False,False,False,True,False,True,False
d_1588,0,2015-06-04,11518,6,6,2015,1,2,0,3.0,1.0,104.0,1.2857142857142858,38.67857142857143,1.6035674514907636,False,False,False,True,False,False,False,False,False,False,False,False,False,False,False,False,False,False,False,False,False,False,True,False,False,False,False,False,False,False,False,False,False,False,False,False,False,False,False,True,False,False,True,False,True,False
d_1589,1,2015-06-05,11518,7,6,2015,1,2,0,0.0,0.0,180.0,1.1428571428571428,34.964285714285715,1.6761634197106035,False,False,False,False,False,False,False,False,False,False,False,False,False,False,False,False,False,False,False,False,False,False,False,False,True,False,False,False,False,False,False,False,False,False,False,False,False,True,False,False,False,False,True,False,True,False
d_1590,2,2015-06-06,11519,1,6,2015,1,2,1,1.0,1.0,245.0,1.2857142857142858,28.571428571428573,1.6035674514907636,False,True,False,False,False,False,False,False,False,False,False,False,False,False,False,False,False,False,False,False,False,False,False,False,True,False,False,False,False,False,False,False,False,False,False,False,False,True,False,False,False,False,True,False,True,False
d_1591,0,2015-06-07,11519,2,6,2015,1,2,1,2.0,0.0,126.0,1.4285714285714286,19.892857142857142,1.618347187441405,False,False,True,False,False,False,False,False,False,False,False,False,False,False,False,False,False,False,False,False,False,False,False,False,True,False,False,False,False,False,False,False,False,False,False,False,False,True,False,False,False,False,True,False,True,False
d_1592,0,2015-06-08,11519,3,6,2015,1,2,0,0.0,4.0,62.0,1.4285714285714286,15.392857142857142,1.618347187441405,True,False,False,False,False,False,False,False,False,False,False,False,False,False,False,False,False,False,False,False,False,False,False,False,True,False,False,False,False,False,False,False,False,False,False,False,False,True,False,False,False,False,True,False,True,False
d_1593,1,2015-06-09,11519,4,6,2015,1,2,0,0.0,0.0,178.0,0.8571428571428571,13.178571428571429,1.2149857926094696,False,False,False,False,True,False,False,False,False,False,False,False,False,False,False,False,False,False,False,False,False,False,False,False,True,False,False,False,False,False,False,False,False,False,False,False,False,True,False,False,False,False,True,False,True,False
d_1594,0,2015-06-10,11519,5,6,2015,1,2,0,1.0,3.0,163.0,1.0,6.857142857142857,1.154700538401881,False,False,False,False,False,True,False,False,False,False,False,False,False,False,False,False,False,False,False,False,False,False,False,False,True,False,False,False,False,False,False,False,False,False,False,False,False,True,False,False,False,False,True,False,True,False
d_1595,3,2015-06-11,11519,6,6,2015,0,2,0,0.0,0.0,0.0,0.5714285714285714,1.0357142857142858,0.786795792502891,False,False,False,True,False,False,False,False,False,False,False,False,False,False,False,False,False,False,False,False,False,False,False,False,True,False,False,False,False,False,False,False,False,False,False,False,False,True,False,False,False,False,True,False,True,False
d_1596,9,2015-06-12,11519,7,6,2015,0,2,0,3.0,1.0,0.0,1.0,1.1428571428571428,1.154700538401881,False,False,False,False,False,False,False,False,False,False,False,False,False,False,False,False,False,False,False,False,False,False,False,False,True,False,False,False,False,False,False,False,False,False,False,False,False,True,False,False,False,False,True,False,True,False
d_1597,0,2015-06-13,11520,1,6,2015,0,2,1,9.0,2.0,0.0,2.142857142857143,1.4642857142857142,3.2366943748586676,False,True,False,False,False,False,False,False,False,False,False,False,False,False,False,False,False,False,False,False,False,False,False,False,True,False,False,False,False,False,False,False,False,False,False,False,False,True,False,False,False,False,True,False,True,False
d_1598,226,2015-06-14,11520,2,6,2015,0,2,1,0.0,0.0,1.0,1.8571428571428572,1.4642857142857142,3.338091841592837,False,False,True,False,False,False,False,False,False,False,False,False,False,False,False,False,False,False,False,False,False,False,False,False,True,False,False,False,False,False,False,False,False,False,False,False,False,True,False,False,False,False,True,False,True,False
d_1599,87,2015-06-15,11520,3,6,2015,0,2,0,226.0,0.0,0.0,34.142857142857146,9.5,84.66291705232904,True,False,False,False,False,False,False,False,False,False,False,False,False,False,False,False,False,False,False,False,False,False,False,False,True,False,False,False,False,False,False,False,False,False,False,False,False,True,False,False,False,False,True,False,True,False
d_1600,81,2015-06-16,11520,4,6,2015,0,2,0,87.0,1.0,3.0,46.57142857142857,12.607142857142858,85.19948580215959,False,False,False,False,True,False,False,False,False,False,False,False,False,False,False,False,False,False,False,False,False,True,False,False,False,False,False,False,False,False,False,False,False,False,False,False,False,False,False,True,False,False,True,False,True,False
d_1601,96,2015-06-17,11520,5,6,2015,0,2,0,81.0,0.0,0.0,58.0,15.392857142857142,83.41462701469092,False,False,False,False,False,True,False,False,False,False,False,False,False,False,False,False,False,False,False,False,False,False,False,False,True,False,False,False,False,False,False,False,False,False,False,False,False,True,False,False,False,False,True,False,True,False
d_1602,134,2015-06-18,11520,6,6,2015,0,2,0,96.0,3.0,4.0,71.71428571428571,18.821428571428573,80.11598734691735,False,False,False,True,False,False,False,False,False,False,False,False,False,False,False,False,False,False,False,False,False,False,False,False,False,False,False,False,False,False,True,False,False,False,False,False,False,False,True,False,False,False,True,False,True,False
d_1603,161,2015-06-19,11520,7,6,2015,0,2,0,134.0,9.0,1.0,90.42857142857143,23.464285714285715,76.61343907970078,False,False,False,False,False,False,False,False,False,False,False,False,False,False,False,False,False,False,False,False,False,False,False,False,True,False,False,False,False,False,False,False,False,False,False,False,False,True,False,False,False,False,True,False,True,False
d_1604,210,2015-06-20,11521,1,6,2015,0,2,1,161.0,0.0,0.0,112.14285714285714,29.178571428571427,71.02447599578716,False,True,False,False,False,False,False,False,False,False,False,False,False,False,False,False,False,False,False,False,False,False,False,False,True,False,False,False,False,False,False,False,False,False,False,False,False,True,False,False,False,False,True,False,True,False
d_1605,150,2015-06-21,11521,2,6,2015,0,2,1,210.0,226.0,3.0,142.14285714285714,36.67857142857143,59.11409468541422,False,False,True,False,False,False,False,False,False,False,False,False,True,False,False,False,False,False,False,False,False,False,False,False,False,False,False,False,False,False,False,False,False,False,False,False,False,False,False,False,False,False,True,False,True,False
d_1606,109,2015-06-22,11521,3,6,2015,0,2,0,150.0,87.0,2.0,131.28571428571428,41.92857142857143,46.85336802448713,True,False,False,False,False,False,False,False,False,False,False,False,False,False,False,False,False,False,False,False,False,False,False,False,True,False,False,False,False,False,False,False,False,False,False,False,False,True,False,False,False,False,True,False,True,False
d_1607,111,2015-06-23,11521,4,6,2015,0,2,0,109.0,81.0,2.0,134.42857142857142,45.75,44.04110633963437,False,False,False,False,True,False,False,False,False,False,False,False,False,False,False,False,False,False,False,False,False,False,False,False,True,False,False,False,False,False,False,False,False,False,False,False,False,True,False,False,False,False,True,False,True,False
d_1608,92,2015-06-24,11521,5,6,2015,0,2,0,111.0,96.0,0.0,138.71428571428572,49.642857142857146,39.16509621978085,False,False,False,False,False,True,False,False,False,False,False,False,False,False,False,False,False,False,False,False,False,False,False,False,True,False,False,False,False,False,False,False,False,False,False,False,False,True,False,False,False,False,True,False,True,False
d_1609,116,2015-06-25,11521,6,6,2015,0,2,0,92.0,134.0,1.0,138.14285714285714,52.92857142857143,39.91419368022844,False,False,False,True,False,False,False,False,False,False,False,False,False,False,False,False,False,False,False,False,False,False,False,False,True,False,False,False,False,False,False,False,False,False,False,False,False,True,False,False,False,False,True,False,True,False
d_1610,155,2015-06-26,11521,7,6,2015,0,2,0,116.0,161.0,0.0,135.57142857142858,57.035714285714285,40.795658032266715,False,False,False,False,False,False,False,False,False,False,False,False,False,False,False,False,False,False,False,False,False,False,False,False,True,False,False,False,False,False,False,False,False,False,False,False,False,True,False,False,False,False,True,False,True,False
d_1611,150,2015-06-27,11522,1,6,2015,0,2,1,155.0,210.0,1.0,134.71428571428572,62.57142857142857,40.23147310963598,False,True,False,False,False,False,False,False,False,False,False,False,False,False,False,False,False,False,False,False,False,False,False,False,True,False,False,False,False,False,False,False,False,False,False,False,False,True,False,False,False,False,True,False,True,False
d_1612,134,2015-06-28,11522,2,6,2015,0,2,1,150.0,150.0,0.0,126.14285714285714,67.89285714285714,25.042820471001264,False,False,True,False,False,False,False,False,False,False,False,False,False,False,False,False,False,False,False,False,False,False,False,False,True,False,False,False,False,False,False,False,False,False,False,False,False,True,False,False,False,False,True,False,True,False
d_1613,71,2015-06-29,11522,3,6,2015,0,2,0,134.0,109.0,4.0,123.85714285714286,72.67857142857143,23.16195567036893,True,False,False,False,False,False,False,False,False,False,False,False,False,False,False,False,False,False,False,False,False,False,False,False,True,False,False,False,False,False,False,False,False,False,False,False,False,True,False,False,False,False,True,False,True,False
d_1614,64,2015-06-30,11522,4,6,2015,0,2,0,71.0,111.0,0.0,118.42857142857143,75.07142857142857,30.51151226918016,False,False,False,False,True,False,False,False,False,False,False,False,False,False,False,False,False,False,False,False,False,False,False,False,True,False,False,False,False,False,False,False,False,False,False,False,False,True,False,False,False,False,True,False,True,False
d_1615,84,2015-07-01,11522,5,7,2015,1,3,0,64.0,92.0,3.0,111.71428571428571,77.35714285714286,36.91754003051556,False,False,False,False,False,True,False,False,False,False,False,False,False,False,False,False,False,False,False,False,False,False,False,False,True,False,False,False,False,False,False,False,False,False,False,False,False,True,False,False,False,False,True,False,True,False
d_1616,85,2015-07-02,11522,6,7,2015,1,3,0,84.0,116.0,0.0,110.57142857142857,80.25,37.74412600152514,False,False,False,True,False,False,False,False,False,False,False,False,False,False,False,False,False,False,False,False,False,False,False,False,True,False,False,False,False,False,False,False,False,False,False,False,False,True,False,False,False,False,True,False,True,False
d_1617,241,2015-07-03,11522,7,7,2015,1,3,0,85.0,155.0,1.0,106.14285714285714,83.28571428571429,38.80476161258418,False,False,False,False,False,False,False,False,False,False,False,False,False,False,False,False,False,False,False,False,False,False,False,False,True,False,False,False,False,False,False,False,False,False,False,False,False,True,False,False,False,False,True,False,True,False
d_1618,162,2015-07-04,11523,1,7,2015,1,3,1,241.0,150.0,2.0,118.42857142857143,91.85714285714286,62.95198472607778,False,True,False,False,False,False,False,False,False,False,False,False,False,False,True,False,False,False,False,False,False,False,False,False,False,False,False,False,False,False,False,False,False,False,False,False,True,False,False,False,False,False,True,False,True,False
d_1619,142,2015-07-05,11523,2,7,2015,1,3,1,162.0,134.0,0.0,120.14285714285714,97.57142857142857,64.1077961234784,False,False,True,False,False,False,False,False,False,False,False,False,False,False,False,False,False,False,False,False,False,False,False,False,True,False,False,False,False,False,False,False,False,False,False,False,False,True,False,False,False,False,True,False,True,False
d_1620,97,2015-07-06,11523,3,7,2015,1,3,0,142.0,71.0,0.0,121.28571428571429,102.64285714285714,64.46630718371193,True,False,False,False,False,False,False,False,False,False,False,False,False,False,False,False,False,False,False,False,False,False,False,False,True,False,False,False,False,False,False,False,False,False,False,False,False,True,False,False,False,False,True,False,True,False
d_1621,94,2015-07-07,11523,4,7,2015,1,3,0,97.0,64.0,1.0,125.0,106.10714285714286,61.779176642835,False,False,False,False,True,False,False,False,False,False,False,False,False,False,False,False,False,False,False,False,False,False,False,False,True,False,False,False,False,False,False,False,False,False,False,False,False,True,False,False,False,False,True,False,True,False
d_1622,189,2015-07-08,11523,5,7,2015,1,3,0,94.0,84.0,0.0,129.28571428571428,109.42857142857143,57.75152028508023,False,False,False,False,False,True,False,False,False,False,False,False,False,False,False,False,False,False,False,False,False,False,False,False,True,False,False,False,False,False,False,False,False,False,False,False,False,True,False,False,False,False,True,False,True,False
d_1623,115,2015-07-09,11523,6,7,2015,1,3,0,189.0,85.0,3.0,144.28571428571428,116.17857142857143,57.66487748394181,False,False,False,True,False,False,False,False,False,False,False,False,False,False,False,False,False,False,False,False,False,False,False,False,True,False,False,False,False,False,False,False,False,False,False,False,False,True,False,False,False,False,True,False,True,False
d_1624,174,2015-07-10,11523,7,7,2015,1,3,0,115.0,241.0,9.0,148.57142857142858,120.17857142857143,53.48787134437395,False,False,False,False,False,False,False,False,False,False,False,False,False,False,False,False,False,False,False,False,False,False,False,False,True,False,False,False,False,False,False,False,False,False,False,False,False,True,False,False,False,False,True,False,True,False
d_1625,147,2015-07-11,11524,1,7,2015,0,3,1,174.0,162.0,0.0,139.0,126.07142857142857,37.92097045171613,False,True,False,False,False,False,False,False,False,False,False,False,False,False,False,False,False,False,False,False,False,False,False,False,True,False,False,False,False,False,False,False,False,False,False,False,False,True,False,False,False,False,True,False,True,False
d_1626,134,2015-07-12,11524,2,7,2015,0,3,1,147.0,142.0,226.0,136.85714285714286,131.32142857142858,36.812265036843186,False,False,True,False,False,False,False,False,False,False,False,False,False,False,False,False,False,False,False,False,False,False,False,False,True,False,False,False,False,False,False,False,False,False,False,False,False,True,False,False,False,False,True,False,True,False
d_1627,90,2015-07-13,11524,3,7,2015,0,3,0,134.0,97.0,87.0,135.71428571428572,128.03571428571428,36.75012147696059,True,False,False,False,False,False,False,False,False,False,False,False,False,False,False,False,False,False,False,False,False,False,False,False,True,False,False,False,False,False,False,False,False,False,False,False,False,True,False,False,False,False,True,False,True,False
d_1628,129,2015-07-14,11524,4,7,2015,0,3,0,90.0,94.0,81.0,134.71428571428572,128.14285714285714,38.051343759513856,False,False,False,False,True,False,False,False,False,False,False,False,False,False,False,False,False,False,False,False,False,False,False,False,True,False,False,False,False,False,False,False,False,False,False,False,False,True,False,False,False,False,True,False,True,False
d_1629,106,2015-07-15,11524,5,7,2015,0,3,0,129.0,189.0,96.0,139.71428571428572,129.85714285714286,33.88074323129127,False,False,False,False,False,True,False,False,False,False,False,False,False,False,False,False,False,False,False,False,False,False,False,False,True,False,False,False,False,False,False,False,False,False,False,False,False,True,False,False,False,False,True,False,True,False
d_1630,108,2015-07-16,11524,6,7,2015,0,3,0,106.0,115.0,134.0,127.85714285714286,130.21428571428572,27.721403111605454,False,False,False,True,False,False,False,False,False,False,False,False,False,False,False,False,False,False,False,False,False,False,False,False,True,False,False,False,False,False,False,False,False,False,False,False,False,True,False,False,False,False,True,False,True,False
d_1631,164,2015-07-17,11524,7,7,2015,0,3,0,108.0,174.0,161.0,126.85714285714286,129.28571428571428,28.380912432057734,False,False,False,False,False,False,False,False,False,False,False,False,False,False,False,False,False,False,False,False,False,False,False,False,True,False,False,False,False,False,False,False,False,False,False,False,False,True,False,False,False,False,True,False,True,False
d_1632,234,2015-07-18,11525,1,7,2015,0,3,1,164.0,147.0,210.0,125.42857142857143,129.39285714285714,25.741387833972507,False,True,False,False,False,False,False,False,False,False,True,False,False,False,False,False,False,False,False,False,False,False,False,False,False,False,False,False,False,False,False,False,False,False,False,False,False,False,True,False,False,False,True,False,True,False
d_1633,136,2015-07-19,11525,2,7,2015,0,3,1,234.0,134.0,150.0,137.85714285714286,130.25,48.67726564296848,False,False,True,False,False,False,False,False,False,False,False,False,False,False,False,False,False,False,False,False,False,False,False,False,True,False,False,False,False,False,False,False,False,False,False,False,False,True,False,False,False,False,True,False,True,False
d_1634,128,2015-07-20,11525,3,7,2015,0,3,0,136.0,90.0,109.0,138.14285714285714,129.75,48.65671783501349,True,False,False,False,False,False,False,False,False,False,False,False,False,False,False,False,False,False,False,False,False,False,False,False,True,False,False,False,False,False,False,False,False,False,False,False,False,True,False,False,False,False,True,False,True,False
d_1635,116,2015-07-21,11525,4,7,2015,0,3,0,128.0,129.0,111.0,143.57142857142858,130.42857142857142,44.31650235467941,False,False,False,False,True,False,False,False,False,False,False,False,False,False,False,False,False,False,False,False,False,False,False,False,True,False,False,False,False,False,False,False,False,False,False,False,False,True,False,False,False,False,True,False,True,False
d_1636,93,2015-07-22,11525,5,7,2015,0,3,0,116.0,106.0,92.0,141.71428571428572,130.60714285714286,45.29059610159731,False,False,False,False,False,True,False,False,False,False,False,False,False,False,False,False,False,False,False,False,False,False,False,False,True,False,False,False,False,False,False,False,False,False,False,False,False,True,False,False,False,False,True,False,True,False
d_1637,157,2015-07-23,11525,6,7,2015,0,3,0,93.0,108.0,116.0,139.85714285714286,130.64285714285714,47.22438837235253,False,False,False,True,False,False,False,False,False,False,False,False,False,False,False,False,False,False,False,False,False,False,False,False,True,False,False,False,False,False,False,False,False,False,False,False,False,True,False,False,False,False,True,False,True,False
d_1638,204,2015-07-24,11525,7,7,2015,0,3,0,157.0,164.0,155.0,146.85714285714286,132.10714285714286,45.307941067868505,False,False,False,False,False,False,False,False,False,False,False,False,False,False,False,False,False,False,False,False,False,False,False,False,True,False,False,False,False,False,False,False,False,False,False,False,False,True,False,False,False,False,True,False,True,False
d_1639,118,2015-07-25,11526,1,7,2015,0,3,1,204.0,234.0,150.0,152.57142857142858,133.85714285714286,50.09942495630362,False,True,False,False,False,False,False,False,False,False,False,False,False,False,False,False,False,False,False,False,False,False,False,False,True,False,False,False,False,False,False,False,False,False,False,False,False,True,False,False,False,False,True,False,True,False
d_1640,115,2015-07-26,11526,2,7,2015,0,3,1,118.0,136.0,134.0,136.0,132.71428571428572,35.82829421932612,False,False,True,False,False,False,False,False,False,False,False,False,False,False,False,False,False,False,False,False,False,False,False,False,True,False,False,False,False,False,False,False,False,False,False,False,False,True,False,False,False,False,True,False,True,False
d_1641,82,2015-07-27,11526,3,7,2015,0,3,0,115.0,128.0,71.0,133.0,132.03571428571428,36.696957185393444,True,False,False,False,False,False,False,False,False,False,False,False,False,False,False,False,False,False,False,False,False,False,False,False,True,False,False,False,False,False,False,False,False,False,False,False,False,True,False,False,False,False,True,False,True,False
d_1642,86,2015-07-28,11526,4,7,2015,0,3,0,82.0,116.0,64.0,126.42857142857143,132.42857142857142,41.54057110366907,False,False,False,False,True,False,False,False,False,False,False,False,False,False,False,False,False,False,False,False,False,False,False,False,True,False,False,False,False,False,False,False,False,False,False,False,False,True,False,False,False,False,True,False,True,False
d_1643,61,2015-07-29,11526,5,7,2015,0,3,0,86.0,93.0,84.0,122.14285714285714,133.21428571428572,44.25467422178286,False,False,False,False,False,True,False,False,False,False,False,False,False,False,False,False,False,False,False,False,False,False,False,False,True,False,False,False,False,False,False,False,False,False,False,False,False,True,False,False,False,False,True,False,True,False
d_1644,75,2015-07-30,11526,6,7,2015,0,3,0,61.0,157.0,85.0,117.57142857142857,132.39285714285714,49.148947573869705,False,False,False,True,False,False,False,False,False,False,False,False,False,False,False,False,False,False,False,False,False,False,False,False,True,False,False,False,False,False,False,False,False,False,False,False,False,True,False,False,False,False,True,False,True,False
d_1645,128,2015-07-31,11526,7,7,2015,0,3,0,75.0,204.0,241.0,105.85714285714286,132.03571428571428,47.94242578839899,False,False,False,False,False,False,False,False,False,False,False,False,False,False,False,False,False,False,False,False,False,False,False,False,True,False,False,False,False,False,False,False,False,False,False,False,False,True,False,False,False,False,True,False,True,False
d_1646,148,2015-08-01,11527,1,8,2015,1,3,1,128.0,118.0,162.0,95.0,128.0,25.245461638347916,False,True,False,False,False,False,False,False,False,False,False,False,False,False,False,False,False,False,False,False,False,False,False,False,True,False,False,False,False,False,False,False,False,False,False,False,False,True,False,False,False,False,True,False,True,False
d_1647,118,2015-08-02,11527,2,8,2015,1,3,1,148.0,115.0,142.0,99.28571428571429,127.5,31.55795877278379,False,False,True,False,False,False,False,False,False,False,False,False,False,False,False,False,False,False,False,False,False,False,False,False,True,False,False,False,False,False,False,False,False,False,False,False,False,True,False,False,False,False,True,False,True,False
d_1648,75,2015-08-03,11527,3,8,2015,1,3,0,118.0,82.0,97.0,99.71428571428571,126.64285714285714,31.826164737597914,True,False,False,False,False,False,False,False,False,False,False,False,False,False,False,False,False,False,False,False,False,False,False,False,True,False,False,False,False,False,False,False,False,False,False,False,False,True,False,False,False,False,True,False,True,False
d_1649,69,2015-08-04,11527,4,8,2015,1,3,0,75.0,86.0,94.0,98.71428571428571,125.85714285714286,32.57664953978624,False,False,False,False,True,False,False,False,False,False,False,False,False,False,False,False,False,False,False,False,False,False,False,False,True,False,False,False,False,False,False,False,False,False,False,False,False,True,False,False,False,False,True,False,True,False
d_1650,104,2015-08-05,11527,5,8,2015,1,3,0,69.0,61.0,189.0,96.28571428571429,124.96428571428571,34.27202107508967,False,False,False,False,False,True,False,False,False,False,False,False,False,False,False,False,False,False,False,False,False,False,False,False,True,False,False,False,False,False,False,False,False,False,False,False,False,True,False,False,False,False,True,False,True,False
d_1651,100,2015-08-06,11527,6,8,2015,1,3,0,104.0,75.0,115.0,102.42857142857143,121.92857142857143,30.54426919984071,False,False,False,True,False,False,False,False,False,False,False,False,False,False,False,False,False,False,False,False,False,False,False,False,True,False,False,False,False,False,False,False,False,False,False,False,False,True,False,False,False,False,True,False,True,False
d_1652,130,2015-08-07,11527,7,8,2015,1,3,0,100.0,128.0,174.0,106.0,121.39285714285714,28.17209020762607,False,False,False,False,False,False,False,False,False,False,False,False,False,False,False,False,False,False,False,False,False,False,False,False,True,False,False,False,False,False,False,False,False,False,False,False,False,True,False,False,False,False,True,False,True,False
d_1653,154,2015-08-08,11528,1,8,2015,1,3,1,130.0,148.0,147.0,106.28571428571429,119.82142857142857,28.44125106082213,False,True,False,False,False,False,False,False,False,False,False,False,False,False,False,False,False,False,False,False,False,False,False,False,True,False,False,False,False,False,False,False,False,False,False,False,False,True,False,False,False,False,True,False,True,False
d_1654,158,2015-08-09,11528,2,8,2015,1,3,1,154.0,118.0,134.0,107.14285714285714,120.07142857142857,29.957906977560093,False,False,True,False,False,False,False,False,False,False,False,False,False,False,False,False,False,False,False,False,False,False,False,False,True,False,False,False,False,False,False,False,False,False,False,False,False,True,False,False,False,False,True,False,True,False
d_1655,52,2015-08-10,11528,3,8,2015,1,3,0,158.0,75.0,90.0,112.85714285714286,120.92857142857143,35.64841544598403,True,False,False,False,False,False,False,False,False,False,False,False,False,False,False,False,False,False,False,False,False,False,False,False,True,False,False,False,False,False,False,False,False,False,False,False,False,True,False,False,False,False,True,False,True,False
d_1656,68,2015-08-11,11528,4,8,2015,0,3,0,52.0,69.0,129.0,109.57142857142857,119.57142857142857,40.45514859222494,False,False,False,False,True,False,False,False,False,False,False,False,False,False,False,False,False,False,False,False,False,False,False,False,True,False,False,False,False,False,False,False,False,False,False,False,False,True,False,False,False,False,True,False,True,False
d_1657,71,2015-08-12,11528,5,8,2015,0,3,0,68.0,104.0,106.0,109.42857142857143,117.39285714285714,40.62370877068791,False,False,False,False,False,True,False,False,False,False,False,False,False,False,False,False,False,False,False,False,False,False,False,False,True,False,False,False,False,False,False,False,False,False,False,False,False,True,False,False,False,False,True,False,True,False
d_1658,87,2015-08-13,11528,6,8,2015,0,3,0,71.0,100.0,108.0,104.71428571428571,116.14285714285714,43.19226121160346,False,False,False,True,False,False,False,False,False,False,False,False,False,False,False,False,False,False,False,False,False,False,False,False,True,False,False,False,False,False,False,False,False,False,False,False,False,True,False,False,False,False,True,False,True,False
d_1659,143,2015-08-14,11528,7,8,2015,0,3,0,87.0,130.0,164.0,102.85714285714286,115.39285714285714,43.705181124699784,False,False,False,False,False,False,False,False,False,False,False,False,False,False,False,False,False,False,False,False,False,False,False,False,True,False,False,False,False,False,False,False,False,False,False,False,False,True,False,False,False,False,True,False,True,False
d_1660,142,2015-08-15,11529,1,8,2015,0,3,1,143.0,154.0,234.0,104.71428571428571,114.64285714285714,45.29795538326997,False,True,False,False,False,False,False,False,False,False,False,False,False,False,False,False,False,False,False,False,False,False,False,False,True,False,False,False,False,False,False,False,False,False,False,False,False,True,False,False,False,False,True,False,True,False
d_1661,173,2015-08-16,11529,2,8,2015,0,3,1,142.0,158.0,136.0,103.0,111.35714285714286,43.30511901996449,False,False,True,False,False,False,False,False,False,False,False,False,False,False,False,False,False,False,False,False,False,False,False,False,True,False,False,False,False,False,False,False,False,False,False,False,False,True,False,False,False,False,True,False,True,False
d_1662,141,2015-08-17,11529,3,8,2015,0,3,0,173.0,52.0,128.0,105.14285714285714,112.67857142857143,46.7169796805845,True,False,False,False,False,False,False,False,False,False,False,False,False,False,False,False,False,False,False,False,False,False,False,False,True,False,False,False,False,False,False,False,False,False,False,False,False,True,False,False,False,False,True,False,True,False
d_1663,111,2015-08-18,11529,4,8,2015,0,3,0,141.0,68.0,116.0,117.85714285714286,113.14285714285714,41.68304440028504,False,False,False,False,True,False,False,False,False,False,False,False,False,False,False,False,False,False,False,False,False,False,False,False,True,False,False,False,False,False,False,False,False,False,False,False,False,True,False,False,False,False,True,False,True,False
d_1664,300,2015-08-19,11529,5,8,2015,0,3,0,111.0,71.0,93.0,124.0,112.96428571428571,35.874782229303335,False,False,False,False,False,True,False,False,False,False,False,False,False,False,False,False,False,False,False,False,False,False,False,False,True,False,False,False,False,False,False,False,False,False,False,False,False,True,False,False,False,False,True,False,True,False
d_1665,120,2015-08-20,11529,6,8,2015,0,3,0,300.0,87.0,157.0,156.71428571428572,120.35714285714286,68.79611007829347,False,False,False,True,False,False,False,False,False,False,False,False,False,False,False,False,False,False,False,False,False,False,False,False,True,False,False,False,False,False,False,False,False,False,False,False,False,True,False,False,False,False,True,False,True,False
d_1666,154,2015-08-21,11529,7,8,2015,0,3,0,120.0,143.0,204.0,161.42857142857142,119.03571428571429,64.19983681925487,False,False,False,False,False,False,False,False,False,False,False,False,False,False,False,False,False,False,False,False,False,False,False,False,True,False,False,False,False,False,False,False,False,False,False,False,False,True,False,False,False,False,True,False,True,False
d_1667,135,2015-08-22,11530,1,8,2015,0,3,1,154.0,142.0,118.0,163.0,117.25,63.807000660846285,False,True,False,False,False,False,False,False,False,False,False,False,False,False,False,False,False,False,False,False,False,False,False,False,True,False,False,False,False,False,False,False,False,False,False,False,False,True,False,False,False,False,True,False,True,False
d_1668,135,2015-08-23,11530,2,8,2015,0,3,1,135.0,173.0,115.0,162.0,117.85714285714286,64.24432530063055,False,False,True,False,False,False,False,False,False,False,False,False,False,False,False,False,False,False,False,False,False,False,False,False,True,False,False,False,False,False,False,False,False,False,False,False,False,True,False,False,False,False,True,False,True,False
d_1669,128,2015-08-24,11530,3,8,2015,0,3,0,135.0,141.0,82.0,156.57142857142858,118.57142857142857,64.76330530698402,True,False,False,False,False,False,False,False,False,False,False,False,False,False,False,False,False,False,False,False,False,False,False,False,True,False,False,False,False,False,False,False,False,False,False,False,False,True,False,False,False,False,True,False,True,False
d_1670,113,2015-08-25,11530,4,8,2015,0,3,0,128.0,111.0,86.0,154.71428571428572,120.21428571428571,65.46682184056802,False,False,False,False,True,False,False,False,False,False,False,False,False,False,False,False,False,False,False,False,False,False,False,False,True,False,False,False,False,False,False,False,False,False,False,False,False,True,False,False,False,False,True,False,True,False
d_1671,74,2015-08-26,11530,5,8,2015,0,3,0,113.0,300.0,61.0,155.0,121.17857142857143,65.24824390995704,False,False,False,False,False,True,False,False,False,False,False,False,False,False,False,False,False,False,False,False,False,False,False,False,True,False,False,False,False,False,False,False,False,False,False,False,False,True,False,False,False,False,True,False,True,False
d_1672,122,2015-08-27,11530,6,8,2015,0,3,0,74.0,120.0,75.0,122.71428571428571,121.64285714285714,25.111181345595284,False,False,False,True,False,False,False,False,False,False,False,False,False,False,False,False,False,False,False,False,False,False,False,False,True,False,False,False,False,False,False,False,False,False,False,False,False,True,False,False,False,False,True,False,True,False
d_1673,137,2015-08-28,11530,7,8,2015,0,3,0,122.0,154.0,128.0,123.0,123.32142857142857,25.086516962967917,False,False,False,False,False,False,False,False,False,False,False,False,False,False,False,False,False,False,False,False,False,False,False,False,True,False,False,False,False,False,False,False,False,False,False,False,False,True,False,False,False,False,True,False,True,False
d_1674,179,2015-08-29,11531,1,8,2015,0,3,1,137.0,135.0,148.0,120.57142857142857,123.64285714285714,22.247525277035354,False,True,False,False,False,False,False,False,False,False,False,False,False,False,False,False,False,False,False,False,False,False,False,False,True,False,False,False,False,False,False,False,False,False,False,False,False,True,False,False,False,False,True,False,True,False
d_1675,210,2015-08-30,11531,2,8,2015,0,3,1,179.0,135.0,118.0,126.85714285714286,124.75,31.355108948029464,False,False,True,False,False,False,False,False,False,False,False,False,False,False,False,False,False,False,False,False,False,False,False,False,True,False,False,False,False,False,False,False,False,False,False,False,False,True,False,False,False,False,True,False,True,False
d_1676,83,2015-08-31,11531,3,8,2015,0,3,0,210.0,128.0,75.0,137.57142857142858,128.03571428571428,44.61261833030701,True,False,False,False,False,False,False,False,False,False,False,False,False,False,False,False,False,False,False,False,False,False,False,False,True,False,False,False,False,False,False,False,False,False,False,False,False,True,False,False,False,False,True,False,True,False
d_1677,72,2015-09-01,11531,4,9,2015,1,3,0,83.0,113.0,69.0,131.14285714285714,128.32142857142858,49.225428968601115,False,False,False,False,True,False,False,False,False,False,False,False,False,False,False,False,False,False,False,False,False,False,False,False,True,False,False,False,False,False,False,False,False,False,False,False,False,True,False,False,False,False,True,False,True,False
d_1678,92,2015-09-02,11531,5,9,2015,1,3,0,72.0,74.0,104.0,125.28571428571429,128.42857142857142,53.955890273797145,False,False,False,False,False,True,False,False,False,False,False,False,False,False,False,False,False,False,False,False,False,False,False,False,True,False,False,False,False,False,False,False,False,False,False,False,False,True,False,False,False,False,True,False,True,False
d_1679,182,2015-09-03,11531,6,9,2015,1,3,0,92.0,122.0,100.0,127.85714285714286,128.0,51.47630060337925,False,False,False,True,False,False,False,False,False,False,False,False,False,False,False,False,False,False,False,False,False,False,False,False,True,False,False,False,False,False,False,False,False,False,False,False,False,True,False,False,False,False,True,False,True,False
d_1680,129,2015-09-04,11531,7,9,2015,1,3,0,182.0,137.0,130.0,136.42857142857142,130.92857142857142,55.1992063435002,False,False,False,False,False,False,False,False,False,False,False,False,False,False,False,False,False,False,False,False,False,False,False,False,True,False,False,False,False,False,False,False,False,False,False,False,False,True,False,False,False,False,True,False,True,False
d_1681,169,2015-09-05,11532,1,9,2015,1,3,1,129.0,179.0,154.0,135.28571428571428,130.89285714285714,55.268177358868655,False,True,False,False,False,False,False,False,False,False,False,False,False,False,False,False,False,False,False,False,False,False,False,False,True,False,False,False,False,False,False,False,False,False,False,False,False,True,False,False,False,False,True,False,True,False
d_1682,166,2015-09-06,11532,2,9,2015,1,3,1,169.0,210.0,158.0,133.85714285714286,131.42857142857142,54.06609711402139,False,False,True,False,False,False,False,False,False,False,False,False,False,False,False,False,False,False,False,False,False,False,False,False,True,False,False,False,False,False,False,False,False,False,False,False,False,True,False,False,False,False,True,False,True,False
d_1683,186,2015-09-07,11532,3,9,2015,1,3,0,166.0,83.0,52.0,127.57142857142857,131.71428571428572,45.639373143726694,True,False,False,False,False,False,False,False,False,False,False,False,False,False,False,True,False,False,False,False,False,False,False,False,False,False,False,False,False,False,False,False,False,False,False,False,True,False,False,False,False,False,True,False,True,False
d_1684,129,2015-09-08,11532,4,9,2015,1,3,0,186.0,72.0,68.0,142.28571428571428,136.5,45.47788578241103,False,False,False,False,True,False,False,False,False,False,False,False,False,False,False,False,False,False,False,False,False,False,False,False,True,False,False,False,False,False,False,False,False,False,False,False,False,True,False,False,False,False,True,False,True,False
d_1685,96,2015-09-09,11532,5,9,2015,1,3,0,129.0,92.0,71.0,150.42857142857142,138.67857142857142,34.596999594651294,False,False,False,False,False,True,False,False,False,False,False,False,False,False,False,False,False,False,False,False,False,False,False,False,True,False,False,False,False,False,False,False,False,False,False,False,False,True,False,False,False,False,True,False,True,False
d_1686,136,2015-09-10,11532,6,9,2015,1,3,0,96.0,182.0,87.0,151.0,139.57142857142858,33.48631561299711,False,False,False,True,False,False,False,False,False,False,False,False,False,False,False,False,False,False,False,False,False,False,False,False,True,False,False,False,False,False,False,False,False,False,False,False,False,True,False,False,False,False,True,False,True,False
d_1687,155,2015-09-11,11532,7,9,2015,0,3,0,136.0,129.0,143.0,144.42857142857142,141.32142857142858,30.79424807144413,False,False,False,False,False,False,False,False,False,False,False,False,False,False,False,False,False,False,False,False,False,False,False,False,True,False,False,False,False,False,False,False,False,False,False,False,False,True,False,False,False,False,True,False,True,False
d_1688,178,2015-09-12,11533,1,9,2015,0,3,1,155.0,169.0,142.0,148.14285714285714,141.75,30.185142986952705,False,True,False,False,False,False,False,False,False,False,False,False,False,False,False,False,False,False,False,False,False,False,False,False,True,False,False,False,False,False,False,False,False,False,False,False,False,True,False,False,False,False,True,False,True,False
d_1689,161,2015-09-13,11533,2,9,2015,0,3,1,178.0,166.0,173.0,149.42857142857142,143.03571428571428,31.389261129973033,False,False,True,False,False,False,False,False,False,False,False,False,False,False,False,False,False,False,False,False,False,False,False,False,True,False,False,False,False,False,False,False,False,False,False,False,False,True,False,False,False,False,True,False,True,False
d_1690,126,2015-09-14,11533,3,9,2015,0,3,0,161.0,186.0,141.0,148.71428571428572,142.60714285714286,31.003840007941236,True,False,False,False,False,False,False,False,False,False,False,False,False,False,False,False,False,False,False,False,False,False,False,False,True,False,False,False,False,False,False,False,False,False,False,False,False,True,False,False,False,False,True,False,True,False
d_1691,141,2015-09-15,11533,4,9,2015,0,3,0,126.0,129.0,111.0,140.14285714285714,142.07142857142858,27.014987022196667,False,False,False,False,True,False,False,False,False,False,False,False,False,False,False,False,False,False,False,False,False,False,False,False,True,False,False,False,False,False,False,False,False,False,False,False,False,True,False,False,False,False,True,False,True,False
d_1692,87,2015-09-16,11533,5,9,2015,0,3,0,141.0,96.0,300.0,141.85714285714286,143.14285714285714,26.567075936381343,False,False,False,False,False,True,False,False,False,False,False,False,False,False,False,False,False,False,False,False,False,False,False,False,True,False,False,False,False,False,False,False,False,False,False,False,False,True,False,False,False,False,True,False,True,False
d_1693,58,2015-09-17,11533,6,9,2015,0,3,0,87.0,136.0,120.0,140.57142857142858,135.53571428571428,29.239568754554345,False,False,False,True,False,False,False,False,False,False,False,False,False,False,False,False,False,False,False,False,False,False,False,False,True,False,False,False,False,False,False,False,False,False,False,False,False,True,False,False,False,False,True,False,True,False
d_1694,155,2015-09-18,11533,7,9,2015,0,3,0,58.0,155.0,154.0,129.42857142857142,133.32142857142858,42.929621253306216,False,False,False,False,False,False,False,False,False,False,False,False,False,False,False,False,False,False,False,False,False,False,False,False,True,False,False,False,False,False,False,False,False,False,False,False,False,True,False,False,False,False,True,False,True,False
d_1695,234,2015-09-19,11534,1,9,2015,0,3,1,155.0,178.0,135.0,129.42857142857142,133.35714285714286,42.929621253306216,False,True,False,False,False,False,False,False,False,False,False,False,False,False,False,False,False,False,False,False,False,False,False,False,True,False,False,False,False,False,False,False,False,False,False,False,False,True,False,False,False,False,True,False,True,False
d_1696,151,2015-09-20,11534,2,9,2015,0,3,1,234.0,161.0,135.0,137.42857142857142,136.89285714285714,56.54749373419639,False,False,True,False,False,False,False,False,False,False,False,False,False,False,False,False,False,False,False,False,False,False,False,False,True,False,False,False,False,False,False,False,False,False,False,False,False,True,False,False,False,False,True,False,True,False
d_1697,100,2015-09-21,11534,3,9,2015,0,3,0,151.0,126.0,128.0,136.0,137.46428571428572,55.97618541248829,True,False,False,False,False,False,False,False,False,False,False,False,False,False,False,False,False,False,False,False,False,False,False,False,True,False,False,False,False,False,False,False,False,False,False,False,False,True,False,False,False,False,True,False,True,False
d_1698,91,2015-09-22,11534,4,9,2015,0,3,0,100.0,141.0,113.0,132.28571428571428,136.46428571428572,57.58968161547141,False,False,False,False,True,False,False,False,False,False,False,False,False,False,False,False,False,False,False,False,False,False,False,False,True,False,False,False,False,False,False,False,False,False,False,False,False,True,False,False,False,False,True,False,True,False
d_1699,89,2015-09-23,11534,5,9,2015,0,3,0,91.0,87.0,74.0,125.14285714285714,135.67857142857142,59.40097802625925,False,False,False,False,False,True,False,False,False,False,False,False,False,False,False,False,False,False,False,False,False,False,False,False,True,False,False,False,False,False,False,False,False,False,False,False,False,True,False,False,False,False,True,False,True,False
d_1700,83,2015-09-24,11534,6,9,2015,0,3,0,89.0,58.0,122.0,125.42857142857143,136.21428571428572,59.19137646329059,False,False,False,True,False,False,False,False,False,False,False,True,False,False,False,False,False,False,False,False,False,False,False,False,False,False,False,False,False,False,False,False,False,False,False,False,False,False,True,False,False,False,True,False,True,False
d_1701,105,2015-09-25,11534,7,9,2015,0,3,0,83.0,155.0,137.0,129.0,134.82142857142858,55.054518434002674,False,False,False,False,False,False,False,False,False,False,False,False,False,False,False,False,False,False,False,False,False,False,False,False,True,False,False,False,False,False,False,False,False,False,False,False,False,True,False,False,False,False,True,False,True,False
d_1702,159,2015-09-26,11535,1,9,2015,0,3,1,105.0,234.0,179.0,121.85714285714286,133.67857142857142,54.35815968012043,False,True,False,False,False,False,False,False,False,False,False,False,False,False,False,False,False,False,False,False,False,False,False,False,True,False,False,False,False,False,False,False,False,False,False,False,False,True,False,False,False,False,True,False,True,False
d_1703,115,2015-09-27,11535,2,9,2015,0,3,1,159.0,151.0,210.0,111.14285714285714,132.96428571428572,30.89999229465083,False,False,True,False,False,False,False,False,False,False,False,False,False,False,False,False,False,False,False,False,False,False,False,False,True,False,False,False,False,False,False,False,False,False,False,False,False,True,False,False,False,False,True,False,True,False
d_1704,96,2015-09-28,11535,3,9,2015,0,3,0,115.0,100.0,83.0,106.0,129.57142857142858,25.722882160959877,True,False,False,False,False,False,False,False,False,False,False,False,False,False,False,False,False,False,False,False,False,False,False,False,True,False,False,False,False,False,False,False,False,False,False,False,False,True,False,False,False,False,True,False,True,False
d_1705,70,2015-09-29,11535,4,9,2015,0,3,0,96.0,91.0,72.0,105.42857142857143,130.03571428571428,25.9220443050378,False,False,False,False,True,False,False,False,False,False,False,False,False,False,False,False,False,False,False,False,False,False,False,False,True,False,False,False,False,False,False,False,False,False,False,False,False,True,False,False,False,False,True,False,True,False
d_1706,102,2015-09-30,11535,5,9,2015,0,3,0,70.0,89.0,92.0,102.42857142857143,129.96428571428572,28.912841108274804,False,False,False,False,False,True,False,False,False,False,False,False,False,False,False,False,False,False,False,False,False,False,False,False,True,False,False,False,False,False,False,False,False,False,False,False,False,True,False,False,False,False,True,False,True,False
d_1707,75,2015-10-01,11535,6,10,2015,1,4,0,102.0,83.0,182.0,104.28571428571429,130.32142857142858,28.317922980062022,False,False,False,True,False,False,False,False,False,False,False,False,False,False,False,False,False,False,False,False,False,False,False,False,True,False,False,False,False,False,False,False,False,False,False,False,False,True,False,False,False,False,True,False,True,False
d_1708,134,2015-10-02,11535,7,10,2015,1,4,0,75.0,105.0,129.0,103.14285714285714,126.5,29.45860695636316,False,False,False,False,False,False,False,False,False,False,False,False,False,False,False,False,False,False,False,False,False,False,False,False,True,False,False,False,False,False,False,False,False,False,False,False,False,True,False,False,False,False,True,False,True,False
d_1709,123,2015-10-03,11536,1,10,2015,1,4,1,134.0,159.0,169.0,107.28571428571429,126.67857142857143,31.716001669578752,False,True,False,False,False,False,False,False,False,False,False,False,False,False,False,False,False,False,False,False,False,False,False,False,True,False,False,False,False,False,False,False,False,False,False,False,False,True,False,False,False,False,True,False,True,False
d_1710,86,2015-10-04,11536,2,10,2015,1,4,1,123.0,115.0,166.0,102.14285714285714,125.03571428571429,23.884643402742174,False,False,True,False,False,False,False,False,False,False,False,False,False,False,False,False,False,False,False,False,False,False,False,False,True,False,False,False,False,False,False,False,False,False,False,False,False,True,False,False,False,False,True,False,True,False
d_1711,141,2015-10-05,11536,3,10,2015,1,4,0,86.0,96.0,186.0,98.0,122.17857142857143,23.797758998134714,True,False,False,False,False,False,False,False,False,False,False,False,False,False,False,False,False,False,False,False,False,False,False,False,True,False,False,False,False,False,False,False,False,False,False,False,False,True,False,False,False,False,True,False,True,False
d_1712,56,2015-10-06,11536,4,10,2015,1,4,0,141.0,70.0,129.0,104.42857142857143,120.57142857142857,28.733587447776348,False,False,False,False,True,False,False,False,False,False,False,False,False,False,False,False,False,False,False,False,False,False,False,False,True,False,False,False,False,False,False,False,False,False,False,False,False,True,False,False,False,False,True,False,True,False
d_1713,88,2015-10-07,11536,5,10,2015,1,4,0,56.0,102.0,96.0,102.42857142857143,117.96428571428571,31.847852585153664,False,False,False,False,False,True,False,False,False,False,False,False,False,False,False,False,False,False,False,False,False,False,False,False,True,False,False,False,False,False,False,False,False,False,False,False,False,True,False,False,False,False,True,False,True,False
d_1714,106,2015-10-08,11536,6,10,2015,1,4,0,88.0,75.0,136.0,100.42857142857143,117.67857142857143,32.31540985792507,False,False,False,True,False,False,False,False,False,False,False,False,False,False,False,False,False,False,False,False,False,False,False,False,True,False,False,False,False,False,False,False,False,False,False,False,False,True,False,False,False,False,True,False,True,False
d_1715,166,2015-10-09,11536,7,10,2015,1,4,0,106.0,134.0,155.0,104.85714285714286,116.60714285714286,30.311871004764555,False,False,False,False,False,False,False,False,False,False,False,False,False,False,False,False,False,False,False,False,False,False,False,False,True,False,False,False,False,False,False,False,False,False,False,False,False,True,False,False,False,False,True,False,True,False
d_1716,147,2015-10-10,11537,1,10,2015,1,4,1,166.0,123.0,178.0,109.42857142857143,117.0,37.09383211468369,False,True,False,False,False,False,False,False,False,False,False,False,False,False,False,False,False,False,False,False,False,False,False,False,True,False,False,False,False,False,False,False,False,False,False,False,False,True,False,False,False,False,True,False,True,False
d_1717,97,2015-10-11,11537,2,10,2015,0,4,1,147.0,86.0,161.0,112.85714285714286,115.89285714285714,39.582944860248574,False,False,True,False,False,False,False,False,False,False,False,False,False,False,False,False,False,False,False,False,False,False,False,False,True,False,False,False,False,False,False,False,False,False,False,False,False,True,False,False,False,False,True,False,True,False
d_1718,101,2015-10-12,11537,3,10,2015,0,4,0,97.0,141.0,126.0,114.42857142857143,113.60714285714286,38.543729031049935,True,False,False,False,False,False,False,False,True,False,False,False,False,False,False,False,False,False,False,False,False,False,False,False,False,False,False,False,False,False,False,False,False,False,False,False,True,False,False,False,False,False,True,False,True,False
d_1719,81,2015-10-13,11537,4,10,2015,0,4,0,101.0,56.0,141.0,108.71428571428571,112.71428571428571,36.87688655383913,False,False,False,False,True,False,False,False,False,False,False,False,False,False,False,False,False,False,False,False,False,False,False,False,True,False,False,False,False,False,False,False,False,False,False,False,False,True,False,False,False,False,True,False,True,False
d_1720,98,2015-10-14,11537,5,10,2015,0,4,0,81.0,88.0,87.0,112.28571428571429,110.57142857142857,31.77899875554165,False,False,False,False,False,True,False,False,False,False,False,False,False,False,False,False,False,False,False,False,False,False,False,False,True,False,False,False,False,False,False,False,False,False,False,False,False,True,False,False,False,False,True,False,True,False
d_1721,74,2015-10-15,11537,6,10,2015,0,4,0,98.0,106.0,58.0,113.71428571428571,110.96428571428571,30.712181544755982,False,False,False,True,False,False,False,False,False,False,False,False,False,False,False,False,False,False,False,False,False,False,False,False,True,False,False,False,False,False,False,False,False,False,False,False,False,True,False,False,False,False,True,False,True,False
d_1722,37,2015-10-16,11537,7,10,2015,0,4,0,74.0,166.0,155.0,109.14285714285714,111.53571428571429,34.23170348974007,False,False,False,False,False,False,False,False,False,False,False,False,False,False,False,False,False,False,False,False,False,False,False,False,True,False,False,False,False,False,False,False,False,False,False,False,False,True,False,False,False,False,True,False,True,False
d_1723,141,2015-10-17,11538,1,10,2015,0,4,1,37.0,147.0,234.0,90.71428571428571,107.32142857142857,33.23007817080891,False,True,False,False,False,False,False,False,False,False,False,False,False,False,False,False,False,False,False,False,False,False,False,False,True,False,False,False,False,False,False,False,False,False,False,False,False,True,False,False,False,False,True,False,True,False
d_1724,116,2015-10-18,11538,2,10,2015,0,4,1,141.0,97.0,151.0,89.85714285714286,104.0,31.572290442878867,False,False,True,False,False,False,False,False,False,False,False,False,False,False,False,False,False,False,False,False,False,False,False,False,True,False,False,False,False,False,False,False,False,False,False,False,False,True,False,False,False,False,True,False,True,False
d_1725,88,2015-10-19,11538,3,10,2015,0,4,0,116.0,101.0,100.0,92.57142857142857,102.75,33.06991151513746,True,False,False,False,False,False,False,False,False,False,False,False,False,False,False,False,False,False,False,False,False,False,False,False,True,False,False,False,False,False,False,False,False,False,False,False,False,True,False,False,False,False,True,False,True,False
d_1726,92,2015-10-20,11538,4,10,2015,0,4,0,88.0,81.0,91.0,90.71428571428571,102.32142857142857,32.88218507395868,False,False,False,False,True,False,False,False,False,False,False,False,False,False,False,False,False,False,False,False,False,False,False,False,True,False,False,False,False,False,False,False,False,False,False,False,False,True,False,False,False,False,True,False,True,False
d_1727,111,2015-10-21,11538,5,10,2015,0,4,0,92.0,98.0,89.0,92.28571428571429,102.35714285714286,32.602220199010006,False,False,False,False,False,True,False,False,False,False,False,False,False,False,False,False,False,False,False,False,False,False,False,False,True,False,False,False,False,False,False,False,False,False,False,False,False,True,False,False,False,False,True,False,True,False
d_1728,108,2015-10-22,11538,6,10,2015,0,4,0,111.0,74.0,83.0,94.14285714285714,103.14285714285714,33.3438078780678,False,False,False,True,False,False,False,False,False,False,False,False,False,False,False,False,False,False,False,False,False,False,False,False,True,False,False,False,False,False,False,False,False,False,False,False,False,True,False,False,False,False,True,False,True,False
d_1729,137,2015-10-23,11538,7,10,2015,0,4,0,108.0,37.0,105.0,99.0,104.03571428571429,32.383123176534944,False,False,False,False,False,False,False,False,False,False,False,False,False,False,False,False,False,False,False,False,False,False,False,False,True,False,False,False,False,False,False,False,False,False,False,False,False,True,False,False,False,False,True,False,True,False
d_1730,151,2015-10-24,11539,1,10,2015,0,4,1,137.0,141.0,159.0,113.28571428571429,105.17857142857143,20.2625622410243,False,True,False,False,False,False,False,False,False,False,False,False,False,False,False,False,False,False,False,False,False,False,False,False,True,False,False,False,False,False,False,False,False,False,False,False,False,True,False,False,False,False,True,False,True,False
d_1731,131,2015-10-25,11539,2,10,2015,0,4,1,151.0,116.0,115.0,114.71428571428571,104.89285714285714,22.742869107437805,False,False,True,False,False,False,False,False,False,False,False,False,False,False,False,False,False,False,False,False,False,False,False,False,True,False,False,False,False,False,False,False,False,False,False,False,False,True,False,False,False,False,True,False,True,False
d_1732,101,2015-10-26,11539,3,10,2015,0,4,0,131.0,88.0,96.0,116.85714285714286,105.46428571428571,23.57561290421684,True,False,False,False,False,False,False,False,False,False,False,False,False,False,False,False,False,False,False,False,False,False,False,False,True,False,False,False,False,False,False,False,False,False,False,False,False,True,False,False,False,False,True,False,True,False
d_1733,89,2015-10-27,11539,4,10,2015,0,4,0,101.0,92.0,70.0,118.71428571428571,105.64285714285714,21.328496475483497,False,False,False,False,True,False,False,False,False,False,False,False,False,False,False,False,False,False,False,False,False,False,False,False,True,False,False,False,False,False,False,False,False,False,False,False,False,True,False,False,False,False,True,False,True,False
d_1734,97,2015-10-28,11539,5,10,2015,0,4,0,89.0,111.0,102.0,118.28571428571429,106.32142857142857,21.975094127323146,False,False,False,False,False,True,False,False,False,False,False,False,False,False,False,False,False,False,False,False,False,False,False,False,True,False,False,False,False,False,False,False,False,False,False,False,False,True,False,False,False,False,True,False,True,False
d_1735,108,2015-10-29,11539,6,10,2015,0,4,0,97.0,108.0,75.0,116.28571428571429,106.14285714285714,23.3431951948467,False,False,False,True,False,False,False,False,False,False,False,False,False,False,False,False,False,False,False,False,False,False,False,False,True,False,False,False,False,False,False,False,False,False,False,False,False,True,False,False,False,False,True,False,True,False
d_1736,141,2015-10-30,11539,7,10,2015,0,4,0,108.0,137.0,134.0,116.28571428571429,107.32142857142857,23.3431951948467,False,False,False,False,False,False,False,False,False,False,False,False,False,False,False,False,False,False,False,False,False,False,False,False,True,False,False,False,False,False,False,False,False,False,False,False,False,True,False,False,False,False,True,False,True,False
d_1737,128,2015-10-31,11540,1,10,2015,0,4,1,141.0,151.0,123.0,116.85714285714286,107.57142857142857,23.97518558446369,False,True,False,False,False,False,False,False,False,False,False,False,False,True,False,False,False,False,False,False,False,False,False,False,False,False,False,False,False,False,False,False,False,False,False,False,False,False,False,False,False,False,True,False,True,False
d_1738,155,2015-11-01,11540,2,11,2015,1,4,1,128.0,131.0,86.0,113.57142857142857,107.75,19.713423031503236,False,False,True,False,False,False,False,False,False,False,False,False,False,False,False,False,False,False,False,False,False,False,False,False,True,False,False,False,False,False,False,False,False,False,False,False,False,True,False,False,False,False,True,False,True,False
d_1739,58,2015-11-02,11540,3,11,2015,1,4,0,155.0,101.0,141.0,117.0,110.21428571428571,24.70492528491606,True,False,False,False,False,False,False,False,False,False,False,False,False,False,False,False,False,False,False,False,False,False,False,False,True,False,False,False,False,False,False,False,False,False,False,False,False,True,False,False,False,False,True,False,True,False
d_1740,60,2015-11-03,11540,4,11,2015,1,4,0,58.0,89.0,56.0,110.85714285714286,107.25,33.22362899819165,False,False,False,False,True,False,False,False,False,False,False,False,False,False,False,False,False,False,False,False,False,False,False,False,True,False,False,False,False,False,False,False,False,False,False,False,False,True,False,False,False,False,True,False,True,False
d_1741,62,2015-11-04,11540,5,11,2015,1,4,0,60.0,97.0,88.0,106.71428571428571,107.39285714285714,37.88453636034175,False,False,False,False,False,True,False,False,False,False,False,False,False,False,False,False,False,False,False,False,False,False,False,False,True,False,False,False,False,False,False,False,False,False,False,False,False,True,False,False,False,False,True,False,True,False
d_1742,119,2015-11-05,11540,6,11,2015,1,4,0,62.0,108.0,106.0,101.71428571428571,106.46428571428571,41.515917773444365,False,False,False,True,False,False,False,False,False,False,False,False,False,False,False,False,False,False,False,False,False,False,False,False,True,False,False,False,False,False,False,False,False,False,False,False,False,True,False,False,False,False,True,False,True,False
d_1743,162,2015-11-06,11540,7,11,2015,1,4,0,119.0,141.0,166.0,103.28571428571429,106.92857142857143,41.99886619784784,False,False,False,False,False,False,False,False,False,False,False,False,False,False,False,False,False,False,False,False,False,False,False,False,True,False,False,False,False,False,False,False,False,False,False,False,False,True,False,False,False,False,True,False,True,False
d_1744,134,2015-11-07,11541,1,11,2015,1,4,1,162.0,128.0,147.0,106.28571428571429,106.78571428571429,45.72641208212955,False,True,False,False,False,False,False,False,False,False,False,False,False,False,False,False,False,False,False,False,False,False,False,False,True,False,False,False,False,False,False,False,False,False,False,False,False,True,False,False,False,False,True,False,True,False
d_1745,131,2015-11-08,11541,2,11,2015,1,4,1,134.0,155.0,97.0,107.14285714285714,106.32142857142857,46.25447211325788,False,False,True,False,False,False,False,False,False,False,False,False,False,False,False,False,False,False,False,False,False,False,False,False,True,False,False,False,False,False,False,False,False,False,False,False,False,True,False,False,False,False,True,False,True,False
d_1746,123,2015-11-09,11541,3,11,2015,1,4,0,131.0,58.0,101.0,103.71428571428571,107.53571428571429,42.88245284384658,True,False,False,False,False,False,False,False,False,False,False,False,False,False,False,False,False,False,False,False,False,False,False,False,True,False,False,False,False,False,False,False,False,False,False,False,False,True,False,False,False,False,True,False,True,False
d_1747,86,2015-11-10,11541,4,11,2015,1,4,0,123.0,60.0,81.0,113.0,108.32142857142857,38.10511776651472,False,False,False,False,True,False,False,False,False,False,False,False,False,False,False,False,False,False,False,False,False,False,False,False,True,False,False,False,False,False,False,False,False,False,False,False,False,True,False,False,False,False,True,False,True,False
d_1748,107,2015-11-11,11541,5,11,2015,0,4,0,86.0,62.0,98.0,116.71428571428571,108.5,33.003607306445275,False,False,False,False,False,True,False,False,False,False,False,False,False,False,False,False,False,False,False,False,False,False,False,False,False,False,False,False,False,False,False,False,False,False,False,True,True,False,False,False,False,False,True,False,True,False
d_1749,103,2015-11-12,11541,6,11,2015,0,4,0,107.0,119.0,74.0,123.14285714285714,108.82142857142857,23.617991527847384,False,False,False,True,False,False,False,False,False,False,False,False,False,False,False,False,False,False,False,False,False,False,False,False,True,False,False,False,False,False,False,False,False,False,False,False,False,True,False,False,False,False,True,False,True,False
d_1750,160,2015-11-13,11541,7,11,2015,0,4,0,103.0,162.0,37.0,120.85714285714286,109.85714285714286,24.82893856926106,False,False,False,False,False,False,False,False,False,False,False,False,False,False,False,False,False,False,False,False,False,False,False,False,True,False,False,False,False,False,False,False,False,False,False,False,False,True,False,False,False,False,True,False,True,False
d_1751,166,2015-11-14,11542,1,11,2015,0,4,1,160.0,134.0,141.0,120.57142857142857,114.25,24.28207255608542,False,True,False,False,False,False,False,False,False,False,False,False,False,False,False,False,False,False,False,False,False,False,False,False,True,False,False,False,False,False,False,False,False,False,False,False,False,True,False,False,False,False,True,False,True,False
d_1752,145,2015-11-15,11542,2,11,2015,0,4,1,166.0,131.0,116.0,125.14285714285714,115.14285714285714,29.650343288785077,False,False,True,False,False,False,False,False,False,False,False,False,False,False,False,False,False,False,False,False,False,False,False,False,True,False,False,False,False,False,False,False,False,False,False,False,False,True,False,False,False,False,True,False,True,False
d_1753,94,2015-11-16,11542,3,11,2015,0,4,0,145.0,123.0,88.0,127.14285714285714,116.17857142857143,30.56920330129874,True,False,False,False,False,False,False,False,False,False,False,False,False,False,False,False,False,False,False,False,False,False,False,False,True,False,False,False,False,False,False,False,False,False,False,False,False,True,False,False,False,False,True,False,True,False
d_1754,59,2015-11-17,11542,4,11,2015,0,4,0,94.0,86.0,92.0,123.0,116.39285714285714,33.085747183139354,False,False,False,False,True,False,False,False,False,False,False,False,False,False,False,False,False,False,False,False,False,False,False,False,True,False,False,False,False,False,False,False,False,False,False,False,False,True,False,False,False,False,True,False,True,False
d_1755,100,2015-11-18,11542,5,11,2015,0,4,0,59.0,107.0,111.0,119.14285714285714,115.21428571428571,39.13833828625679,False,False,False,False,False,True,False,False,False,False,False,False,False,False,False,False,False,False,False,False,False,False,False,False,True,False,False,False,False,False,False,False,False,False,False,False,False,True,False,False,False,False,True,False,True,False
d_1756,67,2015-11-19,11542,6,11,2015,0,4,0,100.0,103.0,108.0,118.14285714285714,114.82142857142857,39.58715520396493,False,False,False,True,False,False,False,False,False,False,False,False,False,False,False,False,False,False,False,False,False,False,False,False,True,False,False,False,False,False,False,False,False,False,False,False,False,True,False,False,False,False,True,False,True,False
d_1757,129,2015-11-20,11542,7,11,2015,0,4,0,67.0,160.0,137.0,113.0,113.35714285714286,43.97726685459153,False,False,False,False,False,False,False,False,False,False,False,False,False,False,False,False,False,False,False,False,False,False,False,False,True,False,False,False,False,False,False,False,False,False,False,False,False,True,False,False,False,False,True,False,True,False
d_1758,140,2015-11-21,11543,1,11,2015,0,4,1,129.0,166.0,151.0,108.57142857142857,113.07142857142857,39.81983234041809,False,True,False,False,False,False,False,False,False,False,False,False,False,False,False,False,False,False,False,False,False,False,False,False,True,False,False,False,False,False,False,False,False,False,False,False,False,True,False,False,False,False,True,False,True,False
d_1759,112,2015-11-22,11543,2,11,2015,0,4,1,140.0,145.0,131.0,104.85714285714286,112.67857142857143,34.41621987488097,False,False,True,False,False,False,False,False,False,False,False,False,False,False,False,False,False,False,False,False,False,False,False,False,True,False,False,False,False,False,False,False,False,False,False,False,False,True,False,False,False,False,True,False,True,False
d_1760,95,2015-11-23,11543,3,11,2015,0,4,0,112.0,94.0,101.0,100.14285714285714,112.0,29.974592415513442,True,False,False,False,False,False,False,False,False,False,False,False,False,False,False,False,False,False,False,False,False,False,False,False,True,False,False,False,False,False,False,False,False,False,False,False,False,True,False,False,False,False,True,False,True,False
d_1761,110,2015-11-24,11543,4,11,2015,0,4,0,95.0,59.0,89.0,100.28571428571429,111.78571428571429,29.942802617179872,False,False,False,False,True,False,False,False,False,False,False,False,False,False,False,False,False,False,False,False,False,False,False,False,True,False,False,False,False,False,False,False,False,False,False,False,False,True,False,False,False,False,True,False,True,False
d_1762,323,2015-11-25,11543,5,11,2015,0,4,0,110.0,100.0,97.0,107.57142857142857,112.53571428571429,23.79675848273612,False,False,False,False,False,True,False,False,False,False,False,False,False,False,False,False,False,False,False,False,False,False,False,False,True,False,False,False,False,False,False,False,False,False,False,False,False,True,False,False,False,False,True,False,True,False
d_1763,256,2015-11-26,11543,6,11,2015,0,4,0,323.0,67.0,108.0,139.42857142857142,120.60714285714286,84.30669633913418,False,False,False,True,False,False,False,False,False,False,False,False,False,False,False,False,False,False,False,False,False,False,False,False,False,False,False,False,False,False,False,False,False,True,False,False,True,False,False,False,False,False,True,False,True,False
d_1764,68,2015-11-27,11543,7,11,2015,0,4,0,256.0,129.0,141.0,166.42857142857142,125.89285714285714,87.45066636463645,False,False,False,False,False,False,False,False,False,False,False,False,False,False,False,False,False,False,False,False,False,False,False,False,True,False,False,False,False,False,False,False,False,False,False,False,False,True,False,False,False,False,True,False,True,False
d_1765,89,2015-11-28,11544,1,11,2015,0,4,1,68.0,140.0,128.0,157.71428571428572,123.28571428571429,94.5528322962248,False,True,False,False,False,False,False,False,False,False,False,False,False,False,False,False,False,False,False,False,False,False,False,False,True,False,False,False,False,False,False,False,False,False,False,False,False,True,False,False,False,False,True,False,True,False
d_1766,62,2015-11-29,11544,2,11,2015,0,4,1,89.0,112.0,155.0,150.42857142857142,121.89285714285714,98.04566477388127,False,False,True,False,False,False,False,False,False,False,False,False,False,False,False,False,False,False,False,False,False,False,False,False,True,False,False,False,False,False,False,False,False,False,False,False,False,True,False,False,False,False,True,False,True,False
d_1767,61,2015-11-30,11544,3,11,2015,0,4,0,62.0,95.0,58.0,143.28571428571428,118.57142857142857,103.00762801157668,True,False,False,False,False,False,False,False,False,False,False,False,False,False,False,False,False,False,False,False,False,False,False,False,True,False,False,False,False,False,False,False,False,False,False,False,False,True,False,False,False,False,True,False,True,False
d_1768,57,2015-12-01,11544,4,12,2015,1,4,0,61.0,110.0,60.0,138.42857142857142,118.67857142857143,106.4093622805452,False,False,False,False,True,False,False,False,False,False,False,False,False,False,False,False,False,False,False,False,False,False,False,False,True,False,False,False,False,False,False,False,False,False,False,False,False,True,False,False,False,False,True,False,True,False
d_1769,96,2015-12-02,11544,5,12,2015,1,4,0,57.0,323.0,62.0,130.85714285714286,118.57142857142857,110.57339730005646,False,False,False,False,False,True,False,False,False,False,False,False,False,False,False,False,False,False,False,False,False,False,False,False,True,False,False,False,False,False,False,False,False,False,False,False,False,True,False,False,False,False,True,False,True,False
d_1770,0,2015-12-03,11544,6,12,2015,1,4,0,96.0,256.0,119.0,98.42857142857143,119.78571428571429,71.05598061354405,False,False,False,True,False,False,False,False,False,False,False,False,False,False,False,False,False,False,False,False,False,False,False,False,True,False,False,False,False,False,False,False,False,False,False,False,False,True,False,False,False,False,True,False,True,False
d_1771,0,2015-12-04,11544,7,12,2015,1,4,0,0.0,68.0,162.0,61.857142857142854,115.53571428571429,31.066748415997065,False,False,False,False,False,False,False,False,False,False,False,False,False,False,False,False,False,False,False,False,False,False,False,False,True,False,False,False,False,False,False,False,False,False,False,False,False,True,False,False,False,False,True,False,True,False
d_1772,2,2015-12-05,11545,1,12,2015,1,4,1,0.0,89.0,134.0,52.142857142857146,109.75,38.55484652383145,False,True,False,False,False,False,False,False,False,False,False,False,False,False,False,False,False,False,False,False,False,False,False,False,True,False,False,False,False,False,False,False,False,False,False,False,False,True,False,False,False,False,True,False,True,False
d_1773,0,2015-12-06,11545,2,12,2015,1,4,1,2.0,62.0,131.0,39.714285714285715,105.03571428571429,38.71569141710865,False,False,True,False,False,False,False,False,False,False,False,False,False,False,False,False,False,False,False,False,False,False,False,False,True,False,False,False,False,False,False,False,False,False,False,False,False,True,False,False,False,False,True,False,True,False
d_1774,1,2015-12-07,11545,3,12,2015,1,4,0,0.0,61.0,123.0,30.857142857142858,100.35714285714286,39.84314483667443,True,False,False,False,False,False,False,False,False,False,False,False,False,False,False,False,False,False,False,False,False,False,False,False,True,False,False,False,False,False,False,False,False,False,False,False,False,True,False,False,False,False,True,False,True,False
d_1775,0,2015-12-08,11545,4,12,2015,1,4,0,1.0,57.0,86.0,22.285714285714285,96.0,38.71569141710884,False,False,False,False,True,False,False,False,False,False,False,False,False,False,False,False,False,False,False,False,False,False,False,False,True,False,False,False,False,False,False,False,False,False,False,False,False,True,False,False,False,False,True,False,True,False
d_1776,0,2015-12-09,11545,5,12,2015,1,4,0,0.0,96.0,107.0,14.142857142857142,92.92857142857143,36.10368666045382,False,False,False,False,False,True,False,False,False,False,False,False,False,False,False,False,False,False,False,False,False,False,False,False,True,False,False,False,False,False,False,False,False,False,False,False,False,True,False,False,False,False,True,False,True,False
d_1777,9,2015-12-10,11545,6,12,2015,1,4,0,0.0,0.0,103.0,0.42857142857142855,89.10714285714286,0.7867957925026197,False,False,False,True,False,False,False,False,False,False,False,False,False,False,False,False,False,False,False,False,False,False,False,False,True,False,False,False,False,False,False,False,False,False,False,False,False,True,False,False,False,False,True,False,True,False
d_1778,1,2015-12-11,11545,7,12,2015,0,4,0,9.0,0.0,160.0,1.7142857142857142,85.75,3.302235894785985,False,False,False,False,False,False,False,False,False,False,False,False,False,False,False,False,False,False,False,False,False,False,False,False,True,False,False,False,False,False,False,False,False,False,False,False,False,True,False,False,False,False,True,False,True,False
d_1779,3,2015-12-12,11546,1,12,2015,0,4,1,1.0,2.0,166.0,1.8571428571428572,80.07142857142857,3.2366943748586214,False,True,False,False,False,False,False,False,False,False,False,False,False,False,False,False,False,False,False,False,False,False,False,False,True,False,False,False,False,False,False,False,False,False,False,False,False,True,False,False,False,False,True,False,True,False
d_1780,2,2015-12-13,11546,2,12,2015,0,4,1,3.0,0.0,145.0,2.0,74.25,3.265986323718688,False,False,True,False,False,False,False,False,False,False,False,False,False,False,False,False,False,False,False,False,False,False,False,False,True,False,False,False,False,False,False,False,False,False,False,False,False,True,False,False,False,False,True,False,True,False
d_1781,1,2015-12-14,11546,3,12,2015,0,4,0,2.0,1.0,94.0,2.2857142857142856,69.14285714285714,3.147183169885811,True,False,False,False,False,False,False,False,False,False,False,False,False,False,False,False,False,False,False,False,False,False,False,False,False,False,False,False,False,False,False,False,False,False,False,False,False,False,True,False,False,False,True,False,True,False
d_1782,0,2015-12-15,11546,4,12,2015,0,4,0,1.0,0.0,59.0,2.2857142857142856,65.82142857142857,3.147183169885811,False,False,False,False,True,False,False,False,False,False,False,False,False,False,False,False,False,False,False,False,False,False,False,False,True,False,False,False,False,False,False,False,False,False,False,False,False,True,False,False,False,False,True,False,True,False
d_1783,0,2015-12-16,11546,5,12,2015,0,4,0,0.0,0.0,100.0,2.2857142857142856,63.714285714285715,3.147183169885811,False,False,False,False,False,True,False,False,False,False,False,False,False,False,False,False,False,False,False,False,False,False,False,False,True,False,False,False,False,False,False,False,False,False,False,False,False,True,False,False,False,False,True,False,True,False
d_1784,0,2015-12-17,11546,6,12,2015,0,4,0,0.0,9.0,67.0,2.2857142857142856,60.142857142857146,3.147183169885811,False,False,False,True,False,False,False,False,False,False,False,False,False,False,False,False,False,False,False,False,False,False,False,False,True,False,False,False,False,False,False,False,False,False,False,False,False,True,False,False,False,False,True,False,True,False
d_1785,1,2015-12-18,11546,7,12,2015,0,4,0,0.0,1.0,129.0,1.0,57.75,1.154700538401643,False,False,False,False,False,False,False,False,False,False,False,False,False,False,False,False,False,False,False,False,False,False,False,False,True,False,False,False,False,False,False,False,False,False,False,False,False,True,False,False,False,False,True,False,True,False
d_1786,0,2015-12-19,11547,1,12,2015,0,4,1,1.0,3.0,140.0,1.0,53.17857142857143,1.154700538401643,False,True,False,False,False,False,False,False,False,False,False,False,False,False,False,False,False,False,False,False,False,False,False,False,True,False,False,False,False,False,False,False,False,False,False,False,False,True,False,False,False,False,True,False,True,False
d_1787,6,2015-12-20,11547,2,12,2015,0,4,1,0.0,2.0,112.0,0.5714285714285714,48.17857142857143,0.7867957925025412,False,False,True,False,False,False,False,False,False,False,False,False,False,False,False,False,False,False,False,False,False,False,False,False,True,False,False,False,False,False,False,False,False,False,False,False,False,True,False,False,False,False,True,False,True,False
d_1788,4,2015-12-21,11547,3,12,2015,0,4,0,6.0,1.0,95.0,1.1428571428571428,44.392857142857146,2.1930626551868957,True,False,False,False,False,False,False,False,False,False,False,False,False,False,False,False,False,False,False,False,False,False,False,False,True,False,False,False,False,False,False,False,False,False,False,False,False,True,False,False,False,False,True,False,True,False
d_1789,5,2015-12-22,11547,4,12,2015,0,4,0,4.0,0.0,110.0,1.5714285714285714,41.142857142857146,2.4397501823818293,False,False,False,False,True,False,False,False,False,False,False,False,False,False,False,False,False,False,False,False,False,False,False,False,True,False,False,False,False,False,False,False,False,False,False,False,False,True,False,False,False,False,True,False,True,False
d_1790,2,2015-12-23,11547,5,12,2015,0,4,0,5.0,0.0,323.0,2.2857142857142856,37.392857142857146,2.627691364070846,False,False,False,False,False,True,False,False,False,False,False,False,False,False,False,False,False,False,False,False,False,False,False,False,True,False,False,False,False,False,False,False,False,False,False,False,False,True,False,False,False,False,True,False,True,False
d_1791,0,2015-12-24,11547,6,12,2015,0,4,0,2.0,0.0,256.0,2.5714285714285716,25.928571428571427,2.4397501823816516,False,False,False,True,False,False,False,False,False,False,False,False,False,False,False,False,False,False,False,False,False,False,False,False,True,False,False,False,False,False,False,False,False,False,False,False,False,True,False,False,False,False,True,False,True,False
d_1792,0,2015-12-25,11547,7,12,2015,0,4,0,0.0,1.0,68.0,2.5714285714285716,16.785714285714285,2.4397501823816516,False,False,False,False,False,False,True,False,False,False,False,False,False,False,False,False,False,False,False,False,False,False,False,False,False,False,False,False,False,False,False,False,False,False,False,False,True,False,False,False,False,False,True,False,True,False
d_1793,6,2015-12-26,11548,1,12,2015,0,4,1,0.0,0.0,89.0,2.4285714285714284,14.357142857142858,2.572750982722209,False,True,False,False,False,False,False,False,False,False,False,False,False,False,False,False,False,False,False,False,False,False,False,False,True,False,False,False,False,False,False,False,False,False,False,False,False,True,False,False,False,False,True,False,True,False
d_1794,0,2015-12-27,11548,2,12,2015,0,4,1,6.0,6.0,62.0,3.2857142857142856,11.392857142857142,2.6276913640706803,False,False,True,False,False,False,False,False,False,False,False,False,False,False,False,False,False,False,False,False,False,False,False,False,True,False,False,False,False,False,False,False,False,False,False,False,False,True,False,False,False,False,True,False,True,False
d_1795,6,2015-12-28,11548,3,12,2015,0,4,0,0.0,4.0,61.0,2.4285714285714284,9.178571428571429,2.5727509827222086,True,False,False,False,False,False,False,False,False,False,False,False,False,False,False,False,False,False,False,False,False,False,False,False,True,False,False,False,False,False,False,False,False,False,False,False,False,True,False,False,False,False,True,False,True,False
d_1796,0,2015-12-29,11548,4,12,2015,0,4,0,6.0,5.0,57.0,2.7142857142857144,7.214285714285714,2.87020822208868,False,False,False,False,True,False,False,False,False,False,False,False,False,False,False,False,False,False,False,False,False,False,False,False,True,False,False,False,False,False,False,False,False,False,False,False,False,True,False,False,False,False,True,False,True,False
d_1797,0,2015-12-30,11548,5,12,2015,0,4,0,0.0,2.0,96.0,2.0,5.178571428571429,2.828427124755178,False,False,False,False,False,True,False,False,False,False,False,False,False,False,False,False,False,False,False,False,False,False,False,False,True,False,False,False,False,False,False,False,False,False,False,False,False,True,False,False,False,False,True,False,True,False
d_1798,0,2015-12-31,11548,6,12,2015,0,4,0,0.0,0.0,0.0,1.7142857142857142,1.75,2.9277002188543255,False,False,False,True,False,False,False,False,False,False,False,False,False,False,False,False,False,False,False,False,False,False,False,False,True,False,False,False,False,False,False,False,False,False,False,False,False,True,False,False,False,False,True,False,True,False
d_1799,0,2016-01-01,11548,7,1,2016,1,1,0,0.0,0.0,0.0,1.7142857142857142,1.75,2.9277002188543255,False,False,False,False,False,False,False,False,False,False,False,False,False,False,False,False,False,False,False,False,False,False,False,True,False,False,False,False,False,False,False,False,False,False,False,False,True,False,False,False,False,False,True,False,True,False
d_1800,0,2016-01-02,11549,1,1,2016,1,1,1,0.0,6.0,2.0,1.7142857142857142,1.75,2.9277002188543255,False,True,False,False,False,False,False,False,False,False,False,False,False,False,False,False,False,False,False,False,False,False,False,False,True,False,False,False,False,False,False,False,False,False,False,False,False,True,False,False,False,False,True,False,True,False
d_1801,0,2016-01-03,11549,2,1,2016,1,1,1,0.0,0.0,0.0,0.8571428571428571,1.6785714285714286,2.2677868380667925,False,False,True,False,False,False,False,False,False,False,False,False,False,False,False,False,False,False,False,False,False,False,False,False,True,False,False,False,False,False,False,False,False,False,False,False,False,True,False,False,False,False,True,False,True,False
d_1802,0,2016-01-04,11549,3,1,2016,1,1,0,0.0,6.0,1.0,0.8571428571428571,1.6785714285714286,2.2677868380667925,True,False,False,False,False,False,False,False,False,False,False,False,False,False,False,False,False,False,False,False,False,False,False,False,True,False,False,False,False,False,False,False,False,False,False,False,False,True,False,False,False,False,True,False,True,False
d_1803,0,2016-01-05,11549,4,1,2016,1,1,0,0.0,0.0,0.0,0.0,1.6428571428571428,7.2512996548301865e-06,False,False,False,False,True,False,False,False,False,False,False,False,False,False,False,False,False,False,False,False,False,False,False,False,True,False,False,False,False,False,False,False,False,False,False,False,False,True,False,False,False,False,True,False,True,False
d_1804,0,2016-01-06,11549,5,1,2016,1,1,0,0.0,0.0,0.0,0.0,1.6428571428571428,7.2512996548301865e-06,False,False,False,False,False,True,False,False,False,False,False,False,False,False,False,False,False,False,False,False,False,False,False,False,True,False,False,False,False,False,False,False,False,False,False,False,False,True,False,False,False,False,True,False,True,False
d_1805,139,2016-01-07,11549,6,1,2016,1,1,0,0.0,0.0,9.0,0.0,1.6428571428571428,7.2512996548301865e-06,False,False,False,True,False,False,False,False,False,False,False,False,False,False,False,False,False,False,False,False,False,False,False,False,False,True,False,False,False,False,False,False,False,False,False,False,False,False,True,False,False,False,True,False,True,False
d_1806,111,2016-01-08,11549,7,1,2016,1,1,0,139.0,0.0,1.0,19.857142857142858,6.285714285714286,52.53706174828292,False,False,False,False,False,False,False,False,False,False,False,False,False,False,False,False,False,False,False,False,False,False,False,False,True,False,False,False,False,False,False,False,False,False,False,False,False,True,False,False,False,False,True,False,True,False
d_1807,179,2016-01-09,11550,1,1,2016,1,1,1,111.0,0.0,3.0,35.714285714285715,10.214285714285714,61.52699755856327,False,True,False,False,False,False,False,False,False,False,False,False,False,False,False,False,False,False,False,False,False,False,False,False,True,False,False,False,False,False,False,False,False,False,False,False,False,True,False,False,False,False,True,False,True,False
d_1808,118,2016-01-10,11550,2,1,2016,1,1,1,179.0,0.0,2.0,61.285714285714285,16.5,78.94241421381005,False,False,True,False,False,False,False,False,False,False,False,False,False,False,False,False,False,False,False,False,False,False,False,False,True,False,False,False,False,False,False,False,False,False,False,False,False,True,False,False,False,False,True,False,True,False
d_1809,68,2016-01-11,11550,3,1,2016,0,1,0,118.0,0.0,1.0,78.14285714285714,20.642857142857142,76.22647958863229,True,False,False,False,False,False,False,False,False,False,False,False,False,False,False,False,False,False,False,False,False,False,False,False,True,False,False,False,False,False,False,False,False,False,False,False,False,True,False,False,False,False,True,False,True,False
d_1810,59,2016-01-12,11550,4,1,2016,0,1,0,68.0,0.0,0.0,87.85714285714286,23.035714285714285,68.55515679953989,False,False,False,False,True,False,False,False,False,False,False,False,False,False,False,False,False,False,False,False,False,False,False,False,True,False,False,False,False,False,False,False,False,False,False,False,False,True,False,False,False,False,True,False,True,False
d_1811,94,2016-01-13,11550,5,1,2016,0,1,0,59.0,0.0,0.0,96.28571428571429,25.142857142857142,58.90023849899135,False,False,False,False,False,True,False,False,False,False,False,False,False,False,False,False,False,False,False,False,False,False,False,False,True,False,False,False,False,False,False,False,False,False,False,False,False,True,False,False,False,False,True,False,True,False
d_1812,53,2016-01-14,11550,6,1,2016,0,1,0,94.0,139.0,0.0,109.71428571428571,28.5,41.40738374458576,False,False,False,True,False,False,False,False,False,False,False,False,False,False,False,False,False,False,False,False,False,False,False,False,True,False,False,False,False,False,False,False,False,False,False,False,False,True,False,False,False,False,True,False,True,False
d_1813,103,2016-01-15,11550,7,1,2016,0,1,0,53.0,111.0,1.0,97.42857142857143,30.392857142857142,43.95018825464818,False,False,False,False,False,False,False,False,False,False,False,False,False,False,False,False,False,False,False,False,False,False,False,False,True,False,False,False,False,False,False,False,False,False,False,False,False,True,False,False,False,False,True,False,True,False
d_1814,117,2016-01-16,11551,1,1,2016,0,1,1,103.0,179.0,0.0,96.28571428571429,34.035714285714285,43.641395813738555,False,True,False,False,False,False,False,False,False,False,False,False,False,False,False,False,False,False,False,False,False,False,False,False,True,False,False,False,False,False,False,False,False,False,False,False,False,True,False,False,False,False,True,False,True,False
d_1815,106,2016-01-17,11551,2,1,2016,0,1,1,117.0,118.0,6.0,87.42857142857143,38.214285714285715,27.28160028821057,False,False,True,False,False,False,False,False,False,False,False,False,False,False,False,False,False,False,False,False,False,False,False,False,True,False,False,False,False,False,False,False,False,False,False,False,False,True,False,False,False,False,True,False,True,False
d_1816,53,2016-01-18,11551,3,1,2016,0,1,0,106.0,68.0,4.0,85.71428571428571,41.785714285714285,25.348992653977533,True,False,False,False,False,False,False,False,False,False,False,False,False,False,False,False,False,False,True,False,False,False,False,False,False,False,False,False,False,False,False,False,False,False,False,False,True,False,False,False,False,False,True,False,True,False
d_1817,73,2016-01-19,11551,4,1,2016,0,1,0,53.0,59.0,5.0,83.57142857142857,43.535714285714285,27.627625925614648,False,False,False,False,True,False,False,False,False,False,False,False,False,False,False,False,False,False,False,False,False,False,False,False,True,False,False,False,False,False,False,False,False,False,False,False,False,True,False,False,False,False,True,False,True,False
d_1818,55,2016-01-20,11551,5,1,2016,0,1,0,73.0,94.0,2.0,85.57142857142857,45.964285714285715,26.0119020377024,False,False,False,False,False,True,False,False,False,False,False,False,False,False,False,False,False,False,False,False,False,False,False,False,True,False,False,False,False,False,False,False,False,False,False,False,False,True,False,False,False,False,True,False,True,False
d_1819,68,2016-01-21,11551,6,1,2016,0,1,0,55.0,53.0,0.0,80.0,47.857142857142854,28.005951748393002,False,False,False,True,False,False,False,False,False,False,False,False,False,False,False,False,False,False,False,False,False,False,False,False,True,False,False,False,False,False,False,False,False,False,False,False,False,True,False,False,False,False,True,False,True,False
d_1820,94,2016-01-22,11551,7,1,2016,0,1,0,68.0,103.0,0.0,82.14285714285714,50.285714285714285,26.105098936341385,False,False,False,False,False,False,False,False,False,False,False,False,False,False,False,False,False,False,False,False,False,False,False,False,True,False,False,False,False,False,False,False,False,False,False,False,False,True,False,False,False,False,True,False,True,False
d_1821,144,2016-01-23,11552,1,1,2016,0,1,1,94.0,117.0,6.0,80.85714285714286,53.642857142857146,25.10928494553705,False,True,False,False,False,False,False,False,False,False,False,False,False,False,False,False,False,False,False,False,False,False,False,False,True,False,False,False,False,False,False,False,False,False,False,False,False,True,False,False,False,False,True,False,True,False
d_1822,146,2016-01-24,11552,2,1,2016,0,1,1,144.0,106.0,0.0,84.71428571428571,58.57142857142857,32.55617855192377,False,False,True,False,False,False,False,False,False,False,False,False,False,False,False,False,False,False,False,False,False,False,False,False,True,False,False,False,False,False,False,False,False,False,False,False,False,True,False,False,False,False,True,False,True,False
d_1823,87,2016-01-25,11552,3,1,2016,0,1,0,146.0,53.0,6.0,90.42857142857143,63.785714285714285,39.65205813429724,True,False,False,False,False,False,False,False,False,False,False,False,False,False,False,False,False,False,False,False,False,False,False,False,True,False,False,False,False,False,False,False,False,False,False,False,False,True,False,False,False,False,True,False,True,False
d_1824,73,2016-01-26,11552,4,1,2016,0,1,0,87.0,73.0,0.0,95.28571428571429,66.67857142857143,36.23862711580096,False,False,False,False,True,False,False,False,False,False,False,False,False,False,False,False,False,False,False,False,False,False,False,False,True,False,False,False,False,False,False,False,False,False,False,False,False,True,False,False,False,False,True,False,True,False
d_1825,62,2016-01-27,11552,5,1,2016,0,1,0,73.0,55.0,0.0,95.28571428571429,69.28571428571429,36.23862711580096,False,False,False,False,False,True,False,False,False,False,False,False,False,False,False,False,False,False,False,False,False,False,False,False,True,False,False,False,False,False,False,False,False,False,False,False,False,True,False,False,False,False,True,False,True,False
d_1826,64,2016-01-28,11552,6,1,2016,0,1,0,62.0,68.0,0.0,96.28571428571429,71.5,35.017682608049086,False,False,False,True,False,False,False,False,False,False,False,False,False,False,False,False,False,False,False,False,False,False,False,False,True,False,False,False,False,False,False,False,False,False,False,False,False,True,False,False,False,False,True,False,True,False
d_1827,102,2016-01-29,11552,7,1,2016,0,1,0,64.0,94.0,0.0,95.71428571428571,73.78571428571429,35.584239421941625,False,False,False,False,False,False,False,False,False,False,False,False,False,False,False,False,False,False,False,False,False,False,False,False,True,False,False,False,False,False,False,False,False,False,False,False,False,True,False,False,False,False,True,False,True,False
d_1828,113,2016-01-30,11601,1,1,2016,0,1,1,102.0,144.0,0.0,96.85714285714286,77.42857142857143,35.64841544598429,False,True,False,False,False,False,False,False,False,False,False,False,False,False,False,False,False,False,False,False,False,False,False,False,True,False,False,False,False,False,False,False,False,False,False,False,False,True,False,False,False,False,True,False,True,False
d_1829,98,2016-01-31,11601,2,1,2016,0,1,1,113.0,146.0,0.0,92.42857142857143,81.46428571428571,30.34719725036157,False,False,True,False,False,False,False,False,False,False,False,False,False,False,False,False,False,False,False,False,False,False,False,False,True,False,False,False,False,False,False,False,False,False,False,False,False,True,False,False,False,False,True,False,True,False
d_1830,82,2016-02-01,11601,3,2,2016,1,1,0,98.0,87.0,0.0,85.57142857142857,84.96428571428571,19.823026533613863,True,False,False,False,False,False,False,False,False,False,False,False,False,False,False,False,False,False,False,False,False,False,False,False,True,False,False,False,False,False,False,False,False,False,False,False,False,True,False,False,False,False,True,False,True,False
d_1831,65,2016-02-02,11601,4,2,2016,1,1,0,82.0,73.0,0.0,84.85714285714286,87.89285714285714,19.85303143459044,False,False,False,False,True,False,False,False,False,False,False,False,False,False,False,False,False,False,False,False,False,False,False,False,True,False,False,False,False,False,False,False,False,False,False,False,False,True,False,False,False,False,True,False,True,False
d_1832,72,2016-02-03,11601,5,2,2016,1,1,0,65.0,62.0,0.0,83.71428571428571,90.21428571428571,20.854370331053918,False,False,False,False,False,True,False,False,False,False,False,False,False,False,False,False,False,False,False,False,False,False,False,False,True,False,False,False,False,False,False,False,False,False,False,False,False,True,False,False,False,False,True,False,True,False
d_1833,100,2016-02-04,11601,6,2,2016,1,1,0,72.0,64.0,139.0,85.14285714285714,92.78571428571429,19.41158220778261,False,False,False,True,False,False,False,False,False,False,False,False,False,False,False,False,False,False,False,False,False,False,False,False,True,False,False,False,False,False,False,False,False,False,False,False,False,True,False,False,False,False,True,False,True,False
d_1834,130,2016-02-05,11601,7,2,2016,1,1,0,100.0,102.0,111.0,90.28571428571429,91.39285714285714,17.556710831988696,False,False,False,False,False,False,False,False,False,False,False,False,False,False,False,False,False,False,False,False,False,False,False,False,True,False,False,False,False,False,False,False,False,False,False,False,False,True,False,False,False,False,True,False,True,False
d_1835,169,2016-02-06,11602,1,2,2016,1,1,1,130.0,113.0,179.0,94.28571428571429,92.07142857142857,23.012419007383794,False,True,False,False,False,False,False,False,False,False,False,False,False,False,False,False,False,False,False,False,False,False,False,False,True,False,False,False,False,False,False,False,False,False,False,False,False,True,False,False,False,False,True,False,True,False
d_1836,147,2016-02-07,11602,2,2,2016,1,1,1,169.0,98.0,118.0,102.28571428571429,91.71428571428571,36.426703967072356,False,False,True,False,False,False,False,False,False,False,False,False,False,False,False,False,False,False,False,False,False,False,False,False,False,False,False,False,False,False,False,False,True,False,False,False,False,False,False,True,False,False,True,False,True,False
d_1837,65,2016-02-08,11602,3,2,2016,1,1,0,147.0,82.0,68.0,109.28571428571429,92.75,39.99880950609303,True,False,False,False,False,False,False,False,False,False,False,False,False,False,False,False,False,False,False,False,False,False,False,False,True,False,False,False,False,False,False,False,False,False,False,False,False,True,False,False,False,False,True,False,True,False
d_1838,55,2016-02-09,11602,4,2,2016,1,1,0,65.0,65.0,59.0,106.85714285714286,92.64285714285714,42.37699285944536,False,False,False,False,True,False,False,False,False,False,False,False,False,False,False,False,False,False,False,False,False,False,False,False,True,False,False,False,False,False,False,False,False,False,False,False,False,True,False,False,False,False,True,False,True,False
d_1839,88,2016-02-10,11602,5,2,2016,1,1,0,55.0,72.0,94.0,105.42857142857143,92.5,44.15449068462921,False,False,False,False,False,True,False,False,False,False,False,False,False,False,False,False,True,False,False,False,False,False,False,False,False,False,False,False,False,False,False,False,False,False,False,False,False,False,True,False,False,False,True,False,True,False
d_1840,106,2016-02-11,11602,6,2,2016,0,1,0,88.0,100.0,53.0,107.71428571428571,92.28571428571429,42.519463330394,False,False,False,True,False,False,False,False,False,False,False,False,False,False,False,False,False,False,False,False,False,False,False,False,True,False,False,False,False,False,False,False,False,False,False,False,False,True,False,False,False,False,True,False,True,False
d_1841,118,2016-02-12,11602,7,2,2016,0,1,0,106.0,130.0,103.0,108.57142857142857,94.17857142857143,42.398337793114074,False,False,False,False,False,False,False,False,False,False,False,False,False,False,False,False,False,False,False,False,False,False,False,False,True,False,False,False,False,False,False,False,False,False,False,False,False,True,False,False,False,False,True,False,True,False
d_1842,177,2016-02-13,11603,1,2,2016,0,1,1,118.0,169.0,117.0,106.85714285714286,94.71428571428571,41.62302476365875,False,True,False,False,False,False,False,False,False,False,False,False,False,False,False,False,False,False,False,False,False,False,False,False,True,False,False,False,False,False,False,False,False,False,False,False,False,True,False,False,False,False,True,False,True,False
d_1843,107,2016-02-14,11603,2,2,2016,0,1,1,177.0,147.0,106.0,108.0,96.85714285714286,43.67302752653279,False,False,True,False,False,False,False,False,False,False,False,False,False,False,False,False,False,False,False,False,False,False,False,False,False,False,False,False,False,False,False,False,False,False,True,False,False,False,False,False,False,False,True,False,True,False
d_1844,87,2016-02-15,11603,3,2,2016,0,1,0,107.0,65.0,53.0,102.28571428571429,96.89285714285714,40.19831789894603,True,False,False,False,False,False,False,False,False,False,False,False,False,False,False,False,False,False,False,False,False,False,False,False,False,False,False,False,True,False,False,False,False,False,False,False,True,False,False,False,False,False,True,False,True,False
d_1845,90,2016-02-16,11603,4,2,2016,0,1,0,87.0,55.0,73.0,105.42857142857143,98.10714285714286,37.571519101827754,False,False,False,False,True,False,False,False,False,False,False,False,False,False,False,False,False,False,False,False,False,False,False,False,True,False,False,False,False,False,False,False,False,False,False,False,False,True,False,False,False,False,True,False,True,False
d_1846,76,2016-02-17,11603,5,2,2016,0,1,0,90.0,88.0,55.0,110.42857142857143,98.71428571428571,31.595659738098043,False,False,False,False,False,True,False,False,False,False,False,False,False,False,False,False,False,True,False,False,False,False,False,False,False,False,False,False,False,False,False,False,False,False,False,False,False,False,True,False,False,False,True,False,True,False
d_1847,74,2016-02-18,11603,6,2,2016,0,1,0,76.0,106.0,68.0,108.71428571428571,99.46428571428571,33.295216301615845,False,False,False,True,False,False,False,False,False,False,False,False,False,False,False,False,False,False,False,False,False,False,False,False,True,False,False,False,False,False,False,False,False,False,False,False,False,True,False,False,False,False,True,False,True,False
d_1848,144,2016-02-19,11603,7,2,2016,0,1,0,74.0,118.0,94.0,104.14285714285714,99.67857142857143,35.830287799702155,False,False,False,False,False,False,False,False,False,False,False,False,False,False,False,False,False,False,False,False,False,False,False,False,True,False,False,False,False,False,False,False,False,False,False,False,False,True,False,False,False,False,True,False,True,False
d_1849,145,2016-02-20,11604,1,2,2016,0,1,1,144.0,177.0,144.0,107.85714285714286,101.46428571428571,38.73598056685991,False,True,False,False,False,False,False,False,False,False,False,False,False,False,False,False,False,False,False,False,False,False,False,False,True,False,False,False,False,False,False,False,False,False,False,False,False,True,False,False,False,False,True,False,True,False
d_1850,109,2016-02-21,11604,2,2,2016,0,1,1,145.0,107.0,146.0,103.28571428571429,101.5,30.153575165111967,False,False,True,False,False,False,False,False,False,False,False,False,False,False,False,False,False,False,False,False,False,False,False,False,True,False,False,False,False,False,False,False,False,False,False,False,False,True,False,False,False,False,True,False,True,False
d_1851,142,2016-02-22,11604,3,2,2016,0,1,0,109.0,87.0,87.0,103.57142857142857,100.17857142857143,30.204067843349776,True,False,False,False,False,False,False,False,False,False,False,False,False,False,False,False,False,False,False,False,False,False,False,False,True,False,False,False,False,False,False,False,False,False,False,False,False,True,False,False,False,False,True,False,True,False
d_1852,63,2016-02-23,11604,4,2,2016,0,1,0,142.0,90.0,73.0,111.42857142857143,102.14285714285714,32.25862749124647,False,False,False,False,True,False,False,False,False,False,False,False,False,False,False,False,False,False,False,False,False,False,False,False,True,False,False,False,False,False,False,False,False,False,False,False,False,True,False,False,False,False,True,False,True,False
d_1853,78,2016-02-24,11604,5,2,2016,0,1,0,63.0,76.0,62.0,107.57142857142857,101.78571428571429,36.5734746451442,False,False,False,False,False,True,False,False,False,False,False,False,False,False,False,False,False,False,False,False,False,False,False,False,True,False,False,False,False,False,False,False,False,False,False,False,False,True,False,False,False,False,True,False,True,False
d_1854,105,2016-02-25,11604,6,2,2016,0,1,0,78.0,74.0,64.0,107.85714285714286,102.35714285714286,36.29246281451309,False,False,False,True,False,False,False,False,False,False,False,False,False,False,False,False,False,False,False,False,False,False,False,False,True,False,False,False,False,False,False,False,False,False,False,False,False,True,False,False,False,False,True,False,True,False
d_1855,156,2016-02-26,11604,7,2,2016,0,1,0,105.0,144.0,102.0,112.28571428571429,103.82142857142857,33.23509332875992,False,False,False,False,False,False,False,False,False,False,False,False,False,False,False,False,False,False,False,False,False,False,False,False,True,False,False,False,False,False,False,False,False,False,False,False,False,True,False,False,False,False,True,False,True,False
d_1856,170,2016-02-27,11605,1,2,2016,0,1,1,156.0,145.0,113.0,114.0,105.75,35.38361202590759,False,True,False,False,False,False,False,False,False,False,False,False,False,False,False,False,False,False,False,False,False,False,False,False,True,False,False,False,False,False,False,False,False,False,False,False,False,True,False,False,False,False,True,False,True,False
d_1857,122,2016-02-28,11605,2,2,2016,0,1,1,170.0,109.0,98.0,117.57142857142857,107.78571428571429,39.99523781175699,False,False,True,False,False,False,False,False,False,False,False,False,False,False,False,False,False,False,False,False,False,False,False,False,True,False,False,False,False,False,False,False,False,False,False,False,False,True,False,False,False,False,True,False,True,False
d_1858,62,2016-02-29,11605,3,2,2016,0,1,0,122.0,142.0,82.0,119.42857142857143,108.64285714285714,39.83238691842349,True,False,False,False,False,False,False,False,False,False,False,False,False,False,False,False,False,False,False,False,False,False,False,False,True,False,False,False,False,False,False,False,False,False,False,False,False,True,False,False,False,False,True,False,True,False
d_1859,128,2016-03-01,11605,4,3,2016,1,1,0,62.0,63.0,65.0,108.0,107.92857142857143,43.57751713900136,False,False,False,False,True,False,False,False,False,False,False,False,False,False,False,False,False,False,False,False,False,False,False,False,True,False,False,False,False,False,False,False,False,False,False,False,False,True,False,False,False,False,True,False,True,False
d_1860,103,2016-03-02,11605,5,3,2016,1,1,0,128.0,78.0,72.0,117.28571428571429,110.17857142857143,39.08415828147483,False,False,False,False,False,True,False,False,False,False,False,False,False,False,False,False,False,False,False,False,False,False,False,False,True,False,False,False,False,False,False,False,False,False,False,False,False,True,False,False,False,False,True,False,True,False
d_1861,80,2016-03-03,11605,6,3,2016,1,1,0,103.0,105.0,100.0,120.85714285714286,111.28571428571429,35.909277220185544,False,False,False,True,False,False,False,False,False,False,False,False,False,False,False,False,False,False,False,False,False,False,False,False,True,False,False,False,False,False,False,False,False,False,False,False,False,True,False,False,False,False,True,False,True,False
d_1862,109,2016-03-04,11605,7,3,2016,1,1,0,80.0,156.0,130.0,117.28571428571429,110.57142857142857,38.87035839691616,False,False,False,False,False,False,False,False,False,False,False,False,False,False,False,False,False,False,False,False,False,False,False,False,True,False,False,False,False,False,False,False,False,False,False,False,False,True,False,False,False,False,True,False,True,False
d_1863,125,2016-03-05,11606,1,3,2016,1,1,1,109.0,170.0,169.0,110.57142857142857,109.82142857142857,34.9278167218098,False,True,False,False,False,False,False,False,False,False,False,False,False,False,False,False,False,False,False,False,False,False,False,False,True,False,False,False,False,False,False,False,False,False,False,False,False,True,False,False,False,False,True,False,True,False
d_1864,112,2016-03-06,11606,2,3,2016,1,1,1,125.0,122.0,147.0,104.14285714285714,108.25,24.855774456039075,False,False,True,False,False,False,False,False,False,False,False,False,False,False,False,False,False,False,False,False,False,False,False,False,True,False,False,False,False,False,False,False,False,False,False,False,False,True,False,False,False,False,True,False,True,False
d_1865,73,2016-03-07,11606,3,3,2016,1,1,0,112.0,62.0,65.0,102.71428571428571,107.0,23.92846481852504,True,False,False,False,False,False,False,False,False,False,False,False,False,False,False,False,False,False,False,False,False,False,False,False,True,False,False,False,False,False,False,False,False,False,False,False,False,True,False,False,False,False,True,False,True,False
d_1866,104,2016-03-08,11606,4,3,2016,1,1,0,73.0,128.0,55.0,104.28571428571429,107.28571428571429,20.989793438035285,False,False,False,False,True,False,False,False,False,False,False,False,False,False,False,False,False,False,False,False,False,False,False,False,True,False,False,False,False,False,False,False,False,False,False,False,False,True,False,False,False,False,True,False,True,False
d_1867,108,2016-03-09,11606,5,3,2016,1,1,0,104.0,103.0,88.0,100.85714285714286,109.03571428571429,18.252201432781217,False,False,False,False,False,True,False,False,False,False,False,False,False,False,False,False,False,False,False,False,False,False,False,False,True,False,False,False,False,False,False,False,False,False,False,False,False,True,False,False,False,False,True,False,True,False
d_1868,125,2016-03-10,11606,6,3,2016,1,1,0,108.0,80.0,106.0,101.57142857142857,109.75,18.44683480398947,False,False,False,True,False,False,False,False,False,False,False,False,False,False,False,False,False,False,False,False,False,False,False,False,True,False,False,False,False,False,False,False,False,False,False,False,False,True,False,False,False,False,True,False,True,False
d_1869,136,2016-03-11,11606,7,3,2016,0,1,0,125.0,109.0,118.0,108.0,110.42857142857143,17.49285568453468,False,False,False,False,False,False,False,False,False,False,False,False,False,False,False,False,False,False,False,False,False,False,False,False,True,False,False,False,False,False,False,False,False,False,False,False,False,True,False,False,False,False,True,False,True,False
d_1870,161,2016-03-12,11607,1,3,2016,0,1,1,136.0,125.0,177.0,111.85714285714286,111.07142857142857,20.47297870713519,False,True,False,False,False,False,False,False,False,False,False,False,False,False,False,False,False,False,False,False,False,False,False,False,True,False,False,False,False,False,False,False,False,False,False,False,False,True,False,False,False,False,True,False,True,False
d_1871,111,2016-03-13,11607,2,3,2016,0,1,1,161.0,112.0,107.0,117.0,110.5,27.6043474836836,False,False,True,False,False,False,False,False,False,False,False,False,False,False,False,False,False,False,False,False,False,False,False,False,True,False,False,False,False,False,False,False,False,False,False,False,False,True,False,False,False,False,True,False,True,False
d_1872,74,2016-03-14,11607,3,3,2016,0,1,0,111.0,73.0,87.0,116.85714285714286,110.64285714285714,27.637104114025277,True,False,False,False,False,False,False,False,False,False,False,False,False,False,False,False,False,False,False,False,False,False,False,False,True,False,False,False,False,False,False,False,False,False,False,False,False,True,False,False,False,False,True,False,True,False
d_1873,75,2016-03-15,11607,4,3,2016,0,1,0,74.0,104.0,90.0,117.0,110.17857142857143,27.373953556862816,False,False,False,False,True,False,False,False,False,False,False,False,False,False,False,False,False,False,False,False,False,False,False,False,True,False,False,False,False,False,False,False,False,False,False,False,False,True,False,False,False,False,True,False,True,False
d_1874,69,2016-03-16,11607,5,3,2016,0,1,0,75.0,108.0,76.0,112.85714285714286,109.64285714285714,31.54588494784716,False,False,False,False,False,True,False,False,False,False,False,False,False,False,False,False,False,False,False,False,False,False,False,False,True,False,False,False,False,False,False,False,False,False,False,False,False,True,False,False,False,False,True,False,True,False
d_1875,87,2016-03-17,11607,6,3,2016,0,1,0,69.0,125.0,74.0,107.28571428571429,109.39285714285714,35.7151428468568,False,False,False,True,False,False,False,False,False,False,False,False,False,False,False,False,False,False,False,False,False,False,False,False,False,False,False,False,False,False,False,True,False,False,False,False,False,False,False,False,False,False,True,False,True,False
d_1876,98,2016-03-18,11607,7,3,2016,0,1,0,87.0,136.0,144.0,101.85714285714286,109.85714285714286,35.46091073951927,False,False,False,False,False,False,False,False,False,False,False,False,False,False,False,False,False,False,False,False,False,False,False,False,True,False,False,False,False,False,False,False,False,False,False,False,False,True,False,False,False,False,True,False,True,False
d_1877,182,2016-03-19,11608,1,3,2016,0,1,1,98.0,161.0,145.0,96.42857142857143,108.21428571428571,32.11363751252234,False,True,False,False,False,False,False,False,False,False,False,False,False,False,False,False,False,False,False,False,False,False,False,False,True,False,False,False,False,False,False,False,False,False,False,False,False,True,False,False,False,False,True,False,True,False
d_1878,109,2016-03-20,11608,2,3,2016,0,1,1,182.0,111.0,109.0,99.42857142857143,109.53571428571429,39.322839600996254,False,False,True,False,False,False,False,False,False,False,False,False,False,False,False,False,False,False,False,False,False,False,False,False,True,False,False,False,False,False,False,False,False,False,False,False,False,True,False,False,False,False,True,False,True,False
d_1879,63,2016-03-21,11608,3,3,2016,0,1,0,109.0,74.0,142.0,99.14285714285714,109.53571428571429,39.23191120940735,True,False,False,False,False,False,False,False,False,False,False,False,False,False,False,False,False,False,False,False,False,False,False,False,True,False,False,False,False,False,False,False,False,False,False,False,False,True,False,False,False,False,True,False,True,False
d_1880,80,2016-03-22,11608,4,3,2016,0,1,0,63.0,75.0,63.0,97.57142857142857,106.71428571428571,40.60319011628291,False,False,False,False,True,False,False,False,False,False,False,False,False,False,False,False,False,False,False,False,False,False,False,False,True,False,False,False,False,False,False,False,False,False,False,False,False,True,False,False,False,False,True,False,True,False
d_1881,90,2016-03-23,11608,5,3,2016,0,1,0,80.0,69.0,78.0,98.28571428571429,107.32142857142857,40.1817300345741,False,False,False,False,False,True,False,False,False,False,False,False,False,False,False,False,False,False,False,False,False,False,False,False,True,False,False,False,False,False,False,False,False,False,False,False,False,True,False,False,False,False,True,False,True,False
d_1882,71,2016-03-24,11608,6,3,2016,0,1,0,90.0,87.0,105.0,101.28571428571429,107.75,38.37409840727717,False,False,False,True,False,False,False,False,False,False,False,False,False,False,False,False,False,False,False,False,False,False,False,False,False,False,False,False,False,True,False,False,False,False,False,False,False,False,True,False,False,False,True,False,True,False
d_1883,153,2016-03-25,11608,7,3,2016,0,1,0,71.0,98.0,156.0,99.0,106.53571428571429,39.81624459103719,False,False,False,False,False,False,False,False,False,False,False,False,False,False,False,False,False,False,False,False,False,False,False,False,True,False,False,False,False,False,False,False,False,False,False,False,False,True,False,False,False,False,True,False,True,False
d_1884,218,2016-03-26,11609,1,3,2016,0,1,1,153.0,182.0,170.0,106.85714285714286,106.42857142857143,44.711775374534334,False,True,False,False,False,False,False,False,False,False,False,False,False,False,False,False,False,False,False,False,False,False,False,False,True,False,False,False,False,False,False,False,False,False,False,False,False,True,False,False,False,False,True,False,True,False
d_1885,212,2016-03-27,11609,2,3,2016,0,1,1,218.0,109.0,122.0,112.0,108.14285714285714,55.55177764932418,False,False,True,False,False,False,False,False,False,True,False,False,False,False,False,False,False,False,False,False,False,False,False,False,False,False,False,False,False,False,False,False,False,False,False,False,False,False,False,False,False,False,True,False,True,False
d_1886,61,2016-03-28,11609,3,3,2016,0,1,0,212.0,63.0,62.0,126.71428571428571,111.35714285714286,67.07139053703426,True,False,False,False,False,False,False,False,False,False,False,False,False,False,False,False,False,False,False,False,False,False,False,False,True,False,False,False,False,False,False,False,False,False,False,False,False,True,False,False,False,False,True,False,True,False
d_1887,62,2016-03-29,11609,4,3,2016,0,1,0,61.0,80.0,128.0,126.42857142857143,111.32142857142857,67.39153543004483,False,False,False,False,True,False,False,False,False,False,False,False,False,False,False,False,False,False,False,False,False,False,False,False,True,False,False,False,False,False,False,False,False,False,False,False,False,True,False,False,False,False,True,False,True,False
d_1888,71,2016-03-30,11609,5,3,2016,0,1,0,62.0,90.0,103.0,123.85714285714286,108.96428571428571,69.76013324583127,False,False,False,False,False,True,False,False,False,False,False,False,False,False,False,False,False,False,False,False,False,False,False,False,True,False,False,False,False,False,False,False,False,False,False,False,False,True,False,False,False,False,True,False,True,False
d_1889,130,2016-03-31,11609,6,3,2016,0,1,0,71.0,71.0,80.0,121.14285714285714,107.82142857142857,71.64130226675206,False,False,False,True,False,False,False,False,False,False,False,False,False,False,False,False,False,False,False,False,False,False,False,False,True,False,False,False,False,False,False,False,False,False,False,False,False,True,False,False,False,False,True,False,True,False
d_1890,156,2016-04-01,11609,7,4,2016,1,2,0,130.0,153.0,109.0,129.57142857142858,109.60714285714286,68.14410501003726,False,False,False,False,False,False,False,False,False,False,False,False,False,False,False,False,False,False,False,False,False,False,False,False,True,False,False,False,False,False,False,False,False,False,False,False,False,True,False,False,False,False,True,False,True,False
d_1891,133,2016-04-02,11610,1,4,2016,1,2,1,156.0,218.0,125.0,130.0,111.28571428571429,68.32520276832898,False,True,False,False,False,False,False,False,False,False,False,False,False,False,False,False,False,False,False,False,False,False,False,False,True,False,False,False,False,False,False,False,False,False,False,False,False,True,False,False,False,False,True,False,True,False
d_1892,114,2016-04-03,11610,2,4,2016,1,2,1,133.0,212.0,112.0,117.85714285714286,111.57142857142857,56.63164183689896,False,False,True,False,False,False,False,False,False,False,False,False,False,False,False,False,False,False,False,False,False,False,False,False,True,False,False,False,False,False,False,False,False,False,False,False,False,True,False,False,False,False,True,False,True,False
d_1893,80,2016-04-04,11610,3,4,2016,1,2,0,114.0,61.0,73.0,103.85714285714286,111.64285714285714,38.77898301669969,True,False,False,False,False,False,False,False,False,False,False,False,False,False,False,False,False,False,False,False,False,False,False,False,True,False,False,False,False,False,False,False,False,False,False,False,False,True,False,False,False,False,True,False,True,False
d_1894,75,2016-04-05,11610,4,4,2016,1,2,0,80.0,62.0,104.0,106.57142857142857,111.89285714285714,35.832281269161996,False,False,False,False,True,False,False,False,False,False,False,False,False,False,False,False,False,False,False,False,False,False,False,False,True,False,False,False,False,False,False,False,False,False,False,False,False,True,False,False,False,False,True,False,True,False
d_1895,113,2016-04-06,11610,5,4,2016,1,2,0,75.0,71.0,108.0,108.42857142857143,110.85714285714286,33.39090266752811,False,False,False,False,False,True,False,False,False,False,False,False,False,False,False,False,False,False,False,False,False,False,False,False,True,False,False,False,False,False,False,False,False,False,False,False,False,True,False,False,False,False,True,False,True,False
d_1896,81,2016-04-07,11610,6,4,2016,1,2,0,113.0,130.0,125.0,114.42857142857143,111.03571428571429,29.03364222677428,False,False,False,True,False,False,False,False,False,False,False,False,False,False,False,False,False,False,False,False,False,False,False,False,True,False,False,False,False,False,False,False,False,False,False,False,False,True,False,False,False,False,True,False,True,False
d_1897,107,2016-04-08,11610,7,4,2016,1,2,0,81.0,156.0,136.0,107.42857142857143,109.46428571428571,30.522435152179508,False,False,False,False,False,False,False,False,False,False,False,False,False,False,False,False,False,False,False,False,False,False,False,False,True,False,False,False,False,False,False,False,False,False,False,False,False,True,False,False,False,False,True,False,True,False
d_1898,160,2016-04-09,11611,1,4,2016,1,2,1,107.0,133.0,161.0,100.42857142857143,108.42857142857143,21.938224957495446,False,True,False,False,False,False,False,False,False,False,False,False,False,False,False,False,False,False,False,False,False,False,False,False,True,False,False,False,False,False,False,False,False,False,False,False,False,True,False,False,False,False,True,False,True,False
d_1899,124,2016-04-10,11611,2,4,2016,1,2,1,160.0,114.0,111.0,104.28571428571429,108.39285714285714,29.640705601779914,False,False,True,False,False,False,False,False,False,False,False,False,False,False,False,False,False,False,False,False,False,False,False,False,True,False,False,False,False,False,False,False,False,False,False,False,False,True,False,False,False,False,True,False,True,False
d_1900,107,2016-04-11,11611,3,4,2016,0,2,0,124.0,80.0,74.0,105.71428571428571,108.85714285714286,30.417726661242334,True,False,False,False,False,False,False,False,False,False,False,False,False,False,False,False,False,False,False,False,False,False,False,False,True,False,False,False,False,False,False,False,False,False,False,False,False,True,False,False,False,False,True,False,True,False
d_1901,84,2016-04-12,11611,4,4,2016,0,2,0,107.0,75.0,75.0,109.57142857142857,110.03571428571429,28.248050923069634,False,False,False,False,True,False,False,False,False,False,False,False,False,False,False,False,False,False,False,False,False,False,False,False,True,False,False,False,False,False,False,False,False,False,False,False,False,True,False,False,False,False,True,False,True,False
d_1902,88,2016-04-13,11611,5,4,2016,0,2,0,84.0,113.0,69.0,110.85714285714286,110.35714285714286,26.5670759363818,False,False,False,False,False,True,False,False,False,False,False,False,False,False,False,False,False,False,False,False,False,False,False,False,True,False,False,False,False,False,False,False,False,False,False,False,False,True,False,False,False,False,True,False,True,False
d_1903,90,2016-04-14,11611,6,4,2016,0,2,0,88.0,81.0,87.0,107.28571428571429,111.03571428571429,27.878990211950853,False,False,False,True,False,False,False,False,False,False,False,False,False,False,False,False,False,False,False,False,False,False,False,False,True,False,False,False,False,False,False,False,False,False,False,False,False,True,False,False,False,False,True,False,True,False
d_1904,129,2016-04-15,11611,7,4,2016,0,2,0,90.0,107.0,98.0,108.57142857142857,111.14285714285714,26.644931618458624,False,False,False,False,False,False,False,False,False,False,False,False,False,False,False,False,False,False,False,False,False,False,False,False,True,False,False,False,False,False,False,False,False,False,False,False,False,True,False,False,False,False,True,False,True,False
d_1905,160,2016-04-16,11612,1,4,2016,0,2,1,129.0,160.0,182.0,111.71428571428571,112.25,27.705079472388825,False,True,False,False,False,False,False,False,False,False,False,False,False,False,False,False,False,False,False,False,False,False,False,False,True,False,False,False,False,False,False,False,False,False,False,False,False,True,False,False,False,False,True,False,True,False
d_1906,204,2016-04-17,11612,2,4,2016,0,2,1,160.0,124.0,109.0,111.71428571428571,111.46428571428571,27.705079472388825,False,False,True,False,False,False,False,False,False,False,False,False,False,False,False,False,False,False,False,False,False,False,False,False,True,False,False,False,False,False,False,False,False,False,False,False,False,True,False,False,False,False,True,False,True,False
d_1907,86,2016-04-18,11612,3,4,2016,0,2,0,204.0,107.0,63.0,123.14285714285714,114.85714285714286,44.82718138000796,True,False,False,False,False,False,False,False,False,False,False,False,False,False,False,False,False,False,False,False,False,False,False,False,True,False,False,False,False,False,False,False,False,False,False,False,False,True,False,False,False,False,True,False,True,False
d_1908,100,2016-04-19,11612,4,4,2016,0,2,0,86.0,84.0,80.0,120.14285714285714,115.67857142857143,46.74907689437445,False,False,False,False,True,False,False,False,False,False,False,False,False,False,False,False,False,False,False,False,False,False,False,False,True,False,False,False,False,False,False,False,False,False,False,False,False,True,False,False,False,False,True,False,True,False
d_1909,88,2016-04-20,11612,5,4,2016,0,2,0,100.0,88.0,90.0,122.42857142857143,116.39285714285714,45.04759387898156,False,False,False,False,False,True,False,False,False,False,False,False,False,False,False,False,False,False,False,False,False,False,False,False,True,False,False,False,False,False,False,False,False,False,False,False,False,True,False,False,False,False,True,False,True,False
d_1910,77,2016-04-21,11612,6,4,2016,0,2,0,88.0,90.0,71.0,122.42857142857143,116.32142857142857,45.04759387898156,False,False,False,True,False,False,False,False,False,False,False,False,False,False,False,False,False,False,False,False,False,False,False,False,True,False,False,False,False,False,False,False,False,False,False,False,False,True,False,False,False,False,True,False,True,False
d_1911,141,2016-04-22,11612,7,4,2016,0,2,0,77.0,129.0,153.0,120.57142857142857,116.53571428571429,46.83964539738025,False,False,False,False,False,False,False,False,False,False,False,False,False,False,False,False,False,False,False,False,False,False,False,False,True,False,False,False,False,False,False,False,False,False,False,False,False,True,False,False,False,False,True,False,True,False
d_1912,139,2016-04-23,11613,1,4,2016,0,2,1,141.0,160.0,218.0,122.28571428571429,116.10714285714286,47.415589158398504,False,True,False,False,False,False,False,False,False,False,False,False,False,False,False,False,False,False,False,False,False,False,False,False,True,False,False,False,False,False,False,False,False,False,False,False,False,True,False,False,False,False,True,False,True,False
d_1913,130,2016-04-24,11613,2,4,2016,0,2,1,139.0,204.0,212.0,119.28571428571429,113.28571428571429,45.24641527500317,False,False,True,False,False,False,False,False,False,False,False,False,False,False,False,False,False,False,False,False,False,False,False,False,True,False,False,False,False,False,False,False,False,False,False,False,False,True,False,False,False,False,True,False,True,False
d_1914,133,2016-04-25,11613,3,4,2016,0,2,0,130.0,86.0,61.0,108.71428571428571,110.35714285714286,27.201190450138697,True,False,False,False,False,False,False,False,False,False,False,False,False,False,False,False,False,False,False,False,False,False,False,False,True,False,False,False,False,False,False,False,False,False,False,False,False,True,False,False,False,False,True,False,True,False
d_1915,117,2016-04-26,11613,4,4,2016,0,2,0,133.0,100.0,62.0,115.42857142857143,112.92857142857143,26.45031280758313,False,False,False,False,True,False,False,False,False,False,False,False,False,False,False,False,False,False,False,False,False,False,False,False,True,False,False,False,False,False,False,False,False,False,False,False,False,True,False,False,False,False,True,False,True,False
d_1916,113,2016-04-27,11613,5,4,2016,0,2,0,117.0,88.0,71.0,117.85714285714286,114.89285714285714,25.563180367007092,False,False,False,False,False,True,False,False,False,False,False,False,False,False,False,False,False,False,False,False,False,False,False,False,True,False,False,False,False,False,False,False,False,False,False,False,False,True,False,False,False,False,True,False,True,False
d_1917,99,2016-04-28,11613,6,4,2016,0,2,0,113.0,77.0,130.0,121.42857142857143,116.39285714285714,22.225039503954186,False,False,False,True,False,False,False,False,False,False,False,False,False,False,False,False,False,False,False,False,False,False,False,False,True,False,False,False,False,False,False,False,False,False,False,False,False,True,False,False,False,False,True,False,True,False
d_1918,196,2016-04-29,11613,7,4,2016,0,2,0,99.0,141.0,156.0,124.57142857142857,115.28571428571429,15.404081091894268,False,False,False,False,False,False,False,False,False,False,False,False,False,False,False,False,False,False,False,False,False,False,False,False,True,False,False,False,False,False,False,False,False,False,False,False,False,True,False,False,False,False,True,False,True,False
d_1919,132,2016-04-30,11614,1,4,2016,0,2,1,196.0,139.0,133.0,132.42857142857142,116.71428571428571,31.154759630255224,False,True,False,False,False,False,False,False,False,False,False,False,False,False,False,False,False,False,False,False,False,False,False,False,False,False,False,True,False,False,False,False,False,False,False,False,False,False,True,False,False,False,True,False,True,False
d_1920,114,2016-05-01,11614,2,5,2016,1,2,1,132.0,130.0,114.0,131.42857142857142,116.67857142857143,31.020730395747428,False,False,True,False,False,False,False,False,False,False,False,False,False,False,False,False,False,False,False,False,False,False,False,False,False,False,True,False,False,False,False,False,False,False,False,False,False,False,True,False,False,False,True,False,True,False
d_1921,114,2016-05-02,11614,3,5,2016,1,2,0,114.0,133.0,80.0,129.14285714285714,116.67857142857143,31.725008912152038,True,False,False,False,False,False,False,False,False,False,False,False,False,False,False,False,False,False,False,False,False,False,False,False,True,False,False,False,False,False,False,False,False,False,False,False,False,True,False,False,False,False,True,False,True,False
d_1922,93,2016-05-03,11614,4,5,2016,1,2,0,114.0,117.0,75.0,126.42857142857143,117.89285714285714,32.14994630818201,False,False,False,False,True,False,False,False,False,False,False,False,False,False,False,False,False,False,False,False,False,False,False,False,True,False,False,False,False,False,False,False,False,False,False,False,False,True,False,False,False,False,True,False,True,False
d_1923,77,2016-05-04,11614,5,5,2016,1,2,0,93.0,113.0,113.0,123.0,118.53571428571429,34.51569691217714,False,False,False,False,False,True,False,False,False,False,False,False,False,False,False,False,False,False,False,False,False,False,False,False,True,False,False,False,False,False,False,False,False,False,False,False,False,True,False,False,False,False,True,False,True,False
d_1924,83,2016-05-05,11614,6,5,2016,1,2,0,77.0,99.0,81.0,117.85714285714286,117.25,38.68431452767564,False,False,False,True,False,False,False,True,False,False,False,False,False,False,False,False,False,False,False,False,False,False,False,False,False,False,False,False,False,False,False,False,False,False,False,False,False,False,False,False,False,False,True,False,True,False
d_1925,138,2016-05-06,11614,7,5,2016,1,2,0,83.0,196.0,107.0,115.57142857142857,117.32142857142857,40.41805348627017,False,False,False,False,False,False,False,False,False,False,False,False,False,False,False,False,False,False,False,False,False,False,False,False,True,False,False,False,False,False,False,False,False,False,False,False,False,True,False,False,False,False,True,False,True,False
d_1926,173,2016-05-07,11615,1,5,2016,1,2,1,138.0,132.0,160.0,107.28571428571429,118.42857142857143,23.648215476818777,False,True,False,False,False,False,False,False,False,False,False,False,False,False,False,False,False,False,False,False,False,False,False,False,True,False,False,False,False,False,False,False,False,False,False,False,False,True,False,False,False,False,True,False,True,False
d_1927,167,2016-05-08,11615,2,5,2016,1,2,1,173.0,114.0,124.0,113.14285714285714,118.89285714285714,33.72154885444629,False,False,True,False,False,False,False,False,False,False,False,False,False,False,False,False,False,False,False,False,True,False,False,False,False,False,False,False,False,False,False,False,False,False,False,False,False,False,False,False,False,False,True,False,True,False
d_1928,119,2016-05-09,11615,3,5,2016,1,2,0,167.0,114.0,107.0,120.71428571428571,120.42857142857143,39.41537046091756,True,False,False,False,False,False,False,False,False,False,False,False,False,False,False,False,False,False,False,False,False,False,False,False,True,False,False,False,False,False,False,False,False,False,False,False,False,True,False,False,False,False,True,False,True,False
d_1929,119,2016-05-10,11615,4,5,2016,1,2,0,119.0,93.0,84.0,121.42857142857143,120.85714285714286,39.31860095364946,False,False,False,False,True,False,False,False,False,False,False,False,False,False,False,False,False,False,False,False,False,False,False,False,True,False,False,False,False,False,False,False,False,False,False,False,False,True,False,False,False,False,True,False,True,False
d_1930,125,2016-05-11,11615,5,5,2016,0,2,0,119.0,77.0,88.0,125.14285714285714,122.10714285714286,37.36499507751602,False,False,False,False,False,True,False,False,False,False,False,False,False,False,False,False,False,False,False,False,False,False,False,False,True,False,False,False,False,False,False,False,False,False,False,False,False,True,False,False,False,False,True,False,True,False
d_1931,89,2016-05-12,11615,6,5,2016,0,2,0,125.0,83.0,90.0,132.0,123.42857142857143,30.903074280723803,False,False,False,True,False,False,False,False,False,False,False,False,False,False,False,False,False,False,False,False,False,False,False,False,True,False,False,False,False,False,False,False,False,False,False,False,False,True,False,False,False,False,True,False,True,False
d_1932,143,2016-05-13,11615,7,5,2016,0,2,0,89.0,138.0,129.0,132.85714285714286,123.39285714285714,29.3622692778128,False,False,False,False,False,False,False,False,False,False,False,False,False,False,False,False,False,False,False,False,False,False,False,False,True,False,False,False,False,False,False,False,False,False,False,False,False,True,False,False,False,False,True,False,True,False
d_1933,156,2016-05-14,11616,1,5,2016,0,2,1,143.0,173.0,160.0,133.57142857142858,123.89285714285714,29.568322818273714,False,True,False,False,False,False,False,False,False,False,False,False,False,False,False,False,False,False,False,False,False,False,False,False,True,False,False,False,False,False,False,False,False,False,False,False,False,True,False,False,False,False,True,False,True,False
d_1934,187,2016-05-15,11616,2,5,2016,0,2,1,156.0,167.0,204.0,131.14285714285714,123.75,26.308608042669057,False,False,True,False,False,False,False,False,False,False,False,False,False,False,False,False,False,False,False,False,False,False,False,False,True,False,False,False,False,False,False,False,False,False,False,False,False,True,False,False,False,False,True,False,True,False
d_1935,76,2016-05-16,11616,3,5,2016,0,2,0,187.0,119.0,86.0,134.0,123.14285714285714,31.437769216871366,True,False,False,False,False,False,False,False,False,False,False,False,False,False,False,False,False,False,False,False,False,False,False,False,True,False,False,False,False,False,False,False,False,False,False,False,False,True,False,False,False,False,True,False,True,False
d_1936,85,2016-05-17,11616,4,5,2016,0,2,0,76.0,119.0,100.0,127.85714285714286,122.78571428571429,38.30765185281039,False,False,False,False,True,False,False,False,False,False,False,False,False,False,False,False,False,False,False,False,False,False,False,False,True,False,False,False,False,False,False,False,False,False,False,False,False,True,False,False,False,False,True,False,True,False
d_1937,69,2016-05-18,11616,5,5,2016,0,2,0,85.0,125.0,88.0,123.0,122.25,41.62931659299658,False,False,False,False,False,True,False,False,False,False,False,False,False,False,False,False,False,False,False,False,False,False,False,False,True,False,False,False,False,False,False,False,False,False,False,False,False,True,False,False,False,False,True,False,True,False
d_1938,75,2016-05-19,11616,6,5,2016,0,2,0,69.0,89.0,77.0,115.0,121.57142857142857,46.29974801947213,False,False,False,True,False,False,False,False,False,False,False,False,False,False,False,False,False,False,False,False,False,False,False,False,True,False,False,False,False,False,False,False,False,False,False,False,False,True,False,False,False,False,True,False,True,False
d_1939,110,2016-05-20,11616,7,5,2016,0,2,0,75.0,143.0,141.0,113.0,121.5,47.88527957525098,False,False,False,False,False,False,False,False,False,False,False,False,False,False,False,False,False,False,False,False,False,False,False,False,True,False,False,False,False,False,False,False,False,False,False,False,False,True,False,False,False,False,True,False,True,False
d_1940,156,2016-05-21,11617,1,5,2016,0,2,1,110.0,156.0,139.0,108.28571428571429,120.39285714285714,46.02794182419394,False,True,False,False,False,False,False,False,False,False,False,False,False,False,False,False,False,False,False,False,False,False,False,False,True,False,False,False,False,False,False,False,False,False,False,False,False,True,False,False,False,False,True,False,True,False
d_1941,99,2016-05-22,11617,2,5,2016,0,2,1,156.0,187.0,130.0,108.28571428571429,121.0,46.027941824193945,False,False,True,False,False,False,False,False,False,False,False,False,False,False,False,False,False,False,False,False,False,False,False,False,True,False,False,False,False,False,False,False,False,False,False,False,False,True,False,False,False,False,True,False,True,False
